comparison,dataset,method,reference_id,reference_size,best_match_recall,best_match_jaccard,best_match_f1
definition,GitHub-Social,PairSim-MCE,0,24,0.4166666666666667,0.4166666666666667,0.5882352941176471
definition,GitHub-Social,PairSim-MCE,1,24,0.4166666666666667,0.4166666666666667,0.5882352941176471
definition,GitHub-Social,PairSim-MCE,2,24,0.375,0.375,0.5454545454545454
definition,GitHub-Social,PairSim-MCE,3,24,0.375,0.375,0.5454545454545454
definition,GitHub-Social,PairSim-MCE,4,23,0.391304347826087,0.375,0.5454545454545454
definition,GitHub-Social,PairSim-MCE,5,23,0.391304347826087,0.375,0.5454545454545454
definition,GitHub-Social,PairSim-MCE,6,23,0.34782608695652173,0.3333333333333333,0.5
definition,GitHub-Social,PairSim-MCE,7,23,0.34782608695652173,0.3333333333333333,0.5
definition,GitHub-Social,PairSim-MCE,8,22,0.36363636363636365,0.36363636363636365,0.5333333333333333
definition,GitHub-Social,PairSim-MCE,9,22,0.36363636363636365,0.36363636363636365,0.5333333333333333
definition,GitHub-Social,PairSim-MCE,10,22,0.36363636363636365,0.36363636363636365,0.5333333333333333
definition,GitHub-Social,PairSim-MCE,11,22,0.36363636363636365,0.36363636363636365,0.5333333333333333
definition,GitHub-Social,PairSim-MCE,12,22,0.36363636363636365,0.36363636363636365,0.5333333333333333
definition,GitHub-Social,PairSim-MCE,13,22,0.36363636363636365,0.36363636363636365,0.5333333333333333
definition,GitHub-Social,PairSim-MCE,14,22,0.4090909090909091,0.4090909090909091,0.5806451612903226
definition,GitHub-Social,PairSim-MCE,15,22,0.36363636363636365,0.36363636363636365,0.5333333333333333
definition,GitHub-Social,PairSim-MCE,16,22,0.36363636363636365,0.36363636363636365,0.5333333333333333
definition,GitHub-Social,PairSim-MCE,17,22,0.36363636363636365,0.36363636363636365,0.5333333333333333
definition,GitHub-Social,PairSim-MCE,18,22,0.36363636363636365,0.34782608695652173,0.5161290322580645
definition,GitHub-Social,PairSim-MCE,19,22,0.36363636363636365,0.36363636363636365,0.5333333333333333
definition,GitHub-Social,PairSim-MCE,20,22,0.36363636363636365,0.34782608695652173,0.5161290322580645
definition,GitHub-Social,PairSim-MCE,21,21,0.38095238095238093,0.36363636363636365,0.5333333333333333
definition,GitHub-Social,PairSim-MCE,22,21,0.3333333333333333,0.30434782608695654,0.4666666666666667
definition,GitHub-Social,PairSim-MCE,23,21,0.38095238095238093,0.36363636363636365,0.5333333333333333
definition,GitHub-Social,PairSim-MCE,24,21,0.38095238095238093,0.36363636363636365,0.5333333333333333
definition,GitHub-Social,PairSim-MCE,25,20,0.35,0.35,0.5185185185185185
definition,GitHub-Social,PairSim-MCE,26,20,0.4,0.38095238095238093,0.5517241379310345
definition,GitHub-Social,PairSim-MCE,27,20,0.35,0.3181818181818182,0.4827586206896552
definition,GitHub-Social,PairSim-MCE,28,20,0.35,0.3181818181818182,0.4827586206896552
definition,GitHub-Social,PairSim-MCE,29,20,0.35,0.3181818181818182,0.4827586206896552
definition,GitHub-Social,PairSim-MCE,30,20,0.35,0.3181818181818182,0.4827586206896552
definition,GitHub-Social,PairSim-MCE,31,20,0.35,0.3181818181818182,0.4827586206896552
definition,GitHub-Social,PairSim-MCE,32,20,0.4,0.36363636363636365,0.5333333333333333
definition,GitHub-Social,PairSim-MCE,33,20,0.4,0.36363636363636365,0.5333333333333333
definition,GitHub-Social,PairSim-MCE,34,20,0.35,0.3181818181818182,0.4827586206896552
definition,GitHub-Social,PairSim-MCE,35,20,0.4,0.4,0.5714285714285714
definition,GitHub-Social,PairSim-MCE,36,20,0.4,0.38095238095238093,0.5517241379310345
definition,GitHub-Social,PairSim-MCE,37,19,0.42105263157894735,0.42105263157894735,0.5925925925925926
definition,GitHub-Social,PairSim-MCE,38,19,0.42105263157894735,0.42105263157894735,0.5925925925925926
definition,GitHub-Social,PairSim-MCE,39,19,0.42105263157894735,0.42105263157894735,0.5925925925925926
definition,GitHub-Social,PairSim-MCE,40,19,0.42105263157894735,0.42105263157894735,0.5925925925925926
definition,GitHub-Social,PairSim-MCE,41,19,0.42105263157894735,0.42105263157894735,0.5925925925925926
definition,GitHub-Social,PairSim-MCE,42,18,0.3888888888888889,0.3888888888888889,0.56
definition,GitHub-Social,PairSim-MCE,43,18,0.3888888888888889,0.3888888888888889,0.56
definition,GitHub-Social,PairSim-MCE,44,18,0.3888888888888889,0.3888888888888889,0.56
definition,GitHub-Social,PairSim-MCE,45,18,0.3888888888888889,0.3888888888888889,0.56
definition,GitHub-Social,PairSim-MCE,46,17,0.4117647058823529,0.3684210526315789,0.5384615384615384
definition,GitHub-Social,PairSim-MCE,47,17,0.47058823529411764,0.4444444444444444,0.6153846153846154
definition,GitHub-Social,PairSim-MCE,48,17,0.47058823529411764,0.4444444444444444,0.6153846153846154
definition,GitHub-Social,PairSim-MCE,49,17,0.5294117647058824,0.5,0.6666666666666666
definition,GitHub-Social,PairSim-MCE,50,17,0.5294117647058824,0.5,0.6666666666666666
definition,GitHub-Social,PairSim-MCE,51,17,0.5294117647058824,0.5,0.6666666666666666
definition,GitHub-Social,PairSim-MCE,52,17,0.5294117647058824,0.5,0.6666666666666666
definition,GitHub-Social,PairSim-MCE,53,17,0.5294117647058824,0.5,0.6666666666666666
definition,GitHub-Social,PairSim-MCE,54,17,0.5294117647058824,0.5,0.6666666666666666
definition,GitHub-Social,PairSim-MCE,55,17,0.5294117647058824,0.5,0.6666666666666666
definition,GitHub-Social,PairSim-MCE,56,17,0.47058823529411764,0.42105263157894735,0.5925925925925926
definition,GitHub-Social,PairSim-MCE,57,17,0.47058823529411764,0.42105263157894735,0.5925925925925926
definition,GitHub-Social,PairSim-MCE,58,17,0.47058823529411764,0.42105263157894735,0.5925925925925926
definition,GitHub-Social,PairSim-MCE,59,17,0.47058823529411764,0.47058823529411764,0.64
definition,GitHub-Social,PairSim-MCE,60,17,0.47058823529411764,0.47058823529411764,0.64
definition,GitHub-Social,PairSim-MCE,61,17,0.47058823529411764,0.4444444444444444,0.6153846153846154
definition,GitHub-Social,PairSim-MCE,62,17,0.47058823529411764,0.47058823529411764,0.64
definition,GitHub-Social,PairSim-MCE,63,17,0.47058823529411764,0.47058823529411764,0.64
definition,GitHub-Social,PairSim-MCE,64,17,0.47058823529411764,0.47058823529411764,0.64
definition,GitHub-Social,PairSim-MCE,65,17,0.47058823529411764,0.47058823529411764,0.64
definition,GitHub-Social,PairSim-MCE,66,17,0.47058823529411764,0.47058823529411764,0.64
definition,GitHub-Social,PairSim-MCE,67,17,0.47058823529411764,0.47058823529411764,0.64
definition,GitHub-Social,PairSim-MCE,68,17,0.4117647058823529,0.3888888888888889,0.56
definition,GitHub-Social,PairSim-MCE,69,17,0.4117647058823529,0.3888888888888889,0.56
definition,GitHub-Social,PairSim-MCE,70,17,0.4117647058823529,0.3888888888888889,0.56
definition,GitHub-Social,PairSim-MCE,71,17,0.4117647058823529,0.3888888888888889,0.56
definition,GitHub-Social,PairSim-MCE,72,17,0.4117647058823529,0.3888888888888889,0.56
definition,GitHub-Social,PairSim-MCE,73,17,0.4117647058823529,0.4117647058823529,0.5833333333333334
definition,GitHub-Social,PairSim-MCE,74,17,0.4117647058823529,0.4117647058823529,0.5833333333333334
definition,GitHub-Social,PairSim-MCE,75,17,0.4117647058823529,0.4117647058823529,0.5833333333333334
definition,GitHub-Social,PairSim-MCE,76,17,0.4117647058823529,0.4117647058823529,0.5833333333333334
definition,GitHub-Social,PairSim-MCE,77,17,0.4117647058823529,0.4117647058823529,0.5833333333333334
definition,GitHub-Social,PairSim-MCE,78,17,0.4117647058823529,0.4117647058823529,0.5833333333333334
definition,GitHub-Social,PairSim-MCE,79,17,0.4117647058823529,0.4117647058823529,0.5833333333333334
definition,GitHub-Social,PairSim-MCE,80,16,0.375,0.375,0.5454545454545454
definition,GitHub-Social,PairSim-MCE,81,16,0.375,0.375,0.5454545454545454
definition,GitHub-Social,PairSim-MCE,82,16,0.375,0.375,0.5454545454545454
definition,GitHub-Social,PairSim-MCE,83,16,0.375,0.375,0.5454545454545454
definition,GitHub-Social,PairSim-MCE,84,16,0.4375,0.3888888888888889,0.56
definition,GitHub-Social,PairSim-MCE,85,16,0.4375,0.3888888888888889,0.56
definition,GitHub-Social,PairSim-MCE,86,16,0.4375,0.3888888888888889,0.56
definition,GitHub-Social,PairSim-MCE,87,16,0.4375,0.3888888888888889,0.56
definition,GitHub-Social,PairSim-MCE,88,16,0.4375,0.3888888888888889,0.56
definition,GitHub-Social,PairSim-MCE,89,16,0.4375,0.3888888888888889,0.56
definition,GitHub-Social,PairSim-MCE,90,16,0.375,0.35294117647058826,0.5217391304347826
definition,GitHub-Social,PairSim-MCE,91,16,0.4375,0.4375,0.6086956521739131
definition,GitHub-Social,PairSim-MCE,92,16,0.4375,0.3888888888888889,0.56
definition,GitHub-Social,PairSim-MCE,93,16,0.5625,0.5294117647058824,0.6923076923076923
definition,GitHub-Social,PairSim-MCE,94,16,0.5625,0.5294117647058824,0.6923076923076923
definition,GitHub-Social,PairSim-MCE,95,16,0.5625,0.5294117647058824,0.6923076923076923
definition,GitHub-Social,PairSim-MCE,96,16,0.4375,0.3684210526315789,0.5384615384615384
definition,GitHub-Social,PairSim-MCE,97,16,0.4375,0.3684210526315789,0.5384615384615384
definition,GitHub-Social,PairSim-MCE,98,16,0.4375,0.3684210526315789,0.5384615384615384
definition,GitHub-Social,PairSim-MCE,99,16,0.4375,0.3684210526315789,0.5384615384615384
definition,GitHub-Social,PairSim-MCE,100,16,0.4375,0.3684210526315789,0.5384615384615384
definition,GitHub-Social,PairSim-MCE,101,16,0.4375,0.3684210526315789,0.5384615384615384
definition,GitHub-Social,PairSim-MCE,102,16,0.4375,0.3684210526315789,0.5384615384615384
definition,GitHub-Social,PairSim-MCE,103,16,0.4375,0.3684210526315789,0.5384615384615384
definition,GitHub-Social,PairSim-MCE,104,16,0.4375,0.3684210526315789,0.5384615384615384
definition,GitHub-Social,PairSim-MCE,105,16,0.5,0.4444444444444444,0.6153846153846154
definition,GitHub-Social,PairSim-MCE,106,16,0.5,0.4444444444444444,0.6153846153846154
definition,GitHub-Social,PairSim-MCE,107,16,0.5,0.4444444444444444,0.6153846153846154
definition,GitHub-Social,PairSim-MCE,108,16,0.5,0.4444444444444444,0.6153846153846154
definition,GitHub-Social,PairSim-MCE,109,16,0.5,0.4444444444444444,0.6153846153846154
definition,GitHub-Social,PairSim-MCE,110,16,0.5,0.4444444444444444,0.6153846153846154
definition,GitHub-Social,PairSim-MCE,111,16,0.4375,0.4117647058823529,0.5833333333333334
definition,GitHub-Social,PairSim-MCE,112,16,0.4375,0.4117647058823529,0.5833333333333334
definition,GitHub-Social,PairSim-MCE,113,16,0.4375,0.4117647058823529,0.5833333333333334
definition,GitHub-Social,PairSim-MCE,114,16,0.4375,0.4117647058823529,0.5833333333333334
definition,GitHub-Social,PairSim-MCE,115,16,0.4375,0.4117647058823529,0.5833333333333334
definition,GitHub-Social,PairSim-MCE,116,16,0.4375,0.4117647058823529,0.5833333333333334
definition,GitHub-Social,PairSim-MCE,117,16,0.4375,0.4117647058823529,0.5833333333333334
definition,GitHub-Social,PairSim-MCE,118,16,0.4375,0.4117647058823529,0.5833333333333334
definition,GitHub-Social,PairSim-MCE,119,16,0.4375,0.3888888888888889,0.56
definition,GitHub-Social,PairSim-MCE,120,16,0.4375,0.3888888888888889,0.56
definition,GitHub-Social,PairSim-MCE,121,16,0.4375,0.3888888888888889,0.56
definition,GitHub-Social,PairSim-MCE,122,16,0.4375,0.4117647058823529,0.5833333333333334
definition,GitHub-Social,PairSim-MCE,123,16,0.4375,0.4117647058823529,0.5833333333333334
definition,GitHub-Social,PairSim-MCE,124,16,0.4375,0.4117647058823529,0.5833333333333334
definition,GitHub-Social,PairSim-MCE,125,16,0.4375,0.4117647058823529,0.5833333333333334
definition,GitHub-Social,PairSim-MCE,126,16,0.4375,0.4117647058823529,0.5833333333333334
definition,GitHub-Social,PairSim-MCE,127,16,0.375,0.375,0.5454545454545454
definition,GitHub-Social,PairSim-MCE,128,16,0.375,0.35294117647058826,0.5217391304347826
definition,GitHub-Social,PairSim-MCE,129,16,0.4375,0.4375,0.6086956521739131
definition,GitHub-Social,PairSim-MCE,130,16,0.4375,0.4375,0.6086956521739131
definition,GitHub-Social,PairSim-MCE,131,16,0.4375,0.4117647058823529,0.5833333333333334
definition,GitHub-Social,PairSim-MCE,132,16,0.4375,0.4117647058823529,0.5833333333333334
definition,GitHub-Social,PairSim-MCE,133,16,0.4375,0.4117647058823529,0.5833333333333334
definition,GitHub-Social,PairSim-MCE,134,16,0.375,0.35294117647058826,0.5217391304347826
definition,GitHub-Social,PairSim-MCE,135,16,0.375,0.35294117647058826,0.5217391304347826
definition,GitHub-Social,PairSim-MCE,136,16,0.4375,0.4117647058823529,0.5833333333333334
definition,GitHub-Social,PairSim-MCE,137,16,0.4375,0.4375,0.6086956521739131
definition,GitHub-Social,PairSim-MCE,138,16,0.375,0.35294117647058826,0.5217391304347826
definition,GitHub-Social,PairSim-MCE,139,15,0.4,0.4,0.5714285714285714
definition,GitHub-Social,PairSim-MCE,140,15,0.4,0.4,0.5714285714285714
definition,GitHub-Social,PairSim-MCE,141,15,0.4,0.4,0.5714285714285714
definition,GitHub-Social,PairSim-MCE,142,15,0.4,0.4,0.5714285714285714
definition,GitHub-Social,PairSim-MCE,143,15,0.4,0.4,0.5714285714285714
definition,GitHub-Social,PairSim-MCE,144,15,0.4,0.4,0.5714285714285714
definition,GitHub-Social,PairSim-MCE,145,15,0.4,0.4,0.5714285714285714
definition,GitHub-Social,PairSim-MCE,146,15,0.4,0.4,0.5714285714285714
definition,GitHub-Social,PairSim-MCE,147,15,0.4,0.4,0.5714285714285714
definition,GitHub-Social,PairSim-MCE,148,15,0.4,0.4,0.5714285714285714
definition,GitHub-Social,PairSim-MCE,149,15,0.4,0.4,0.5714285714285714
definition,GitHub-Social,PairSim-MCE,150,15,0.4,0.4,0.5714285714285714
definition,GitHub-Social,PairSim-MCE,151,15,0.4,0.4,0.5714285714285714
definition,GitHub-Social,PairSim-MCE,152,15,0.4,0.4,0.5714285714285714
definition,GitHub-Social,PairSim-MCE,153,15,0.4,0.4,0.5714285714285714
definition,GitHub-Social,PairSim-MCE,154,15,0.3333333333333333,0.3333333333333333,0.5
definition,GitHub-Social,PairSim-MCE,155,15,0.4,0.35294117647058826,0.5217391304347826
definition,GitHub-Social,PairSim-MCE,156,15,0.4,0.35294117647058826,0.5217391304347826
definition,GitHub-Social,PairSim-MCE,157,15,0.6,0.5625,0.72
definition,GitHub-Social,PairSim-MCE,158,15,0.4,0.35294117647058826,0.5217391304347826
definition,GitHub-Social,PairSim-MCE,159,15,0.4,0.35294117647058826,0.5217391304347826
definition,GitHub-Social,PairSim-MCE,160,15,0.4,0.35294117647058826,0.5217391304347826
definition,GitHub-Social,PairSim-MCE,161,15,0.4,0.35294117647058826,0.5217391304347826
definition,GitHub-Social,PairSim-MCE,162,15,0.4,0.35294117647058826,0.5217391304347826
definition,GitHub-Social,PairSim-MCE,163,15,0.4666666666666667,0.4375,0.6086956521739131
definition,GitHub-Social,PairSim-MCE,164,15,0.4666666666666667,0.4375,0.6086956521739131
definition,GitHub-Social,PairSim-MCE,165,15,0.4666666666666667,0.4375,0.6086956521739131
definition,GitHub-Social,PairSim-MCE,166,15,0.4666666666666667,0.3888888888888889,0.56
definition,GitHub-Social,PairSim-MCE,167,15,0.4666666666666667,0.3888888888888889,0.56
definition,GitHub-Social,PairSim-MCE,168,15,0.5333333333333333,0.47058823529411764,0.64
definition,GitHub-Social,PairSim-MCE,169,15,0.5333333333333333,0.47058823529411764,0.64
definition,GitHub-Social,PairSim-MCE,170,15,0.4666666666666667,0.3888888888888889,0.56
definition,GitHub-Social,PairSim-MCE,171,15,0.4666666666666667,0.3888888888888889,0.56
definition,GitHub-Social,PairSim-MCE,172,15,0.5333333333333333,0.47058823529411764,0.64
definition,GitHub-Social,PairSim-MCE,173,15,0.5333333333333333,0.47058823529411764,0.64
definition,GitHub-Social,PairSim-MCE,174,15,0.5333333333333333,0.47058823529411764,0.64
definition,GitHub-Social,PairSim-MCE,175,15,0.4666666666666667,0.3888888888888889,0.56
definition,GitHub-Social,PairSim-MCE,176,15,0.4666666666666667,0.3888888888888889,0.56
definition,GitHub-Social,PairSim-MCE,177,15,0.5333333333333333,0.5,0.6666666666666666
definition,GitHub-Social,PairSim-MCE,178,15,0.4666666666666667,0.4375,0.6086956521739131
definition,GitHub-Social,PairSim-MCE,179,15,0.4666666666666667,0.4375,0.6086956521739131
definition,GitHub-Social,PairSim-MCE,180,15,0.4666666666666667,0.4375,0.6086956521739131
definition,GitHub-Social,PairSim-MCE,181,15,0.4666666666666667,0.4375,0.6086956521739131
definition,GitHub-Social,PairSim-MCE,182,15,0.5333333333333333,0.5333333333333333,0.6956521739130435
definition,GitHub-Social,PairSim-MCE,183,15,0.5333333333333333,0.5333333333333333,0.6956521739130435
definition,GitHub-Social,PairSim-MCE,184,15,0.5333333333333333,0.5333333333333333,0.6956521739130435
definition,GitHub-Social,PairSim-MCE,185,15,0.5333333333333333,0.5333333333333333,0.6956521739130435
definition,GitHub-Social,PairSim-MCE,186,15,0.4666666666666667,0.4117647058823529,0.5833333333333334
definition,GitHub-Social,PairSim-MCE,187,15,0.4,0.375,0.5454545454545454
definition,GitHub-Social,PairSim-MCE,188,15,0.4666666666666667,0.4666666666666667,0.6363636363636364
definition,GitHub-Social,PairSim-MCE,189,15,0.4666666666666667,0.4666666666666667,0.6363636363636364
definition,GitHub-Social,PairSim-MCE,190,15,0.4666666666666667,0.4666666666666667,0.6363636363636364
definition,GitHub-Social,PairSim-MCE,191,15,0.4,0.4,0.5714285714285714
definition,GitHub-Social,PairSim-MCE,192,15,0.4,0.4,0.5714285714285714
definition,GitHub-Social,PairSim-MCE,193,15,0.4,0.4,0.5714285714285714
definition,GitHub-Social,PairSim-MCE,194,15,0.4,0.4,0.5714285714285714
definition,GitHub-Social,PairSim-MCE,195,15,0.4,0.4,0.5714285714285714
definition,GitHub-Social,PairSim-MCE,196,15,0.3333333333333333,0.3125,0.47619047619047616
definition,GitHub-Social,PairSim-MCE,197,15,0.3333333333333333,0.3125,0.47619047619047616
definition,GitHub-Social,PairSim-MCE,198,15,0.4,0.35294117647058826,0.5217391304347826
definition,GitHub-Social,PairSim-MCE,199,15,0.4,0.35294117647058826,0.5217391304347826
definition,GitHub-Social,PairSim-MCE,200,15,0.4,0.35294117647058826,0.5217391304347826
definition,GitHub-Social,PairSim-MCE,201,15,0.3333333333333333,0.3125,0.47619047619047616
definition,GitHub-Social,PairSim-MCE,202,15,0.4,0.35294117647058826,0.5217391304347826
definition,GitHub-Social,PairSim-MCE,203,15,0.4,0.35294117647058826,0.5217391304347826
definition,GitHub-Social,PairSim-MCE,204,15,0.4,0.35294117647058826,0.5217391304347826
definition,GitHub-Social,PairSim-MCE,205,15,0.4,0.35294117647058826,0.5217391304347826
definition,GitHub-Social,PairSim-MCE,206,15,0.3333333333333333,0.3125,0.47619047619047616
definition,GitHub-Social,PairSim-MCE,207,15,0.3333333333333333,0.3125,0.47619047619047616
definition,GitHub-Social,PairSim-MCE,208,15,0.3333333333333333,0.3125,0.47619047619047616
definition,GitHub-Social,PairSim-MCE,209,15,0.4,0.35294117647058826,0.5217391304347826
definition,GitHub-Social,PairSim-MCE,210,15,0.4,0.375,0.5454545454545454
definition,GitHub-Social,PairSim-MCE,211,15,0.4,0.375,0.5454545454545454
definition,GitHub-Social,PairSim-MCE,212,15,0.4,0.375,0.5454545454545454
definition,GitHub-Social,PairSim-MCE,213,15,0.4,0.375,0.5454545454545454
definition,GitHub-Social,PairSim-MCE,214,15,0.4666666666666667,0.4375,0.6086956521739131
definition,GitHub-Social,PairSim-MCE,215,15,0.4,0.375,0.5454545454545454
definition,GitHub-Social,PairSim-MCE,216,15,0.4666666666666667,0.4375,0.6086956521739131
definition,GitHub-Social,PairSim-MCE,217,15,0.4,0.375,0.5454545454545454
definition,GitHub-Social,PairSim-MCE,218,15,0.4,0.3333333333333333,0.5
definition,GitHub-Social,PairSim-MCE,219,15,0.4666666666666667,0.4375,0.6086956521739131
definition,GitHub-Social,PairSim-MCE,220,15,0.4666666666666667,0.4666666666666667,0.6363636363636364
definition,GitHub-Social,PairSim-MCE,221,15,0.4666666666666667,0.4117647058823529,0.5833333333333334
definition,GitHub-Social,PairSim-MCE,222,14,0.42857142857142855,0.42857142857142855,0.6
definition,GitHub-Social,PairSim-MCE,223,14,0.42857142857142855,0.42857142857142855,0.6
definition,GitHub-Social,PairSim-MCE,224,14,0.42857142857142855,0.42857142857142855,0.6
definition,GitHub-Social,PairSim-MCE,225,14,0.42857142857142855,0.42857142857142855,0.6
definition,GitHub-Social,PairSim-MCE,226,14,0.42857142857142855,0.42857142857142855,0.6
definition,GitHub-Social,PairSim-MCE,227,14,0.42857142857142855,0.42857142857142855,0.6
definition,GitHub-Social,PairSim-MCE,228,14,0.42857142857142855,0.42857142857142855,0.6
definition,GitHub-Social,PairSim-MCE,229,14,0.42857142857142855,0.42857142857142855,0.6
definition,GitHub-Social,PairSim-MCE,230,14,0.42857142857142855,0.42857142857142855,0.6
definition,GitHub-Social,PairSim-MCE,231,14,0.42857142857142855,0.42857142857142855,0.6
definition,GitHub-Social,PairSim-MCE,232,14,0.42857142857142855,0.42857142857142855,0.6
definition,GitHub-Social,PairSim-MCE,233,14,0.42857142857142855,0.42857142857142855,0.6
definition,GitHub-Social,PairSim-MCE,234,14,0.42857142857142855,0.42857142857142855,0.6
definition,GitHub-Social,PairSim-MCE,235,14,0.42857142857142855,0.42857142857142855,0.6
definition,GitHub-Social,PairSim-MCE,236,14,0.42857142857142855,0.42857142857142855,0.6
definition,GitHub-Social,PairSim-MCE,237,14,0.42857142857142855,0.42857142857142855,0.6
definition,GitHub-Social,PairSim-MCE,238,14,0.42857142857142855,0.42857142857142855,0.6
definition,GitHub-Social,PairSim-MCE,239,14,0.42857142857142855,0.42857142857142855,0.6
definition,GitHub-Social,PairSim-MCE,240,14,0.42857142857142855,0.42857142857142855,0.6
definition,GitHub-Social,PairSim-MCE,241,14,0.42857142857142855,0.42857142857142855,0.6
definition,GitHub-Social,PairSim-MCE,242,14,0.42857142857142855,0.42857142857142855,0.6
definition,GitHub-Social,PairSim-MCE,243,14,0.42857142857142855,0.42857142857142855,0.6
definition,GitHub-Social,PairSim-MCE,244,14,0.35714285714285715,0.35714285714285715,0.5263157894736842
definition,GitHub-Social,PairSim-MCE,245,14,0.35714285714285715,0.35714285714285715,0.5263157894736842
definition,GitHub-Social,PairSim-MCE,246,14,0.35714285714285715,0.35714285714285715,0.5263157894736842
definition,GitHub-Social,PairSim-MCE,247,14,0.35714285714285715,0.35714285714285715,0.5263157894736842
definition,GitHub-Social,PairSim-MCE,248,14,0.35714285714285715,0.35714285714285715,0.5263157894736842
definition,GitHub-Social,PairSim-MCE,249,14,0.42857142857142855,0.42857142857142855,0.6
definition,GitHub-Social,PairSim-MCE,250,14,0.42857142857142855,0.42857142857142855,0.6
definition,GitHub-Social,PairSim-MCE,251,14,0.42857142857142855,0.42857142857142855,0.6
definition,GitHub-Social,PairSim-MCE,252,14,0.42857142857142855,0.42857142857142855,0.6
definition,GitHub-Social,PairSim-MCE,253,14,0.42857142857142855,0.42857142857142855,0.6
definition,GitHub-Social,PairSim-MCE,254,14,0.42857142857142855,0.42857142857142855,0.6
definition,GitHub-Social,PairSim-MCE,255,14,0.42857142857142855,0.42857142857142855,0.6
definition,GitHub-Social,PairSim-MCE,256,14,0.42857142857142855,0.42857142857142855,0.6
definition,GitHub-Social,PairSim-MCE,257,14,0.42857142857142855,0.42857142857142855,0.6
definition,GitHub-Social,PairSim-MCE,258,14,0.35714285714285715,0.35714285714285715,0.5263157894736842
definition,GitHub-Social,PairSim-MCE,259,14,0.42857142857142855,0.42857142857142855,0.6
definition,GitHub-Social,PairSim-MCE,260,14,0.42857142857142855,0.42857142857142855,0.6
definition,GitHub-Social,PairSim-MCE,261,14,0.42857142857142855,0.42857142857142855,0.6
definition,GitHub-Social,PairSim-MCE,262,14,0.42857142857142855,0.42857142857142855,0.6
definition,GitHub-Social,PairSim-MCE,263,14,0.42857142857142855,0.42857142857142855,0.6
definition,GitHub-Social,PairSim-MCE,264,14,0.35714285714285715,0.35714285714285715,0.5263157894736842
definition,GitHub-Social,PairSim-MCE,265,14,0.42857142857142855,0.375,0.5454545454545454
definition,GitHub-Social,PairSim-MCE,266,14,0.42857142857142855,0.375,0.5454545454545454
definition,GitHub-Social,PairSim-MCE,267,14,0.5,0.4117647058823529,0.5833333333333334
definition,GitHub-Social,PairSim-MCE,268,14,0.5,0.4117647058823529,0.5833333333333334
definition,GitHub-Social,PairSim-MCE,269,14,0.5,0.4117647058823529,0.5833333333333334
definition,GitHub-Social,PairSim-MCE,270,14,0.5,0.4117647058823529,0.5833333333333334
definition,GitHub-Social,PairSim-MCE,271,14,0.5,0.4117647058823529,0.5833333333333334
definition,GitHub-Social,PairSim-MCE,272,14,0.5,0.4117647058823529,0.5833333333333334
definition,GitHub-Social,PairSim-MCE,273,14,0.5,0.4117647058823529,0.5833333333333334
definition,GitHub-Social,PairSim-MCE,274,14,0.5714285714285714,0.5,0.6666666666666666
definition,GitHub-Social,PairSim-MCE,275,14,0.5,0.4666666666666667,0.6363636363636364
definition,GitHub-Social,PairSim-MCE,276,14,0.35714285714285715,0.3333333333333333,0.5
definition,GitHub-Social,PairSim-MCE,277,14,0.35714285714285715,0.3333333333333333,0.5
definition,GitHub-Social,PairSim-MCE,278,14,0.35714285714285715,0.3333333333333333,0.5
definition,GitHub-Social,PairSim-MCE,279,14,0.35714285714285715,0.3333333333333333,0.5
definition,GitHub-Social,PairSim-MCE,280,14,0.35714285714285715,0.3333333333333333,0.5
definition,GitHub-Social,PairSim-MCE,281,14,0.35714285714285715,0.3333333333333333,0.5
definition,GitHub-Social,PairSim-MCE,282,14,0.35714285714285715,0.3333333333333333,0.5
definition,GitHub-Social,PairSim-MCE,283,14,0.35714285714285715,0.3333333333333333,0.5
definition,GitHub-Social,PairSim-MCE,284,14,0.35714285714285715,0.3333333333333333,0.5
definition,GitHub-Social,PairSim-MCE,285,14,0.35714285714285715,0.3333333333333333,0.5
definition,GitHub-Social,PairSim-MCE,286,14,0.42857142857142855,0.375,0.5454545454545454
definition,GitHub-Social,PairSim-MCE,287,14,0.5,0.4666666666666667,0.6363636363636364
definition,GitHub-Social,PairSim-MCE,288,14,0.5,0.4666666666666667,0.6363636363636364
definition,GitHub-Social,PairSim-MCE,289,14,0.5,0.4666666666666667,0.6363636363636364
definition,GitHub-Social,PairSim-MCE,290,14,0.42857142857142855,0.35294117647058826,0.5217391304347826
definition,GitHub-Social,PairSim-MCE,291,14,0.5,0.4666666666666667,0.6363636363636364
definition,GitHub-Social,PairSim-MCE,292,14,0.42857142857142855,0.375,0.5454545454545454
definition,GitHub-Social,PairSim-MCE,293,14,0.5714285714285714,0.5714285714285714,0.7272727272727273
definition,GitHub-Social,PairSim-MCE,294,14,0.5,0.4666666666666667,0.6363636363636364
definition,GitHub-Social,PairSim-MCE,295,13,0.46153846153846156,0.46153846153846156,0.631578947368421
definition,GitHub-Social,PairSim-MCE,296,13,0.46153846153846156,0.46153846153846156,0.631578947368421
definition,GitHub-Social,PairSim-MCE,297,13,0.46153846153846156,0.46153846153846156,0.631578947368421
definition,GitHub-Social,PairSim-MCE,298,13,0.46153846153846156,0.46153846153846156,0.631578947368421
definition,GitHub-Social,PairSim-MCE,299,13,0.46153846153846156,0.46153846153846156,0.631578947368421
definition,GitHub-Social,PairSim-MCE,300,13,0.46153846153846156,0.46153846153846156,0.631578947368421
definition,GitHub-Social,PairSim-MCE,301,13,0.46153846153846156,0.46153846153846156,0.631578947368421
definition,GitHub-Social,PairSim-MCE,302,13,0.46153846153846156,0.46153846153846156,0.631578947368421
definition,GitHub-Social,PairSim-MCE,303,13,0.46153846153846156,0.46153846153846156,0.631578947368421
definition,GitHub-Social,PairSim-MCE,304,13,0.46153846153846156,0.46153846153846156,0.631578947368421
definition,GitHub-Social,PairSim-MCE,305,13,0.46153846153846156,0.46153846153846156,0.631578947368421
definition,GitHub-Social,PairSim-MCE,306,13,0.46153846153846156,0.46153846153846156,0.631578947368421
definition,GitHub-Social,PairSim-MCE,307,13,0.38461538461538464,0.38461538461538464,0.5555555555555556
definition,GitHub-Social,PairSim-MCE,308,13,0.38461538461538464,0.38461538461538464,0.5555555555555556
definition,GitHub-Social,PairSim-MCE,309,13,0.38461538461538464,0.38461538461538464,0.5555555555555556
definition,GitHub-Social,PairSim-MCE,310,13,0.46153846153846156,0.46153846153846156,0.631578947368421
definition,GitHub-Social,PairSim-MCE,311,13,0.38461538461538464,0.38461538461538464,0.5555555555555556
definition,GitHub-Social,PairSim-MCE,312,13,0.38461538461538464,0.38461538461538464,0.5555555555555556
definition,GitHub-Social,PairSim-MCE,313,13,0.46153846153846156,0.46153846153846156,0.631578947368421
definition,GitHub-Social,PairSim-MCE,314,13,0.46153846153846156,0.46153846153846156,0.631578947368421
definition,GitHub-Social,PairSim-MCE,315,13,0.46153846153846156,0.46153846153846156,0.631578947368421
definition,GitHub-Social,PairSim-MCE,316,13,0.38461538461538464,0.38461538461538464,0.5555555555555556
definition,GitHub-Social,PairSim-MCE,317,13,0.46153846153846156,0.46153846153846156,0.631578947368421
definition,GitHub-Social,PairSim-MCE,318,13,0.46153846153846156,0.46153846153846156,0.631578947368421
definition,GitHub-Social,PairSim-MCE,319,13,0.46153846153846156,0.46153846153846156,0.631578947368421
definition,GitHub-Social,PairSim-MCE,320,13,0.46153846153846156,0.46153846153846156,0.631578947368421
definition,GitHub-Social,PairSim-MCE,321,13,0.46153846153846156,0.46153846153846156,0.631578947368421
definition,GitHub-Social,PairSim-MCE,322,13,0.46153846153846156,0.46153846153846156,0.631578947368421
definition,GitHub-Social,PairSim-MCE,323,13,0.46153846153846156,0.46153846153846156,0.631578947368421
definition,GitHub-Social,PairSim-MCE,324,13,0.46153846153846156,0.46153846153846156,0.631578947368421
definition,GitHub-Social,PairSim-MCE,325,13,0.46153846153846156,0.46153846153846156,0.631578947368421
definition,GitHub-Social,PairSim-MCE,326,13,0.46153846153846156,0.46153846153846156,0.631578947368421
definition,GitHub-Social,PairSim-MCE,327,13,0.38461538461538464,0.38461538461538464,0.5555555555555556
definition,GitHub-Social,PairSim-MCE,328,13,0.46153846153846156,0.375,0.5454545454545454
definition,GitHub-Social,PairSim-MCE,329,13,0.46153846153846156,0.35714285714285715,0.5263157894736842
definition,GitHub-Social,PairSim-MCE,330,13,0.46153846153846156,0.35714285714285715,0.5263157894736842
definition,GitHub-Social,PairSim-MCE,331,13,0.46153846153846156,0.35714285714285715,0.5263157894736842
definition,GitHub-Social,PairSim-MCE,332,13,0.46153846153846156,0.35714285714285715,0.5263157894736842
definition,GitHub-Social,PairSim-MCE,333,13,0.5384615384615384,0.4375,0.6086956521739131
definition,GitHub-Social,PairSim-MCE,334,13,0.46153846153846156,0.4,0.5714285714285714
definition,GitHub-Social,PairSim-MCE,335,13,0.5384615384615384,0.5384615384615384,0.7
definition,GitHub-Social,PairSim-MCE,336,13,0.46153846153846156,0.46153846153846156,0.631578947368421
definition,GitHub-Social,PairSim-MCE,337,13,0.5384615384615384,0.5,0.6666666666666666
definition,GitHub-Social,PairSim-MCE,338,13,0.5384615384615384,0.5,0.6666666666666666
definition,GitHub-Social,PairSim-MCE,339,13,0.46153846153846156,0.4,0.5714285714285714
definition,GitHub-Social,PairSim-MCE,340,13,0.38461538461538464,0.35714285714285715,0.5263157894736842
definition,GitHub-Social,PairSim-MCE,341,13,0.38461538461538464,0.35714285714285715,0.5263157894736842
definition,GitHub-Social,PairSim-MCE,342,13,0.46153846153846156,0.46153846153846156,0.631578947368421
definition,GitHub-Social,PairSim-MCE,343,13,0.46153846153846156,0.46153846153846156,0.631578947368421
definition,GitHub-Social,PairSim-MCE,344,13,0.46153846153846156,0.46153846153846156,0.631578947368421
definition,GitHub-Social,PairSim-MCE,345,13,0.46153846153846156,0.46153846153846156,0.631578947368421
definition,GitHub-Social,PairSim-MCE,346,13,0.46153846153846156,0.46153846153846156,0.631578947368421
definition,GitHub-Social,PairSim-MCE,347,13,0.46153846153846156,0.4,0.5714285714285714
definition,GitHub-Social,PairSim-MCE,348,13,0.46153846153846156,0.42857142857142855,0.6
definition,GitHub-Social,PairSim-MCE,349,13,0.46153846153846156,0.42857142857142855,0.6
definition,GitHub-Social,PairSim-MCE,350,13,0.46153846153846156,0.42857142857142855,0.6
definition,GitHub-Social,PairSim-MCE,351,13,0.46153846153846156,0.46153846153846156,0.631578947368421
definition,GitHub-Social,PairSim-MCE,352,13,0.5384615384615384,0.5384615384615384,0.7
definition,GitHub-Social,PairSim-MCE,353,13,0.5384615384615384,0.5384615384615384,0.7
definition,GitHub-Social,PairSim-MCE,354,13,0.5384615384615384,0.5384615384615384,0.7
definition,GitHub-Social,PairSim-MCE,355,13,0.38461538461538464,0.35714285714285715,0.5263157894736842
definition,GitHub-Social,PairSim-MCE,356,13,0.46153846153846156,0.38461538461538464,0.5555555555555556
definition,GitHub-Social,PairSim-MCE,357,13,0.5384615384615384,0.5384615384615384,0.7
definition,GitHub-Social,PairSim-MCE,358,13,0.5384615384615384,0.5384615384615384,0.7
definition,GitHub-Social,PairSim-MCE,359,13,0.46153846153846156,0.46153846153846156,0.631578947368421
definition,GitHub-Social,PairSim-MCE,360,12,0.5,0.5,0.6666666666666666
definition,GitHub-Social,PairSim-MCE,361,12,0.5,0.5,0.6666666666666666
definition,GitHub-Social,PairSim-MCE,362,12,0.5,0.5,0.6666666666666666
definition,GitHub-Social,PairSim-MCE,363,12,0.5,0.5,0.6666666666666666
definition,GitHub-Social,PairSim-MCE,364,12,0.5,0.5,0.6666666666666666
definition,GitHub-Social,PairSim-MCE,365,12,0.5,0.5,0.6666666666666666
definition,GitHub-Social,PairSim-MCE,366,12,0.4166666666666667,0.4166666666666667,0.5882352941176471
definition,GitHub-Social,PairSim-MCE,367,12,0.4166666666666667,0.4166666666666667,0.5882352941176471
definition,GitHub-Social,PairSim-MCE,368,12,0.4166666666666667,0.4166666666666667,0.5882352941176471
definition,GitHub-Social,PairSim-MCE,369,12,0.4166666666666667,0.4166666666666667,0.5882352941176471
definition,GitHub-Social,PairSim-MCE,370,12,0.4166666666666667,0.4166666666666667,0.5882352941176471
definition,GitHub-Social,PairSim-MCE,371,12,0.4166666666666667,0.4166666666666667,0.5882352941176471
definition,GitHub-Social,PairSim-MCE,372,12,0.4166666666666667,0.4166666666666667,0.5882352941176471
definition,GitHub-Social,PairSim-MCE,373,12,0.4166666666666667,0.4166666666666667,0.5882352941176471
definition,GitHub-Social,PairSim-MCE,374,12,0.4166666666666667,0.4166666666666667,0.5882352941176471
definition,GitHub-Social,PairSim-MCE,375,12,0.4166666666666667,0.4166666666666667,0.5882352941176471
definition,GitHub-Social,PairSim-MCE,376,12,0.4166666666666667,0.4166666666666667,0.5882352941176471
definition,GitHub-Social,PairSim-MCE,377,12,0.4166666666666667,0.4166666666666667,0.5882352941176471
definition,GitHub-Social,PairSim-MCE,378,12,0.4166666666666667,0.4166666666666667,0.5882352941176471
definition,GitHub-Social,PairSim-MCE,379,12,0.4166666666666667,0.4166666666666667,0.5882352941176471
definition,GitHub-Social,PairSim-MCE,380,12,0.4166666666666667,0.4166666666666667,0.5882352941176471
definition,GitHub-Social,PairSim-MCE,381,12,0.4166666666666667,0.4166666666666667,0.5882352941176471
definition,GitHub-Social,PairSim-MCE,382,12,0.4166666666666667,0.4166666666666667,0.5882352941176471
definition,GitHub-Social,PairSim-MCE,383,12,0.4166666666666667,0.4166666666666667,0.5882352941176471
definition,GitHub-Social,PairSim-MCE,384,12,0.4166666666666667,0.4166666666666667,0.5882352941176471
definition,GitHub-Social,PairSim-MCE,385,12,0.4166666666666667,0.4166666666666667,0.5882352941176471
definition,GitHub-Social,PairSim-MCE,386,12,0.4166666666666667,0.4166666666666667,0.5882352941176471
definition,GitHub-Social,PairSim-MCE,387,12,0.4166666666666667,0.4166666666666667,0.5882352941176471
definition,GitHub-Social,PairSim-MCE,388,12,0.4166666666666667,0.4166666666666667,0.5882352941176471
definition,GitHub-Social,PairSim-MCE,389,12,0.5,0.5,0.6666666666666666
definition,GitHub-Social,PairSim-MCE,390,12,0.5,0.5,0.6666666666666666
definition,GitHub-Social,PairSim-MCE,391,12,0.5,0.5,0.6666666666666666
definition,GitHub-Social,PairSim-MCE,392,12,0.5,0.5,0.6666666666666666
definition,GitHub-Social,PairSim-MCE,393,12,0.4166666666666667,0.38461538461538464,0.5555555555555556
definition,GitHub-Social,PairSim-MCE,394,12,0.4166666666666667,0.4166666666666667,0.5882352941176471
definition,GitHub-Social,PairSim-MCE,395,12,0.5,0.5,0.6666666666666666
definition,GitHub-Social,PairSim-MCE,396,12,0.5,0.5,0.6666666666666666
definition,GitHub-Social,PairSim-MCE,397,12,0.5,0.5,0.6666666666666666
definition,GitHub-Social,PairSim-MCE,398,12,0.5,0.5,0.6666666666666666
definition,GitHub-Social,PairSim-MCE,399,12,0.5,0.5,0.6666666666666666
definition,GitHub-Social,PairSim-MCE,400,12,0.4166666666666667,0.4166666666666667,0.5882352941176471
definition,GitHub-Social,PairSim-MCE,401,12,0.4166666666666667,0.4166666666666667,0.5882352941176471
definition,GitHub-Social,PairSim-MCE,402,12,0.4166666666666667,0.4166666666666667,0.5882352941176471
definition,GitHub-Social,PairSim-MCE,403,12,0.4166666666666667,0.4166666666666667,0.5882352941176471
definition,GitHub-Social,PairSim-MCE,404,12,0.5,0.5,0.6666666666666666
definition,GitHub-Social,PairSim-MCE,405,12,0.5,0.5,0.6666666666666666
definition,GitHub-Social,PairSim-MCE,406,12,0.5,0.5,0.6666666666666666
definition,GitHub-Social,PairSim-MCE,407,12,0.4166666666666667,0.4166666666666667,0.5882352941176471
definition,GitHub-Social,PairSim-MCE,408,12,0.4166666666666667,0.4166666666666667,0.5882352941176471
definition,GitHub-Social,PairSim-MCE,409,12,0.4166666666666667,0.4166666666666667,0.5882352941176471
definition,GitHub-Social,PairSim-MCE,410,12,0.4166666666666667,0.4166666666666667,0.5882352941176471
definition,GitHub-Social,PairSim-MCE,411,12,0.4166666666666667,0.4166666666666667,0.5882352941176471
definition,GitHub-Social,PairSim-MCE,412,12,0.4166666666666667,0.4166666666666667,0.5882352941176471
definition,GitHub-Social,PairSim-MCE,413,12,0.4166666666666667,0.4166666666666667,0.5882352941176471
definition,GitHub-Social,PairSim-MCE,414,12,0.4166666666666667,0.4166666666666667,0.5882352941176471
definition,GitHub-Social,PairSim-MCE,415,12,0.4166666666666667,0.4166666666666667,0.5882352941176471
definition,GitHub-Social,PairSim-MCE,416,12,0.5,0.5,0.6666666666666666
definition,GitHub-Social,PairSim-MCE,417,12,0.5,0.5,0.6666666666666666
definition,GitHub-Social,PairSim-MCE,418,12,0.5,0.5,0.6666666666666666
definition,GitHub-Social,PairSim-MCE,419,12,0.5,0.5,0.6666666666666666
definition,GitHub-Social,PairSim-MCE,420,12,0.5,0.5,0.6666666666666666
definition,GitHub-Social,PairSim-MCE,421,12,0.5,0.5,0.6666666666666666
definition,GitHub-Social,PairSim-MCE,422,12,0.5,0.5,0.6666666666666666
definition,GitHub-Social,PairSim-MCE,423,12,0.4166666666666667,0.38461538461538464,0.5555555555555556
definition,GitHub-Social,PairSim-MCE,424,12,0.5,0.42857142857142855,0.6
definition,GitHub-Social,PairSim-MCE,425,12,0.4166666666666667,0.38461538461538464,0.5555555555555556
definition,GitHub-Social,PairSim-MCE,426,12,0.4166666666666667,0.4166666666666667,0.5882352941176471
definition,GitHub-Social,PairSim-MCE,427,12,0.4166666666666667,0.4166666666666667,0.5882352941176471
definition,GitHub-Social,PairSim-MCE,428,12,0.4166666666666667,0.4166666666666667,0.5882352941176471
definition,GitHub-Social,PairSim-MCE,429,12,0.4166666666666667,0.4166666666666667,0.5882352941176471
definition,GitHub-Social,PairSim-MCE,430,12,0.3333333333333333,0.3333333333333333,0.5
definition,GitHub-Social,PairSim-MCE,431,12,0.3333333333333333,0.3333333333333333,0.5
definition,GitHub-Social,PairSim-MCE,432,12,0.5,0.42857142857142855,0.6
definition,GitHub-Social,PairSim-MCE,433,12,0.5,0.42857142857142855,0.6
definition,GitHub-Social,PairSim-MCE,434,12,0.4166666666666667,0.38461538461538464,0.5555555555555556
definition,GitHub-Social,PairSim-MCE,435,12,0.4166666666666667,0.38461538461538464,0.5555555555555556
definition,GitHub-Social,PairSim-MCE,436,12,0.4166666666666667,0.38461538461538464,0.5555555555555556
definition,GitHub-Social,PairSim-MCE,437,12,0.4166666666666667,0.38461538461538464,0.5555555555555556
definition,GitHub-Social,PairSim-MCE,438,12,0.4166666666666667,0.38461538461538464,0.5555555555555556
definition,GitHub-Social,PairSim-MCE,439,12,0.4166666666666667,0.4166666666666667,0.5882352941176471
definition,GitHub-Social,PairSim-MCE,440,12,0.4166666666666667,0.4166666666666667,0.5882352941176471
definition,GitHub-Social,PairSim-MCE,441,12,0.4166666666666667,0.4166666666666667,0.5882352941176471
definition,GitHub-Social,PairSim-MCE,442,12,0.4166666666666667,0.4166666666666667,0.5882352941176471
definition,GitHub-Social,PairSim-MCE,443,12,0.4166666666666667,0.4166666666666667,0.5882352941176471
definition,GitHub-Social,PairSim-MCE,444,12,0.5,0.46153846153846156,0.631578947368421
definition,GitHub-Social,PairSim-MCE,445,12,0.4166666666666667,0.4166666666666667,0.5882352941176471
definition,GitHub-Social,PairSim-MCE,446,11,0.45454545454545453,0.4166666666666667,0.5882352941176471
definition,GitHub-Social,PairSim-MCE,447,11,0.45454545454545453,0.4166666666666667,0.5882352941176471
definition,GitHub-Social,PairSim-MCE,448,11,0.5454545454545454,0.5454545454545454,0.7058823529411765
definition,GitHub-Social,PairSim-MCE,449,11,0.5454545454545454,0.5454545454545454,0.7058823529411765
definition,GitHub-Social,PairSim-MCE,450,11,0.5454545454545454,0.5454545454545454,0.7058823529411765
definition,GitHub-Social,PairSim-MCE,451,11,0.5454545454545454,0.5454545454545454,0.7058823529411765
definition,GitHub-Social,PairSim-MCE,452,11,0.5454545454545454,0.5454545454545454,0.7058823529411765
definition,GitHub-Social,PairSim-MCE,453,11,0.45454545454545453,0.45454545454545453,0.625
definition,GitHub-Social,PairSim-MCE,454,11,0.45454545454545453,0.45454545454545453,0.625
definition,GitHub-Social,PairSim-MCE,455,11,0.45454545454545453,0.45454545454545453,0.625
definition,GitHub-Social,PairSim-MCE,456,11,0.45454545454545453,0.45454545454545453,0.625
definition,GitHub-Social,PairSim-MCE,457,11,0.45454545454545453,0.45454545454545453,0.625
definition,GitHub-Social,PairSim-MCE,458,11,0.45454545454545453,0.45454545454545453,0.625
definition,GitHub-Social,PairSim-MCE,459,11,0.45454545454545453,0.45454545454545453,0.625
definition,GitHub-Social,PairSim-MCE,460,11,0.45454545454545453,0.45454545454545453,0.625
definition,GitHub-Social,PairSim-MCE,461,11,0.45454545454545453,0.45454545454545453,0.625
definition,GitHub-Social,PairSim-MCE,462,11,0.45454545454545453,0.45454545454545453,0.625
definition,GitHub-Social,PairSim-MCE,463,11,0.45454545454545453,0.45454545454545453,0.625
definition,GitHub-Social,PairSim-MCE,464,11,0.45454545454545453,0.45454545454545453,0.625
definition,GitHub-Social,PairSim-MCE,465,11,0.45454545454545453,0.45454545454545453,0.625
definition,GitHub-Social,PairSim-MCE,466,11,0.45454545454545453,0.45454545454545453,0.625
definition,GitHub-Social,PairSim-MCE,467,11,0.36363636363636365,0.3333333333333333,0.5
definition,GitHub-Social,PairSim-MCE,468,11,0.45454545454545453,0.4166666666666667,0.5882352941176471
definition,GitHub-Social,PairSim-MCE,469,11,0.45454545454545453,0.4166666666666667,0.5882352941176471
definition,GitHub-Social,PairSim-MCE,470,11,0.36363636363636365,0.3333333333333333,0.5
definition,GitHub-Social,PairSim-MCE,471,11,0.45454545454545453,0.4166666666666667,0.5882352941176471
definition,GitHub-Social,PairSim-MCE,472,11,0.45454545454545453,0.45454545454545453,0.625
definition,GitHub-Social,PairSim-MCE,473,11,0.36363636363636365,0.36363636363636365,0.5333333333333333
definition,GitHub-Social,PairSim-MCE,474,11,0.45454545454545453,0.4166666666666667,0.5882352941176471
definition,GitHub-Social,PairSim-MCE,475,11,0.45454545454545453,0.4166666666666667,0.5882352941176471
definition,GitHub-Social,PairSim-MCE,476,11,0.45454545454545453,0.4166666666666667,0.5882352941176471
definition,GitHub-Social,PairSim-MCE,477,11,0.36363636363636365,0.36363636363636365,0.5333333333333333
definition,GitHub-Social,PairSim-MCE,478,11,0.45454545454545453,0.4166666666666667,0.5882352941176471
definition,GitHub-Social,PairSim-MCE,479,11,0.5454545454545454,0.5454545454545454,0.7058823529411765
definition,GitHub-Social,PairSim-MCE,480,11,0.45454545454545453,0.4166666666666667,0.5882352941176471
definition,GitHub-Social,PairSim-MCE,481,11,0.45454545454545453,0.45454545454545453,0.625
definition,GitHub-Social,PairSim-MCE,482,11,0.5454545454545454,0.5454545454545454,0.7058823529411765
definition,GitHub-Social,PairSim-MCE,483,11,0.45454545454545453,0.45454545454545453,0.625
definition,GitHub-Social,PairSim-MCE,484,11,0.45454545454545453,0.45454545454545453,0.625
definition,GitHub-Social,PairSim-MCE,485,11,0.45454545454545453,0.45454545454545453,0.625
definition,GitHub-Social,PairSim-MCE,486,11,0.45454545454545453,0.45454545454545453,0.625
definition,GitHub-Social,PairSim-MCE,487,11,0.45454545454545453,0.4166666666666667,0.5882352941176471
definition,GitHub-Social,PairSim-MCE,488,11,0.45454545454545453,0.45454545454545453,0.625
definition,GitHub-Social,PairSim-MCE,489,11,0.5454545454545454,0.5454545454545454,0.7058823529411765
definition,GitHub-Social,PairSim-MCE,490,11,0.5454545454545454,0.5454545454545454,0.7058823529411765
definition,GitHub-Social,PairSim-MCE,491,11,0.5454545454545454,0.5454545454545454,0.7058823529411765
definition,GitHub-Social,PairSim-MCE,492,11,0.5454545454545454,0.5454545454545454,0.7058823529411765
definition,GitHub-Social,PairSim-MCE,493,11,0.5454545454545454,0.5454545454545454,0.7058823529411765
definition,GitHub-Social,PairSim-MCE,494,11,0.5454545454545454,0.5454545454545454,0.7058823529411765
definition,GitHub-Social,PairSim-MCE,495,11,0.5454545454545454,0.5454545454545454,0.7058823529411765
definition,GitHub-Social,PairSim-MCE,496,11,0.5454545454545454,0.5454545454545454,0.7058823529411765
definition,GitHub-Social,PairSim-MCE,497,11,0.45454545454545453,0.4166666666666667,0.5882352941176471
definition,GitHub-Social,PairSim-MCE,498,11,0.45454545454545453,0.4166666666666667,0.5882352941176471
definition,GitHub-Social,PairSim-MCE,499,11,0.45454545454545453,0.4166666666666667,0.5882352941176471
definition,GitHub-Social,PairSim-MCE,500,11,0.45454545454545453,0.4166666666666667,0.5882352941176471
definition,GitHub-Social,PairSim-MCE,501,11,0.45454545454545453,0.4166666666666667,0.5882352941176471
definition,GitHub-Social,PairSim-MCE,502,11,0.5454545454545454,0.5454545454545454,0.7058823529411765
definition,GitHub-Social,PairSim-MCE,503,11,0.5454545454545454,0.5454545454545454,0.7058823529411765
definition,GitHub-Social,PairSim-MCE,504,11,0.45454545454545453,0.4166666666666667,0.5882352941176471
definition,GitHub-Social,PairSim-MCE,505,11,0.45454545454545453,0.4166666666666667,0.5882352941176471
definition,GitHub-Social,PairSim-MCE,506,11,0.5454545454545454,0.5454545454545454,0.7058823529411765
definition,GitHub-Social,PairSim-MCE,507,11,0.5454545454545454,0.5454545454545454,0.7058823529411765
definition,GitHub-Social,PairSim-MCE,508,11,0.45454545454545453,0.45454545454545453,0.625
definition,GitHub-Social,PairSim-MCE,509,11,0.45454545454545453,0.45454545454545453,0.625
definition,GitHub-Social,PairSim-MCE,510,11,0.45454545454545453,0.45454545454545453,0.625
definition,GitHub-Social,PairSim-MCE,511,11,0.45454545454545453,0.4166666666666667,0.5882352941176471
definition,GitHub-Social,PairSim-MCE,512,11,0.5454545454545454,0.5,0.6666666666666666
definition,GitHub-Social,PairSim-MCE,513,11,0.5454545454545454,0.46153846153846156,0.631578947368421
definition,GitHub-Social,PairSim-MCE,514,11,0.5454545454545454,0.5,0.6666666666666666
definition,GitHub-Social,PairSim-MCE,515,11,0.6363636363636364,0.5833333333333334,0.7368421052631579
definition,GitHub-Social,PairSim-MCE,516,11,0.6363636363636364,0.5833333333333334,0.7368421052631579
definition,GitHub-Social,PairSim-MCE,517,11,0.5454545454545454,0.46153846153846156,0.631578947368421
definition,GitHub-Social,PairSim-MCE,518,11,0.6363636363636364,0.5833333333333334,0.7368421052631579
definition,GitHub-Social,PairSim-MCE,519,11,0.5454545454545454,0.5454545454545454,0.7058823529411765
definition,GitHub-Social,PairSim-MCE,520,11,0.5454545454545454,0.5454545454545454,0.7058823529411765
definition,GitHub-Social,PairSim-MCE,521,10,0.4,0.3333333333333333,0.5
definition,GitHub-Social,PairSim-MCE,522,10,0.4,0.3333333333333333,0.5
definition,GitHub-Social,PairSim-MCE,523,10,0.5,0.5,0.6666666666666666
definition,GitHub-Social,PairSim-MCE,524,10,0.5,0.5,0.6666666666666666
definition,GitHub-Social,PairSim-MCE,525,10,0.5,0.5,0.6666666666666666
definition,GitHub-Social,PairSim-MCE,526,10,0.5,0.5,0.6666666666666666
definition,GitHub-Social,PairSim-MCE,527,10,0.5,0.5,0.6666666666666666
definition,GitHub-Social,PairSim-MCE,528,10,0.5,0.5,0.6666666666666666
definition,GitHub-Social,PairSim-MCE,529,10,0.5,0.5,0.6666666666666666
definition,GitHub-Social,PairSim-MCE,530,10,0.5,0.5,0.6666666666666666
definition,GitHub-Social,PairSim-MCE,531,10,0.4,0.36363636363636365,0.5333333333333333
definition,GitHub-Social,PairSim-MCE,532,10,0.4,0.36363636363636365,0.5333333333333333
definition,GitHub-Social,PairSim-MCE,533,10,0.4,0.4,0.5714285714285714
definition,GitHub-Social,PairSim-MCE,534,10,0.4,0.36363636363636365,0.5333333333333333
definition,GitHub-Social,PairSim-MCE,535,10,0.4,0.4,0.5714285714285714
definition,GitHub-Social,PairSim-MCE,536,10,0.4,0.4,0.5714285714285714
definition,GitHub-Social,PairSim-MCE,537,10,0.5,0.45454545454545453,0.625
definition,GitHub-Social,PairSim-MCE,538,10,0.4,0.4,0.5714285714285714
definition,GitHub-Social,PairSim-MCE,539,10,0.5,0.45454545454545453,0.625
definition,GitHub-Social,PairSim-MCE,540,10,0.4,0.4,0.5714285714285714
definition,GitHub-Social,PairSim-MCE,541,10,0.5,0.45454545454545453,0.625
definition,GitHub-Social,PairSim-MCE,542,10,0.5,0.5,0.6666666666666666
definition,GitHub-Social,PairSim-MCE,543,10,0.5,0.5,0.6666666666666666
definition,GitHub-Social,PairSim-MCE,544,10,0.5,0.5,0.6666666666666666
definition,GitHub-Social,PairSim-MCE,545,10,0.5,0.5,0.6666666666666666
definition,GitHub-Social,PairSim-MCE,546,10,0.5,0.5,0.6666666666666666
definition,GitHub-Social,PairSim-MCE,547,10,0.5,0.5,0.6666666666666666
definition,GitHub-Social,PairSim-MCE,548,10,0.5,0.5,0.6666666666666666
definition,GitHub-Social,PairSim-MCE,549,10,0.5,0.5,0.6666666666666666
definition,GitHub-Social,PairSim-MCE,550,10,0.5,0.45454545454545453,0.625
definition,GitHub-Social,PairSim-MCE,551,10,0.5,0.45454545454545453,0.625
definition,GitHub-Social,PairSim-MCE,552,10,0.5,0.45454545454545453,0.625
definition,GitHub-Social,PairSim-MCE,553,10,0.5,0.45454545454545453,0.625
definition,GitHub-Social,PairSim-MCE,554,10,0.5,0.5,0.6666666666666666
definition,GitHub-Social,PairSim-MCE,555,10,0.5,0.5,0.6666666666666666
definition,GitHub-Social,PairSim-MCE,556,10,0.6,0.6,0.75
definition,GitHub-Social,PairSim-MCE,557,10,0.6,0.6,0.75
definition,GitHub-Social,PairSim-MCE,558,10,0.6,0.6,0.75
definition,GitHub-Social,PairSim-MCE,559,10,0.5,0.5,0.6666666666666666
definition,GitHub-Social,PairSim-MCE,560,10,0.5,0.45454545454545453,0.625
definition,GitHub-Social,PairSim-MCE,561,10,0.5,0.45454545454545453,0.625
definition,GitHub-Social,PairSim-MCE,562,10,0.6,0.6,0.75
definition,GitHub-Social,PairSim-MCE,563,10,0.5,0.45454545454545453,0.625
definition,GitHub-Social,PairSim-MCE,564,10,0.5,0.45454545454545453,0.625
definition,GitHub-Social,PairSim-MCE,565,10,0.5,0.45454545454545453,0.625
definition,GitHub-Social,PairSim-MCE,566,10,0.5,0.45454545454545453,0.625
definition,GitHub-Social,PairSim-MCE,567,10,0.5,0.45454545454545453,0.625
definition,GitHub-Social,PairSim-MCE,568,10,0.5,0.45454545454545453,0.625
definition,GitHub-Social,PairSim-MCE,569,10,0.5,0.45454545454545453,0.625
definition,GitHub-Social,PairSim-MCE,570,10,0.5,0.45454545454545453,0.625
definition,GitHub-Social,PairSim-MCE,571,10,0.4,0.4,0.5714285714285714
definition,GitHub-Social,PairSim-MCE,572,10,0.4,0.4,0.5714285714285714
definition,GitHub-Social,PairSim-MCE,573,10,0.5,0.45454545454545453,0.625
definition,GitHub-Social,PairSim-MCE,574,10,0.5,0.5,0.6666666666666666
definition,GitHub-Social,PairSim-MCE,575,10,0.4,0.36363636363636365,0.5333333333333333
definition,GitHub-Social,PairSim-MCE,576,10,0.4,0.4,0.5714285714285714
definition,GitHub-Social,PairSim-MCE,577,10,0.5,0.5,0.6666666666666666
definition,GitHub-Social,PairSim-MCE,578,10,0.4,0.36363636363636365,0.5333333333333333
definition,GitHub-Social,PairSim-MCE,579,10,0.4,0.4,0.5714285714285714
definition,GitHub-Social,PairSim-MCE,580,10,0.5,0.5,0.6666666666666666
definition,GitHub-Social,PairSim-MCE,581,10,0.5,0.5,0.6666666666666666
definition,GitHub-Social,PairSim-MCE,582,10,0.5,0.5,0.6666666666666666
definition,GitHub-Social,PairSim-MCE,583,10,0.4,0.36363636363636365,0.5333333333333333
definition,GitHub-Social,PairSim-MCE,584,10,0.5,0.38461538461538464,0.5555555555555556
definition,GitHub-Social,PairSim-MCE,585,10,0.5,0.38461538461538464,0.5555555555555556
definition,GitHub-Social,PairSim-MCE,586,10,0.5,0.38461538461538464,0.5555555555555556
definition,GitHub-Social,PairSim-MCE,587,10,0.5,0.5,0.6666666666666666
definition,GitHub-Social,PairSim-MCE,588,10,0.5,0.5,0.6666666666666666
definition,GitHub-Social,PairSim-MCE,589,10,0.6,0.5454545454545454,0.7058823529411765
definition,GitHub-Social,PairSim-MCE,590,10,0.5,0.4166666666666667,0.5882352941176471
definition,GitHub-Social,PairSim-MCE,591,10,0.6,0.5,0.6666666666666666
definition,GitHub-Social,PairSim-MCE,592,10,0.6,0.5,0.6666666666666666
definition,GitHub-Social,PairSim-MCE,593,10,0.6,0.5,0.6666666666666666
definition,GitHub-Social,PairSim-MCE,594,10,0.6,0.5454545454545454,0.7058823529411765
definition,GitHub-Social,PairSim-MCE,595,10,0.5,0.45454545454545453,0.625
definition,GitHub-Social,PairSim-MCE,596,10,0.5,0.4166666666666667,0.5882352941176471
definition,GitHub-Social,PairSim-MCE,597,10,0.6,0.5,0.6666666666666666
definition,GitHub-Social,PairSim-MCE,598,10,0.6,0.5454545454545454,0.7058823529411765
definition,GitHub-Social,PairSim-MCE,599,10,0.6,0.6,0.75
definition,GitHub-Social,PairSim-MCE,600,10,0.6,0.6,0.75
definition,GitHub-Social,PairSim-MCE,601,10,0.6,0.6,0.75
definition,GitHub-Social,PairSim-MCE,602,10,0.6,0.6,0.75
definition,GitHub-Social,PairSim-MCE,603,10,0.6,0.6,0.75
definition,GitHub-Social,PairSim-MCE,604,10,0.5,0.45454545454545453,0.625
external,GitHub-Social,StructBK,0,24,1.0,1.0,1.0
external,GitHub-Social,StructBK,1,24,1.0,1.0,1.0
external,GitHub-Social,StructBK,2,24,1.0,1.0,1.0
external,GitHub-Social,StructBK,3,24,1.0,1.0,1.0
external,GitHub-Social,StructBK,4,23,1.0,1.0,1.0
external,GitHub-Social,StructBK,5,23,1.0,1.0,1.0
external,GitHub-Social,StructBK,6,23,1.0,1.0,1.0
external,GitHub-Social,StructBK,7,23,1.0,1.0,1.0
external,GitHub-Social,StructBK,8,22,1.0,1.0,1.0
external,GitHub-Social,StructBK,9,22,1.0,1.0,1.0
external,GitHub-Social,StructBK,10,22,1.0,1.0,1.0
external,GitHub-Social,StructBK,11,22,1.0,1.0,1.0
external,GitHub-Social,StructBK,12,22,1.0,1.0,1.0
external,GitHub-Social,StructBK,13,22,1.0,1.0,1.0
external,GitHub-Social,StructBK,14,22,1.0,1.0,1.0
external,GitHub-Social,StructBK,15,22,1.0,1.0,1.0
external,GitHub-Social,StructBK,16,22,1.0,1.0,1.0
external,GitHub-Social,StructBK,17,22,1.0,1.0,1.0
external,GitHub-Social,StructBK,18,22,1.0,1.0,1.0
external,GitHub-Social,StructBK,19,22,1.0,1.0,1.0
external,GitHub-Social,StructBK,20,22,1.0,1.0,1.0
external,GitHub-Social,StructBK,21,21,1.0,1.0,1.0
external,GitHub-Social,StructBK,22,21,1.0,1.0,1.0
external,GitHub-Social,StructBK,23,21,1.0,1.0,1.0
external,GitHub-Social,StructBK,24,21,1.0,1.0,1.0
external,GitHub-Social,StructBK,25,20,1.0,1.0,1.0
external,GitHub-Social,StructBK,26,20,1.0,1.0,1.0
external,GitHub-Social,StructBK,27,20,1.0,0.9523809523809523,0.975609756097561
external,GitHub-Social,StructBK,28,20,1.0,0.9523809523809523,0.975609756097561
external,GitHub-Social,StructBK,29,20,1.0,0.9523809523809523,0.975609756097561
external,GitHub-Social,StructBK,30,20,1.0,0.9523809523809523,0.975609756097561
external,GitHub-Social,StructBK,31,20,1.0,0.9523809523809523,0.975609756097561
external,GitHub-Social,StructBK,32,20,1.0,1.0,1.0
external,GitHub-Social,StructBK,33,20,1.0,1.0,1.0
external,GitHub-Social,StructBK,34,20,1.0,0.9523809523809523,0.975609756097561
external,GitHub-Social,StructBK,35,20,1.0,1.0,1.0
external,GitHub-Social,StructBK,36,20,1.0,1.0,1.0
external,GitHub-Social,StructBK,37,19,1.0,0.95,0.9743589743589743
external,GitHub-Social,StructBK,38,19,1.0,0.95,0.9743589743589743
external,GitHub-Social,StructBK,39,19,1.0,0.95,0.9743589743589743
external,GitHub-Social,StructBK,40,19,1.0,0.95,0.9743589743589743
external,GitHub-Social,StructBK,41,19,1.0,0.95,0.9743589743589743
external,GitHub-Social,StructBK,42,18,1.0,0.9473684210526315,0.972972972972973
external,GitHub-Social,StructBK,43,18,1.0,0.9473684210526315,0.972972972972973
external,GitHub-Social,StructBK,44,18,1.0,0.9473684210526315,0.972972972972973
external,GitHub-Social,StructBK,45,18,1.0,1.0,1.0
external,GitHub-Social,StructBK,46,17,1.0,1.0,1.0
external,GitHub-Social,StructBK,47,17,1.0,1.0,1.0
external,GitHub-Social,StructBK,48,17,1.0,1.0,1.0
external,GitHub-Social,StructBK,49,17,1.0,0.9444444444444444,0.9714285714285714
external,GitHub-Social,StructBK,50,17,1.0,0.9444444444444444,0.9714285714285714
external,GitHub-Social,StructBK,51,17,1.0,0.9444444444444444,0.9714285714285714
external,GitHub-Social,StructBK,52,17,1.0,0.9444444444444444,0.9714285714285714
external,GitHub-Social,StructBK,53,17,1.0,0.9444444444444444,0.9714285714285714
external,GitHub-Social,StructBK,54,17,1.0,0.9444444444444444,0.9714285714285714
external,GitHub-Social,StructBK,55,17,1.0,0.9444444444444444,0.9714285714285714
external,GitHub-Social,StructBK,56,17,1.0,0.9444444444444444,0.9714285714285714
external,GitHub-Social,StructBK,57,17,1.0,0.9444444444444444,0.9714285714285714
external,GitHub-Social,StructBK,58,17,1.0,0.9444444444444444,0.9714285714285714
external,GitHub-Social,StructBK,59,17,1.0,0.9444444444444444,0.9714285714285714
external,GitHub-Social,StructBK,60,17,1.0,0.9444444444444444,0.9714285714285714
external,GitHub-Social,StructBK,61,17,1.0,0.9444444444444444,0.9714285714285714
external,GitHub-Social,StructBK,62,17,1.0,0.9444444444444444,0.9714285714285714
external,GitHub-Social,StructBK,63,17,1.0,0.9444444444444444,0.9714285714285714
external,GitHub-Social,StructBK,64,17,1.0,0.9444444444444444,0.9714285714285714
external,GitHub-Social,StructBK,65,17,1.0,0.9444444444444444,0.9714285714285714
external,GitHub-Social,StructBK,66,17,1.0,0.9444444444444444,0.9714285714285714
external,GitHub-Social,StructBK,67,17,1.0,0.9444444444444444,0.9714285714285714
external,GitHub-Social,StructBK,68,17,1.0,1.0,1.0
external,GitHub-Social,StructBK,69,17,1.0,0.9444444444444444,0.9714285714285714
external,GitHub-Social,StructBK,70,17,1.0,0.9444444444444444,0.9714285714285714
external,GitHub-Social,StructBK,71,17,1.0,0.9444444444444444,0.9714285714285714
external,GitHub-Social,StructBK,72,17,1.0,0.9444444444444444,0.9714285714285714
external,GitHub-Social,StructBK,73,17,1.0,0.8947368421052632,0.9444444444444444
external,GitHub-Social,StructBK,74,17,1.0,0.8947368421052632,0.9444444444444444
external,GitHub-Social,StructBK,75,17,1.0,0.8947368421052632,0.9444444444444444
external,GitHub-Social,StructBK,76,17,1.0,0.8947368421052632,0.9444444444444444
external,GitHub-Social,StructBK,77,17,1.0,0.8947368421052632,0.9444444444444444
external,GitHub-Social,StructBK,78,17,1.0,0.8947368421052632,0.9444444444444444
external,GitHub-Social,StructBK,79,17,1.0,0.8947368421052632,0.9444444444444444
external,GitHub-Social,StructBK,80,16,1.0,0.9411764705882353,0.9696969696969697
external,GitHub-Social,StructBK,81,16,1.0,0.9411764705882353,0.9696969696969697
external,GitHub-Social,StructBK,82,16,1.0,0.9411764705882353,0.9696969696969697
external,GitHub-Social,StructBK,83,16,1.0,0.9411764705882353,0.9696969696969697
external,GitHub-Social,StructBK,84,16,1.0,0.9411764705882353,0.9696969696969697
external,GitHub-Social,StructBK,85,16,1.0,0.9411764705882353,0.9696969696969697
external,GitHub-Social,StructBK,86,16,1.0,0.9411764705882353,0.9696969696969697
external,GitHub-Social,StructBK,87,16,1.0,0.9411764705882353,0.9696969696969697
external,GitHub-Social,StructBK,88,16,1.0,0.9411764705882353,0.9696969696969697
external,GitHub-Social,StructBK,89,16,1.0,0.9411764705882353,0.9696969696969697
external,GitHub-Social,StructBK,90,16,1.0,1.0,1.0
external,GitHub-Social,StructBK,91,16,1.0,1.0,1.0
external,GitHub-Social,StructBK,92,16,1.0,1.0,1.0
external,GitHub-Social,StructBK,93,16,1.0,0.8888888888888888,0.9411764705882353
external,GitHub-Social,StructBK,94,16,1.0,0.8888888888888888,0.9411764705882353
external,GitHub-Social,StructBK,95,16,1.0,0.8888888888888888,0.9411764705882353
external,GitHub-Social,StructBK,96,16,1.0,0.9411764705882353,0.9696969696969697
external,GitHub-Social,StructBK,97,16,1.0,0.9411764705882353,0.9696969696969697
external,GitHub-Social,StructBK,98,16,1.0,0.9411764705882353,0.9696969696969697
external,GitHub-Social,StructBK,99,16,1.0,0.9411764705882353,0.9696969696969697
external,GitHub-Social,StructBK,100,16,1.0,0.9411764705882353,0.9696969696969697
external,GitHub-Social,StructBK,101,16,1.0,0.9411764705882353,0.9696969696969697
external,GitHub-Social,StructBK,102,16,1.0,0.9411764705882353,0.9696969696969697
external,GitHub-Social,StructBK,103,16,1.0,0.9411764705882353,0.9696969696969697
external,GitHub-Social,StructBK,104,16,1.0,0.9411764705882353,0.9696969696969697
external,GitHub-Social,StructBK,105,16,1.0,0.8888888888888888,0.9411764705882353
external,GitHub-Social,StructBK,106,16,1.0,0.8888888888888888,0.9411764705882353
external,GitHub-Social,StructBK,107,16,1.0,0.8888888888888888,0.9411764705882353
external,GitHub-Social,StructBK,108,16,1.0,0.8888888888888888,0.9411764705882353
external,GitHub-Social,StructBK,109,16,1.0,0.8888888888888888,0.9411764705882353
external,GitHub-Social,StructBK,110,16,1.0,0.8888888888888888,0.9411764705882353
external,GitHub-Social,StructBK,111,16,1.0,0.9411764705882353,0.9696969696969697
external,GitHub-Social,StructBK,112,16,1.0,0.9411764705882353,0.9696969696969697
external,GitHub-Social,StructBK,113,16,1.0,0.9411764705882353,0.9696969696969697
external,GitHub-Social,StructBK,114,16,1.0,0.9411764705882353,0.9696969696969697
external,GitHub-Social,StructBK,115,16,1.0,0.9411764705882353,0.9696969696969697
external,GitHub-Social,StructBK,116,16,1.0,0.9411764705882353,0.9696969696969697
external,GitHub-Social,StructBK,117,16,1.0,0.9411764705882353,0.9696969696969697
external,GitHub-Social,StructBK,118,16,1.0,0.9411764705882353,0.9696969696969697
external,GitHub-Social,StructBK,119,16,1.0,0.8888888888888888,0.9411764705882353
external,GitHub-Social,StructBK,120,16,1.0,0.8888888888888888,0.9411764705882353
external,GitHub-Social,StructBK,121,16,1.0,0.8888888888888888,0.9411764705882353
external,GitHub-Social,StructBK,122,16,1.0,0.8888888888888888,0.9411764705882353
external,GitHub-Social,StructBK,123,16,1.0,0.9411764705882353,0.9696969696969697
external,GitHub-Social,StructBK,124,16,1.0,0.9411764705882353,0.9696969696969697
external,GitHub-Social,StructBK,125,16,1.0,0.8888888888888888,0.9411764705882353
external,GitHub-Social,StructBK,126,16,1.0,0.8888888888888888,0.9411764705882353
external,GitHub-Social,StructBK,127,16,1.0,1.0,1.0
external,GitHub-Social,StructBK,128,16,1.0,1.0,1.0
external,GitHub-Social,StructBK,129,16,1.0,1.0,1.0
external,GitHub-Social,StructBK,130,16,1.0,1.0,1.0
external,GitHub-Social,StructBK,131,16,1.0,0.9411764705882353,0.9696969696969697
external,GitHub-Social,StructBK,132,16,1.0,0.9411764705882353,0.9696969696969697
external,GitHub-Social,StructBK,133,16,1.0,0.9411764705882353,0.9696969696969697
external,GitHub-Social,StructBK,134,16,1.0,0.9411764705882353,0.9696969696969697
external,GitHub-Social,StructBK,135,16,1.0,0.9411764705882353,0.9696969696969697
external,GitHub-Social,StructBK,136,16,1.0,0.9411764705882353,0.9696969696969697
external,GitHub-Social,StructBK,137,16,1.0,1.0,1.0
external,GitHub-Social,StructBK,138,16,1.0,1.0,1.0
external,GitHub-Social,StructBK,139,15,1.0,0.9375,0.967741935483871
external,GitHub-Social,StructBK,140,15,1.0,0.9375,0.967741935483871
external,GitHub-Social,StructBK,141,15,1.0,0.9375,0.967741935483871
external,GitHub-Social,StructBK,142,15,1.0,0.9375,0.967741935483871
external,GitHub-Social,StructBK,143,15,1.0,0.8823529411764706,0.9375
external,GitHub-Social,StructBK,144,15,1.0,0.8823529411764706,0.9375
external,GitHub-Social,StructBK,145,15,1.0,0.8823529411764706,0.9375
external,GitHub-Social,StructBK,146,15,1.0,0.8823529411764706,0.9375
external,GitHub-Social,StructBK,147,15,1.0,0.8823529411764706,0.9375
external,GitHub-Social,StructBK,148,15,1.0,0.9375,0.967741935483871
external,GitHub-Social,StructBK,149,15,1.0,0.8823529411764706,0.9375
external,GitHub-Social,StructBK,150,15,1.0,0.8823529411764706,0.9375
external,GitHub-Social,StructBK,151,15,1.0,0.8823529411764706,0.9375
external,GitHub-Social,StructBK,152,15,1.0,0.8823529411764706,0.9375
external,GitHub-Social,StructBK,153,15,1.0,0.9375,0.967741935483871
external,GitHub-Social,StructBK,154,15,1.0,0.8823529411764706,0.9375
external,GitHub-Social,StructBK,155,15,1.0,0.9375,0.967741935483871
external,GitHub-Social,StructBK,156,15,1.0,0.9375,0.967741935483871
external,GitHub-Social,StructBK,157,15,1.0,0.8333333333333334,0.9090909090909091
external,GitHub-Social,StructBK,158,15,1.0,0.8823529411764706,0.9375
external,GitHub-Social,StructBK,159,15,1.0,0.8823529411764706,0.9375
external,GitHub-Social,StructBK,160,15,1.0,0.8823529411764706,0.9375
external,GitHub-Social,StructBK,161,15,1.0,0.8823529411764706,0.9375
external,GitHub-Social,StructBK,162,15,1.0,0.8823529411764706,0.9375
external,GitHub-Social,StructBK,163,15,1.0,0.9375,0.967741935483871
external,GitHub-Social,StructBK,164,15,1.0,0.9375,0.967741935483871
external,GitHub-Social,StructBK,165,15,1.0,0.9375,0.967741935483871
external,GitHub-Social,StructBK,166,15,1.0,0.8823529411764706,0.9375
external,GitHub-Social,StructBK,167,15,1.0,0.8823529411764706,0.9375
external,GitHub-Social,StructBK,168,15,1.0,0.8333333333333334,0.9090909090909091
external,GitHub-Social,StructBK,169,15,1.0,0.8333333333333334,0.9090909090909091
external,GitHub-Social,StructBK,170,15,1.0,0.8823529411764706,0.9375
external,GitHub-Social,StructBK,171,15,1.0,0.8823529411764706,0.9375
external,GitHub-Social,StructBK,172,15,1.0,0.8333333333333334,0.9090909090909091
external,GitHub-Social,StructBK,173,15,1.0,0.8333333333333334,0.9090909090909091
external,GitHub-Social,StructBK,174,15,1.0,0.8333333333333334,0.9090909090909091
external,GitHub-Social,StructBK,175,15,1.0,0.8823529411764706,0.9375
external,GitHub-Social,StructBK,176,15,1.0,0.8823529411764706,0.9375
external,GitHub-Social,StructBK,177,15,1.0,0.8333333333333334,0.9090909090909091
external,GitHub-Social,StructBK,178,15,1.0,0.8823529411764706,0.9375
external,GitHub-Social,StructBK,179,15,1.0,0.8823529411764706,0.9375
external,GitHub-Social,StructBK,180,15,1.0,0.8823529411764706,0.9375
external,GitHub-Social,StructBK,181,15,1.0,0.8823529411764706,0.9375
external,GitHub-Social,StructBK,182,15,1.0,0.9375,0.967741935483871
external,GitHub-Social,StructBK,183,15,1.0,0.9375,0.967741935483871
external,GitHub-Social,StructBK,184,15,1.0,0.9375,0.967741935483871
external,GitHub-Social,StructBK,185,15,1.0,0.9375,0.967741935483871
external,GitHub-Social,StructBK,186,15,1.0,0.8333333333333334,0.9090909090909091
external,GitHub-Social,StructBK,187,15,1.0,0.8823529411764706,0.9375
external,GitHub-Social,StructBK,188,15,1.0,0.9375,0.967741935483871
external,GitHub-Social,StructBK,189,15,1.0,0.9375,0.967741935483871
external,GitHub-Social,StructBK,190,15,1.0,0.9375,0.967741935483871
external,GitHub-Social,StructBK,191,15,1.0,0.9375,0.967741935483871
external,GitHub-Social,StructBK,192,15,1.0,0.9375,0.967741935483871
external,GitHub-Social,StructBK,193,15,1.0,0.9375,0.967741935483871
external,GitHub-Social,StructBK,194,15,1.0,0.9375,0.967741935483871
external,GitHub-Social,StructBK,195,15,1.0,0.9375,0.967741935483871
external,GitHub-Social,StructBK,196,15,1.0,0.8823529411764706,0.9375
external,GitHub-Social,StructBK,197,15,1.0,0.8823529411764706,0.9375
external,GitHub-Social,StructBK,198,15,1.0,0.8823529411764706,0.9375
external,GitHub-Social,StructBK,199,15,1.0,0.8823529411764706,0.9375
external,GitHub-Social,StructBK,200,15,1.0,0.8823529411764706,0.9375
external,GitHub-Social,StructBK,201,15,1.0,0.8823529411764706,0.9375
external,GitHub-Social,StructBK,202,15,1.0,0.8823529411764706,0.9375
external,GitHub-Social,StructBK,203,15,1.0,0.8823529411764706,0.9375
external,GitHub-Social,StructBK,204,15,1.0,0.8823529411764706,0.9375
external,GitHub-Social,StructBK,205,15,1.0,0.8823529411764706,0.9375
external,GitHub-Social,StructBK,206,15,1.0,0.9375,0.967741935483871
external,GitHub-Social,StructBK,207,15,1.0,0.9375,0.967741935483871
external,GitHub-Social,StructBK,208,15,1.0,0.9375,0.967741935483871
external,GitHub-Social,StructBK,209,15,1.0,1.0,1.0
external,GitHub-Social,StructBK,210,15,1.0,0.8823529411764706,0.9375
external,GitHub-Social,StructBK,211,15,1.0,0.8823529411764706,0.9375
external,GitHub-Social,StructBK,212,15,1.0,0.8823529411764706,0.9375
external,GitHub-Social,StructBK,213,15,1.0,0.8823529411764706,0.9375
external,GitHub-Social,StructBK,214,15,1.0,1.0,1.0
external,GitHub-Social,StructBK,215,15,1.0,1.0,1.0
external,GitHub-Social,StructBK,216,15,1.0,0.8333333333333334,0.9090909090909091
external,GitHub-Social,StructBK,217,15,1.0,1.0,1.0
external,GitHub-Social,StructBK,218,15,1.0,1.0,1.0
external,GitHub-Social,StructBK,219,15,1.0,0.8823529411764706,0.9375
external,GitHub-Social,StructBK,220,15,1.0,1.0,1.0
external,GitHub-Social,StructBK,221,15,1.0,1.0,1.0
external,GitHub-Social,StructBK,222,14,1.0,0.875,0.9333333333333333
external,GitHub-Social,StructBK,223,14,1.0,0.875,0.9333333333333333
external,GitHub-Social,StructBK,224,14,1.0,0.8235294117647058,0.9032258064516129
external,GitHub-Social,StructBK,225,14,1.0,0.8235294117647058,0.9032258064516129
external,GitHub-Social,StructBK,226,14,1.0,0.8235294117647058,0.9032258064516129
external,GitHub-Social,StructBK,227,14,1.0,0.8235294117647058,0.9032258064516129
external,GitHub-Social,StructBK,228,14,1.0,0.875,0.9333333333333333
external,GitHub-Social,StructBK,229,14,1.0,0.875,0.9333333333333333
external,GitHub-Social,StructBK,230,14,1.0,0.8235294117647058,0.9032258064516129
external,GitHub-Social,StructBK,231,14,1.0,0.8235294117647058,0.9032258064516129
external,GitHub-Social,StructBK,232,14,1.0,0.875,0.9333333333333333
external,GitHub-Social,StructBK,233,14,1.0,0.875,0.9333333333333333
external,GitHub-Social,StructBK,234,14,1.0,0.875,0.9333333333333333
external,GitHub-Social,StructBK,235,14,1.0,0.8235294117647058,0.9032258064516129
external,GitHub-Social,StructBK,236,14,1.0,0.8235294117647058,0.9032258064516129
external,GitHub-Social,StructBK,237,14,1.0,0.8235294117647058,0.9032258064516129
external,GitHub-Social,StructBK,238,14,1.0,0.8235294117647058,0.9032258064516129
external,GitHub-Social,StructBK,239,14,1.0,0.8235294117647058,0.9032258064516129
external,GitHub-Social,StructBK,240,14,1.0,0.875,0.9333333333333333
external,GitHub-Social,StructBK,241,14,1.0,0.875,0.9333333333333333
external,GitHub-Social,StructBK,242,14,1.0,0.8235294117647058,0.9032258064516129
external,GitHub-Social,StructBK,243,14,1.0,0.8235294117647058,0.9032258064516129
external,GitHub-Social,StructBK,244,14,1.0,0.9333333333333333,0.9655172413793104
external,GitHub-Social,StructBK,245,14,1.0,0.9333333333333333,0.9655172413793104
external,GitHub-Social,StructBK,246,14,1.0,0.875,0.9333333333333333
external,GitHub-Social,StructBK,247,14,1.0,0.875,0.9333333333333333
external,GitHub-Social,StructBK,248,14,1.0,0.875,0.9333333333333333
external,GitHub-Social,StructBK,249,14,1.0,0.875,0.9333333333333333
external,GitHub-Social,StructBK,250,14,1.0,0.875,0.9333333333333333
external,GitHub-Social,StructBK,251,14,1.0,0.875,0.9333333333333333
external,GitHub-Social,StructBK,252,14,1.0,0.875,0.9333333333333333
external,GitHub-Social,StructBK,253,14,1.0,0.875,0.9333333333333333
external,GitHub-Social,StructBK,254,14,1.0,0.875,0.9333333333333333
external,GitHub-Social,StructBK,255,14,1.0,0.9333333333333333,0.9655172413793104
external,GitHub-Social,StructBK,256,14,1.0,0.9333333333333333,0.9655172413793104
external,GitHub-Social,StructBK,257,14,1.0,0.9333333333333333,0.9655172413793104
external,GitHub-Social,StructBK,258,14,1.0,0.9333333333333333,0.9655172413793104
external,GitHub-Social,StructBK,259,14,1.0,0.875,0.9333333333333333
external,GitHub-Social,StructBK,260,14,1.0,0.875,0.9333333333333333
external,GitHub-Social,StructBK,261,14,1.0,0.875,0.9333333333333333
external,GitHub-Social,StructBK,262,14,1.0,0.875,0.9333333333333333
external,GitHub-Social,StructBK,263,14,1.0,0.875,0.9333333333333333
external,GitHub-Social,StructBK,264,14,1.0,0.8235294117647058,0.9032258064516129
external,GitHub-Social,StructBK,265,14,1.0,0.8235294117647058,0.9032258064516129
external,GitHub-Social,StructBK,266,14,1.0,0.8235294117647058,0.9032258064516129
external,GitHub-Social,StructBK,267,14,1.0,0.875,0.9333333333333333
external,GitHub-Social,StructBK,268,14,1.0,0.875,0.9333333333333333
external,GitHub-Social,StructBK,269,14,1.0,0.875,0.9333333333333333
external,GitHub-Social,StructBK,270,14,1.0,0.875,0.9333333333333333
external,GitHub-Social,StructBK,271,14,1.0,0.875,0.9333333333333333
external,GitHub-Social,StructBK,272,14,1.0,0.875,0.9333333333333333
external,GitHub-Social,StructBK,273,14,1.0,0.8235294117647058,0.9032258064516129
external,GitHub-Social,StructBK,274,14,1.0,0.7777777777777778,0.875
external,GitHub-Social,StructBK,275,14,1.0,0.8235294117647058,0.9032258064516129
external,GitHub-Social,StructBK,276,14,1.0,0.8235294117647058,0.9032258064516129
external,GitHub-Social,StructBK,277,14,1.0,0.8235294117647058,0.9032258064516129
external,GitHub-Social,StructBK,278,14,1.0,0.8235294117647058,0.9032258064516129
external,GitHub-Social,StructBK,279,14,1.0,0.8235294117647058,0.9032258064516129
external,GitHub-Social,StructBK,280,14,1.0,0.8235294117647058,0.9032258064516129
external,GitHub-Social,StructBK,281,14,1.0,0.8235294117647058,0.9032258064516129
external,GitHub-Social,StructBK,282,14,1.0,0.8235294117647058,0.9032258064516129
external,GitHub-Social,StructBK,283,14,1.0,0.875,0.9333333333333333
external,GitHub-Social,StructBK,284,14,1.0,0.9333333333333333,0.9655172413793104
external,GitHub-Social,StructBK,285,14,1.0,0.9333333333333333,0.9655172413793104
external,GitHub-Social,StructBK,286,14,1.0,0.8235294117647058,0.9032258064516129
external,GitHub-Social,StructBK,287,14,1.0,0.8235294117647058,0.9032258064516129
external,GitHub-Social,StructBK,288,14,1.0,0.8235294117647058,0.9032258064516129
external,GitHub-Social,StructBK,289,14,1.0,0.8235294117647058,0.9032258064516129
external,GitHub-Social,StructBK,290,14,1.0,0.875,0.9333333333333333
external,GitHub-Social,StructBK,291,14,1.0,1.0,1.0
external,GitHub-Social,StructBK,292,14,1.0,1.0,1.0
external,GitHub-Social,StructBK,293,14,1.0,1.0,1.0
external,GitHub-Social,StructBK,294,14,1.0,1.0,1.0
external,GitHub-Social,StructBK,295,13,1.0,0.8125,0.896551724137931
external,GitHub-Social,StructBK,296,13,1.0,0.8125,0.896551724137931
external,GitHub-Social,StructBK,297,13,1.0,0.8125,0.896551724137931
external,GitHub-Social,StructBK,298,13,1.0,0.8125,0.896551724137931
external,GitHub-Social,StructBK,299,13,1.0,0.8125,0.896551724137931
external,GitHub-Social,StructBK,300,13,1.0,0.7647058823529411,0.8666666666666667
external,GitHub-Social,StructBK,301,13,1.0,0.7647058823529411,0.8666666666666667
external,GitHub-Social,StructBK,302,13,1.0,0.7647058823529411,0.8666666666666667
external,GitHub-Social,StructBK,303,13,1.0,0.7647058823529411,0.8666666666666667
external,GitHub-Social,StructBK,304,13,1.0,0.7647058823529411,0.8666666666666667
external,GitHub-Social,StructBK,305,13,1.0,0.7647058823529411,0.8666666666666667
external,GitHub-Social,StructBK,306,13,1.0,0.7647058823529411,0.8666666666666667
external,GitHub-Social,StructBK,307,13,1.0,0.8125,0.896551724137931
external,GitHub-Social,StructBK,308,13,1.0,0.8666666666666667,0.9285714285714286
external,GitHub-Social,StructBK,309,13,1.0,0.8125,0.896551724137931
external,GitHub-Social,StructBK,310,13,1.0,0.8125,0.896551724137931
external,GitHub-Social,StructBK,311,13,1.0,0.8666666666666667,0.9285714285714286
external,GitHub-Social,StructBK,312,13,1.0,0.8666666666666667,0.9285714285714286
external,GitHub-Social,StructBK,313,13,1.0,0.8125,0.896551724137931
external,GitHub-Social,StructBK,314,13,1.0,0.8125,0.896551724137931
external,GitHub-Social,StructBK,315,13,1.0,0.8125,0.896551724137931
external,GitHub-Social,StructBK,316,13,1.0,0.8666666666666667,0.9285714285714286
external,GitHub-Social,StructBK,317,13,1.0,0.8125,0.896551724137931
external,GitHub-Social,StructBK,318,13,1.0,0.8125,0.896551724137931
external,GitHub-Social,StructBK,319,13,1.0,0.8125,0.896551724137931
external,GitHub-Social,StructBK,320,13,1.0,0.8666666666666667,0.9285714285714286
external,GitHub-Social,StructBK,321,13,1.0,0.8666666666666667,0.9285714285714286
external,GitHub-Social,StructBK,322,13,1.0,0.8666666666666667,0.9285714285714286
external,GitHub-Social,StructBK,323,13,1.0,0.8666666666666667,0.9285714285714286
external,GitHub-Social,StructBK,324,13,1.0,0.8125,0.896551724137931
external,GitHub-Social,StructBK,325,13,1.0,0.8125,0.896551724137931
external,GitHub-Social,StructBK,326,13,1.0,0.8666666666666667,0.9285714285714286
external,GitHub-Social,StructBK,327,13,1.0,0.8666666666666667,0.9285714285714286
external,GitHub-Social,StructBK,328,13,1.0,0.8125,0.896551724137931
external,GitHub-Social,StructBK,329,13,1.0,0.7647058823529411,0.8666666666666667
external,GitHub-Social,StructBK,330,13,1.0,0.7647058823529411,0.8666666666666667
external,GitHub-Social,StructBK,331,13,1.0,0.7647058823529411,0.8666666666666667
external,GitHub-Social,StructBK,332,13,1.0,0.7647058823529411,0.8666666666666667
external,GitHub-Social,StructBK,333,13,1.0,0.8125,0.896551724137931
external,GitHub-Social,StructBK,334,13,1.0,0.9285714285714286,0.9629629629629629
external,GitHub-Social,StructBK,335,13,1.0,1.0,1.0
external,GitHub-Social,StructBK,336,13,1.0,1.0,1.0
external,GitHub-Social,StructBK,337,13,1.0,0.9285714285714286,0.9629629629629629
external,GitHub-Social,StructBK,338,13,1.0,0.9285714285714286,0.9629629629629629
external,GitHub-Social,StructBK,339,13,1.0,0.9285714285714286,0.9629629629629629
external,GitHub-Social,StructBK,340,13,1.0,0.8666666666666667,0.9285714285714286
external,GitHub-Social,StructBK,341,13,1.0,0.8666666666666667,0.9285714285714286
external,GitHub-Social,StructBK,342,13,1.0,0.9285714285714286,0.9629629629629629
external,GitHub-Social,StructBK,343,13,1.0,0.9285714285714286,0.9629629629629629
external,GitHub-Social,StructBK,344,13,1.0,0.9285714285714286,0.9629629629629629
external,GitHub-Social,StructBK,345,13,1.0,0.9285714285714286,0.9629629629629629
external,GitHub-Social,StructBK,346,13,1.0,0.9285714285714286,0.9629629629629629
external,GitHub-Social,StructBK,347,13,1.0,0.8666666666666667,0.9285714285714286
external,GitHub-Social,StructBK,348,13,1.0,0.9285714285714286,0.9629629629629629
external,GitHub-Social,StructBK,349,13,1.0,0.9285714285714286,0.9629629629629629
external,GitHub-Social,StructBK,350,13,1.0,0.9285714285714286,0.9629629629629629
external,GitHub-Social,StructBK,351,13,1.0,1.0,1.0
external,GitHub-Social,StructBK,352,13,1.0,0.9285714285714286,0.9629629629629629
external,GitHub-Social,StructBK,353,13,1.0,0.9285714285714286,0.9629629629629629
external,GitHub-Social,StructBK,354,13,1.0,0.9285714285714286,0.9629629629629629
external,GitHub-Social,StructBK,355,13,1.0,0.7647058823529411,0.8666666666666667
external,GitHub-Social,StructBK,356,13,1.0,0.8125,0.896551724137931
external,GitHub-Social,StructBK,357,13,1.0,0.9285714285714286,0.9629629629629629
external,GitHub-Social,StructBK,358,13,1.0,0.9285714285714286,0.9629629629629629
external,GitHub-Social,StructBK,359,13,1.0,0.9285714285714286,0.9629629629629629
external,GitHub-Social,StructBK,360,12,1.0,0.75,0.8571428571428571
external,GitHub-Social,StructBK,361,12,1.0,0.75,0.8571428571428571
external,GitHub-Social,StructBK,362,12,1.0,0.75,0.8571428571428571
external,GitHub-Social,StructBK,363,12,1.0,0.7058823529411765,0.8275862068965517
external,GitHub-Social,StructBK,364,12,1.0,0.7692307692307693,0.8695652173913043
external,GitHub-Social,StructBK,365,12,1.0,0.75,0.8571428571428571
external,GitHub-Social,StructBK,366,12,1.0,0.75,0.8571428571428571
external,GitHub-Social,StructBK,367,12,1.0,0.75,0.8571428571428571
external,GitHub-Social,StructBK,368,12,1.0,0.8,0.8888888888888888
external,GitHub-Social,StructBK,369,12,1.0,0.8,0.8888888888888888
external,GitHub-Social,StructBK,370,12,1.0,0.75,0.8571428571428571
external,GitHub-Social,StructBK,371,12,1.0,0.75,0.8571428571428571
external,GitHub-Social,StructBK,372,12,1.0,0.75,0.8571428571428571
external,GitHub-Social,StructBK,373,12,1.0,0.75,0.8571428571428571
external,GitHub-Social,StructBK,374,12,1.0,0.75,0.8571428571428571
external,GitHub-Social,StructBK,375,12,1.0,0.75,0.8571428571428571
external,GitHub-Social,StructBK,376,12,1.0,0.75,0.8571428571428571
external,GitHub-Social,StructBK,377,12,1.0,0.75,0.8571428571428571
external,GitHub-Social,StructBK,378,12,1.0,0.75,0.8571428571428571
external,GitHub-Social,StructBK,379,12,1.0,0.8571428571428571,0.9230769230769231
external,GitHub-Social,StructBK,380,12,1.0,0.8571428571428571,0.9230769230769231
external,GitHub-Social,StructBK,381,12,1.0,0.9230769230769231,0.96
external,GitHub-Social,StructBK,382,12,1.0,0.8571428571428571,0.9230769230769231
external,GitHub-Social,StructBK,383,12,1.0,0.8571428571428571,0.9230769230769231
external,GitHub-Social,StructBK,384,12,1.0,0.8571428571428571,0.9230769230769231
external,GitHub-Social,StructBK,385,12,1.0,0.8,0.8888888888888888
external,GitHub-Social,StructBK,386,12,1.0,0.8,0.8888888888888888
external,GitHub-Social,StructBK,387,12,1.0,0.8,0.8888888888888888
external,GitHub-Social,StructBK,388,12,1.0,0.8571428571428571,0.9230769230769231
external,GitHub-Social,StructBK,389,12,1.0,0.8571428571428571,0.9230769230769231
external,GitHub-Social,StructBK,390,12,1.0,0.8571428571428571,0.9230769230769231
external,GitHub-Social,StructBK,391,12,1.0,0.8571428571428571,0.9230769230769231
external,GitHub-Social,StructBK,392,12,1.0,0.8571428571428571,0.9230769230769231
external,GitHub-Social,StructBK,393,12,1.0,0.9230769230769231,0.96
external,GitHub-Social,StructBK,394,12,1.0,0.8,0.8888888888888888
external,GitHub-Social,StructBK,395,12,1.0,0.8571428571428571,0.9230769230769231
external,GitHub-Social,StructBK,396,12,1.0,0.75,0.8571428571428571
external,GitHub-Social,StructBK,397,12,1.0,0.75,0.8571428571428571
external,GitHub-Social,StructBK,398,12,1.0,0.75,0.8571428571428571
external,GitHub-Social,StructBK,399,12,1.0,0.8,0.8888888888888888
external,GitHub-Social,StructBK,400,12,1.0,0.8,0.8888888888888888
external,GitHub-Social,StructBK,401,12,1.0,0.8,0.8888888888888888
external,GitHub-Social,StructBK,402,12,1.0,0.8,0.8888888888888888
external,GitHub-Social,StructBK,403,12,1.0,0.8,0.8888888888888888
external,GitHub-Social,StructBK,404,12,1.0,0.8571428571428571,0.9230769230769231
external,GitHub-Social,StructBK,405,12,1.0,0.8571428571428571,0.9230769230769231
external,GitHub-Social,StructBK,406,12,1.0,0.8571428571428571,0.9230769230769231
external,GitHub-Social,StructBK,407,12,1.0,0.8,0.8888888888888888
external,GitHub-Social,StructBK,408,12,1.0,0.8,0.8888888888888888
external,GitHub-Social,StructBK,409,12,1.0,0.75,0.8571428571428571
external,GitHub-Social,StructBK,410,12,1.0,0.8,0.8888888888888888
external,GitHub-Social,StructBK,411,12,1.0,0.8,0.8888888888888888
external,GitHub-Social,StructBK,412,12,1.0,0.8,0.8888888888888888
external,GitHub-Social,StructBK,413,12,1.0,0.75,0.8571428571428571
external,GitHub-Social,StructBK,414,12,1.0,0.75,0.8571428571428571
external,GitHub-Social,StructBK,415,12,1.0,0.75,0.8571428571428571
external,GitHub-Social,StructBK,416,12,1.0,1.0,1.0
external,GitHub-Social,StructBK,417,12,1.0,0.9230769230769231,0.96
external,GitHub-Social,StructBK,418,12,1.0,0.9230769230769231,0.96
external,GitHub-Social,StructBK,419,12,1.0,0.9230769230769231,0.96
external,GitHub-Social,StructBK,420,12,1.0,0.9230769230769231,0.96
external,GitHub-Social,StructBK,421,12,1.0,0.9230769230769231,0.96
external,GitHub-Social,StructBK,422,12,1.0,0.9230769230769231,0.96
external,GitHub-Social,StructBK,423,12,1.0,0.8571428571428571,0.9230769230769231
external,GitHub-Social,StructBK,424,12,1.0,0.8571428571428571,0.9230769230769231
external,GitHub-Social,StructBK,425,12,1.0,0.7058823529411765,0.8275862068965517
external,GitHub-Social,StructBK,426,12,1.0,0.9230769230769231,0.96
external,GitHub-Social,StructBK,427,12,1.0,0.9230769230769231,0.96
external,GitHub-Social,StructBK,428,12,1.0,0.9230769230769231,0.96
external,GitHub-Social,StructBK,429,12,1.0,0.9230769230769231,0.96
external,GitHub-Social,StructBK,430,12,1.0,0.9230769230769231,0.96
external,GitHub-Social,StructBK,431,12,1.0,0.9230769230769231,0.96
external,GitHub-Social,StructBK,432,12,1.0,0.8,0.8888888888888888
external,GitHub-Social,StructBK,433,12,1.0,0.8,0.8888888888888888
external,GitHub-Social,StructBK,434,12,1.0,0.8,0.8888888888888888
external,GitHub-Social,StructBK,435,12,1.0,0.8,0.8888888888888888
external,GitHub-Social,StructBK,436,12,1.0,0.9230769230769231,0.96
external,GitHub-Social,StructBK,437,12,1.0,0.9230769230769231,0.96
external,GitHub-Social,StructBK,438,12,1.0,0.9230769230769231,0.96
external,GitHub-Social,StructBK,439,12,1.0,0.9230769230769231,0.96
external,GitHub-Social,StructBK,440,12,1.0,0.9230769230769231,0.96
external,GitHub-Social,StructBK,441,12,1.0,0.9230769230769231,0.96
external,GitHub-Social,StructBK,442,12,1.0,0.9230769230769231,0.96
external,GitHub-Social,StructBK,443,12,1.0,1.0,1.0
external,GitHub-Social,StructBK,444,12,1.0,1.0,1.0
external,GitHub-Social,StructBK,445,12,1.0,0.9230769230769231,0.96
external,GitHub-Social,StructBK,446,11,1.0,0.8461538461538461,0.9166666666666666
external,GitHub-Social,StructBK,447,11,1.0,0.8461538461538461,0.9166666666666666
external,GitHub-Social,StructBK,448,11,1.0,0.6470588235294118,0.7857142857142857
external,GitHub-Social,StructBK,449,11,1.0,0.6470588235294118,0.7857142857142857
external,GitHub-Social,StructBK,450,11,1.0,0.6875,0.8148148148148148
external,GitHub-Social,StructBK,451,11,1.0,0.6470588235294118,0.7857142857142857
external,GitHub-Social,StructBK,452,11,1.0,0.6470588235294118,0.7857142857142857
external,GitHub-Social,StructBK,453,11,1.0,0.6875,0.8148148148148148
external,GitHub-Social,StructBK,454,11,1.0,0.6875,0.8148148148148148
external,GitHub-Social,StructBK,455,11,1.0,0.6875,0.8148148148148148
external,GitHub-Social,StructBK,456,11,1.0,0.7857142857142857,0.88
external,GitHub-Social,StructBK,457,11,1.0,0.7857142857142857,0.88
external,GitHub-Social,StructBK,458,11,1.0,0.7857142857142857,0.88
external,GitHub-Social,StructBK,459,11,1.0,0.8461538461538461,0.9166666666666666
external,GitHub-Social,StructBK,460,11,1.0,0.8461538461538461,0.9166666666666666
external,GitHub-Social,StructBK,461,11,1.0,0.8461538461538461,0.9166666666666666
external,GitHub-Social,StructBK,462,11,1.0,0.7857142857142857,0.88
external,GitHub-Social,StructBK,463,11,1.0,0.8461538461538461,0.9166666666666666
external,GitHub-Social,StructBK,464,11,1.0,0.8461538461538461,0.9166666666666666
external,GitHub-Social,StructBK,465,11,1.0,0.8461538461538461,0.9166666666666666
external,GitHub-Social,StructBK,466,11,1.0,0.8461538461538461,0.9166666666666666
external,GitHub-Social,StructBK,467,11,1.0,0.8461538461538461,0.9166666666666666
external,GitHub-Social,StructBK,468,11,1.0,0.8461538461538461,0.9166666666666666
external,GitHub-Social,StructBK,469,11,1.0,0.8461538461538461,0.9166666666666666
external,GitHub-Social,StructBK,470,11,1.0,0.8461538461538461,0.9166666666666666
external,GitHub-Social,StructBK,471,11,1.0,0.8461538461538461,0.9166666666666666
external,GitHub-Social,StructBK,472,11,1.0,0.7142857142857143,0.8333333333333334
external,GitHub-Social,StructBK,473,11,1.0,0.8461538461538461,0.9166666666666666
external,GitHub-Social,StructBK,474,11,1.0,0.8461538461538461,0.9166666666666666
external,GitHub-Social,StructBK,475,11,1.0,0.8461538461538461,0.9166666666666666
external,GitHub-Social,StructBK,476,11,1.0,0.8461538461538461,0.9166666666666666
external,GitHub-Social,StructBK,477,11,1.0,0.9166666666666666,0.9565217391304348
external,GitHub-Social,StructBK,478,11,1.0,0.8461538461538461,0.9166666666666666
external,GitHub-Social,StructBK,479,11,1.0,0.6875,0.8148148148148148
external,GitHub-Social,StructBK,480,11,1.0,0.8461538461538461,0.9166666666666666
external,GitHub-Social,StructBK,481,11,1.0,0.7333333333333333,0.8461538461538461
external,GitHub-Social,StructBK,482,11,1.0,0.7857142857142857,0.88
external,GitHub-Social,StructBK,483,11,1.0,0.6875,0.8148148148148148
external,GitHub-Social,StructBK,484,11,1.0,0.7333333333333333,0.8461538461538461
external,GitHub-Social,StructBK,485,11,1.0,0.7333333333333333,0.8461538461538461
external,GitHub-Social,StructBK,486,11,1.0,0.7333333333333333,0.8461538461538461
external,GitHub-Social,StructBK,487,11,1.0,0.7333333333333333,0.8461538461538461
external,GitHub-Social,StructBK,488,11,1.0,0.7333333333333333,0.8461538461538461
external,GitHub-Social,StructBK,489,11,1.0,0.9166666666666666,0.9565217391304348
external,GitHub-Social,StructBK,490,11,1.0,0.9166666666666666,0.9565217391304348
external,GitHub-Social,StructBK,491,11,1.0,0.9166666666666666,0.9565217391304348
external,GitHub-Social,StructBK,492,11,1.0,1.0,1.0
external,GitHub-Social,StructBK,493,11,1.0,0.9166666666666666,0.9565217391304348
external,GitHub-Social,StructBK,494,11,1.0,0.9166666666666666,0.9565217391304348
external,GitHub-Social,StructBK,495,11,1.0,0.9166666666666666,0.9565217391304348
external,GitHub-Social,StructBK,496,11,1.0,0.9166666666666666,0.9565217391304348
external,GitHub-Social,StructBK,497,11,1.0,1.0,1.0
external,GitHub-Social,StructBK,498,11,1.0,1.0,1.0
external,GitHub-Social,StructBK,499,11,1.0,0.8461538461538461,0.9166666666666666
external,GitHub-Social,StructBK,500,11,1.0,0.8461538461538461,0.9166666666666666
external,GitHub-Social,StructBK,501,11,1.0,0.8461538461538461,0.9166666666666666
external,GitHub-Social,StructBK,502,11,1.0,0.9166666666666666,0.9565217391304348
external,GitHub-Social,StructBK,503,11,1.0,0.9166666666666666,0.9565217391304348
external,GitHub-Social,StructBK,504,11,1.0,0.9166666666666666,0.9565217391304348
external,GitHub-Social,StructBK,505,11,1.0,0.8461538461538461,0.9166666666666666
external,GitHub-Social,StructBK,506,11,1.0,0.9166666666666666,0.9565217391304348
external,GitHub-Social,StructBK,507,11,1.0,0.8461538461538461,0.9166666666666666
external,GitHub-Social,StructBK,508,11,1.0,0.7857142857142857,0.88
external,GitHub-Social,StructBK,509,11,1.0,0.9166666666666666,0.9565217391304348
external,GitHub-Social,StructBK,510,11,1.0,0.9166666666666666,0.9565217391304348
external,GitHub-Social,StructBK,511,11,1.0,0.8461538461538461,0.9166666666666666
external,GitHub-Social,StructBK,512,11,1.0,0.9166666666666666,0.9565217391304348
external,GitHub-Social,StructBK,513,11,1.0,1.0,1.0
external,GitHub-Social,StructBK,514,11,1.0,0.9166666666666666,0.9565217391304348
external,GitHub-Social,StructBK,515,11,1.0,0.9166666666666666,0.9565217391304348
external,GitHub-Social,StructBK,516,11,1.0,0.9166666666666666,0.9565217391304348
external,GitHub-Social,StructBK,517,11,1.0,0.9166666666666666,0.9565217391304348
external,GitHub-Social,StructBK,518,11,1.0,0.9166666666666666,0.9565217391304348
external,GitHub-Social,StructBK,519,11,1.0,1.0,1.0
external,GitHub-Social,StructBK,520,11,1.0,0.9166666666666666,0.9565217391304348
external,GitHub-Social,StructBK,521,10,1.0,0.8333333333333334,0.9090909090909091
external,GitHub-Social,StructBK,522,10,1.0,0.8333333333333334,0.9090909090909091
external,GitHub-Social,StructBK,523,10,1.0,0.6666666666666666,0.8
external,GitHub-Social,StructBK,524,10,1.0,0.9090909090909091,0.9523809523809523
external,GitHub-Social,StructBK,525,10,1.0,0.7692307692307693,0.8695652173913043
external,GitHub-Social,StructBK,526,10,1.0,0.7142857142857143,0.8333333333333334
external,GitHub-Social,StructBK,527,10,1.0,0.7142857142857143,0.8333333333333334
external,GitHub-Social,StructBK,528,10,1.0,0.7142857142857143,0.8333333333333334
external,GitHub-Social,StructBK,529,10,1.0,0.7142857142857143,0.8333333333333334
external,GitHub-Social,StructBK,530,10,1.0,0.7142857142857143,0.8333333333333334
external,GitHub-Social,StructBK,531,10,1.0,0.7692307692307693,0.8695652173913043
external,GitHub-Social,StructBK,532,10,1.0,0.7692307692307693,0.8695652173913043
external,GitHub-Social,StructBK,533,10,1.0,0.7692307692307693,0.8695652173913043
external,GitHub-Social,StructBK,534,10,1.0,0.7692307692307693,0.8695652173913043
external,GitHub-Social,StructBK,535,10,1.0,0.8333333333333334,0.9090909090909091
external,GitHub-Social,StructBK,536,10,1.0,0.8333333333333334,0.9090909090909091
external,GitHub-Social,StructBK,537,10,1.0,0.7692307692307693,0.8695652173913043
external,GitHub-Social,StructBK,538,10,1.0,0.7692307692307693,0.8695652173913043
external,GitHub-Social,StructBK,539,10,1.0,0.7692307692307693,0.8695652173913043
external,GitHub-Social,StructBK,540,10,1.0,0.8333333333333334,0.9090909090909091
external,GitHub-Social,StructBK,541,10,1.0,0.75,0.8571428571428571
external,GitHub-Social,StructBK,542,10,1.0,0.7692307692307693,0.8695652173913043
external,GitHub-Social,StructBK,543,10,1.0,0.7692307692307693,0.8695652173913043
external,GitHub-Social,StructBK,544,10,1.0,0.7692307692307693,0.8695652173913043
external,GitHub-Social,StructBK,545,10,1.0,0.7692307692307693,0.8695652173913043
external,GitHub-Social,StructBK,546,10,1.0,0.7692307692307693,0.8695652173913043
external,GitHub-Social,StructBK,547,10,1.0,0.7692307692307693,0.8695652173913043
external,GitHub-Social,StructBK,548,10,1.0,0.7692307692307693,0.8695652173913043
external,GitHub-Social,StructBK,549,10,1.0,0.7692307692307693,0.8695652173913043
external,GitHub-Social,StructBK,550,10,1.0,0.7692307692307693,0.8695652173913043
external,GitHub-Social,StructBK,551,10,1.0,0.7692307692307693,0.8695652173913043
external,GitHub-Social,StructBK,552,10,1.0,0.7692307692307693,0.8695652173913043
external,GitHub-Social,StructBK,553,10,1.0,0.7692307692307693,0.8695652173913043
external,GitHub-Social,StructBK,554,10,1.0,0.6666666666666666,0.8
external,GitHub-Social,StructBK,555,10,1.0,0.6666666666666666,0.8
external,GitHub-Social,StructBK,556,10,1.0,0.7142857142857143,0.8333333333333334
external,GitHub-Social,StructBK,557,10,1.0,0.7142857142857143,0.8333333333333334
external,GitHub-Social,StructBK,558,10,1.0,0.7142857142857143,0.8333333333333334
external,GitHub-Social,StructBK,559,10,1.0,0.6666666666666666,0.8
external,GitHub-Social,StructBK,560,10,1.0,0.6666666666666666,0.8
external,GitHub-Social,StructBK,561,10,1.0,0.6666666666666666,0.8
external,GitHub-Social,StructBK,562,10,1.0,0.7142857142857143,0.8333333333333334
external,GitHub-Social,StructBK,563,10,1.0,0.6666666666666666,0.8
external,GitHub-Social,StructBK,564,10,1.0,0.6666666666666666,0.8
external,GitHub-Social,StructBK,565,10,1.0,0.8333333333333334,0.9090909090909091
external,GitHub-Social,StructBK,566,10,1.0,0.8333333333333334,0.9090909090909091
external,GitHub-Social,StructBK,567,10,1.0,0.8333333333333334,0.9090909090909091
external,GitHub-Social,StructBK,568,10,1.0,0.8333333333333334,0.9090909090909091
external,GitHub-Social,StructBK,569,10,1.0,0.8333333333333334,0.9090909090909091
external,GitHub-Social,StructBK,570,10,1.0,0.8333333333333334,0.9090909090909091
external,GitHub-Social,StructBK,571,10,1.0,0.8333333333333334,0.9090909090909091
external,GitHub-Social,StructBK,572,10,1.0,0.8333333333333334,0.9090909090909091
external,GitHub-Social,StructBK,573,10,1.0,0.7692307692307693,0.8695652173913043
external,GitHub-Social,StructBK,574,10,1.0,1.0,1.0
external,GitHub-Social,StructBK,575,10,1.0,1.0,1.0
external,GitHub-Social,StructBK,576,10,1.0,1.0,1.0
external,GitHub-Social,StructBK,577,10,1.0,1.0,1.0
external,GitHub-Social,StructBK,578,10,1.0,1.0,1.0
external,GitHub-Social,StructBK,579,10,1.0,1.0,1.0
external,GitHub-Social,StructBK,580,10,1.0,0.8333333333333334,0.9090909090909091
external,GitHub-Social,StructBK,581,10,1.0,0.8333333333333334,0.9090909090909091
external,GitHub-Social,StructBK,582,10,1.0,0.8333333333333334,0.9090909090909091
external,GitHub-Social,StructBK,583,10,1.0,0.7142857142857143,0.8333333333333334
external,GitHub-Social,StructBK,584,10,1.0,0.8333333333333334,0.9090909090909091
external,GitHub-Social,StructBK,585,10,1.0,0.8333333333333334,0.9090909090909091
external,GitHub-Social,StructBK,586,10,1.0,0.8333333333333334,0.9090909090909091
external,GitHub-Social,StructBK,587,10,1.0,1.0,1.0
external,GitHub-Social,StructBK,588,10,1.0,0.9090909090909091,0.9523809523809523
external,GitHub-Social,StructBK,589,10,1.0,0.9090909090909091,0.9523809523809523
external,GitHub-Social,StructBK,590,10,1.0,0.8333333333333334,0.9090909090909091
external,GitHub-Social,StructBK,591,10,1.0,0.8333333333333334,0.9090909090909091
external,GitHub-Social,StructBK,592,10,1.0,0.8333333333333334,0.9090909090909091
external,GitHub-Social,StructBK,593,10,1.0,0.8333333333333334,0.9090909090909091
external,GitHub-Social,StructBK,594,10,1.0,0.8333333333333334,0.9090909090909091
external,GitHub-Social,StructBK,595,10,1.0,0.8333333333333334,0.9090909090909091
external,GitHub-Social,StructBK,596,10,1.0,0.8333333333333334,0.9090909090909091
external,GitHub-Social,StructBK,597,10,1.0,0.8333333333333334,0.9090909090909091
external,GitHub-Social,StructBK,598,10,1.0,0.9090909090909091,0.9523809523809523
external,GitHub-Social,StructBK,599,10,1.0,0.9090909090909091,0.9523809523809523
external,GitHub-Social,StructBK,600,10,1.0,0.9090909090909091,0.9523809523809523
external,GitHub-Social,StructBK,601,10,1.0,0.9090909090909091,0.9523809523809523
external,GitHub-Social,StructBK,602,10,1.0,0.9090909090909091,0.9523809523809523
external,GitHub-Social,StructBK,603,10,1.0,0.9090909090909091,0.9523809523809523
external,GitHub-Social,StructBK,604,10,1.0,1.0,1.0
external,GitHub-Social,FastQC,0,24,1.0,0.9230769230769231,0.96
external,GitHub-Social,FastQC,1,24,1.0,0.9230769230769231,0.96
external,GitHub-Social,FastQC,2,24,1.0,0.9230769230769231,0.96
external,GitHub-Social,FastQC,3,24,1.0,0.9230769230769231,0.96
external,GitHub-Social,FastQC,4,23,1.0,0.92,0.9583333333333334
external,GitHub-Social,FastQC,5,23,1.0,0.92,0.9583333333333334
external,GitHub-Social,FastQC,6,23,1.0,0.92,0.9583333333333334
external,GitHub-Social,FastQC,7,23,1.0,0.92,0.9583333333333334
external,GitHub-Social,FastQC,8,22,1.0,0.88,0.9361702127659575
external,GitHub-Social,FastQC,9,22,1.0,0.88,0.9361702127659575
external,GitHub-Social,FastQC,10,22,1.0,0.88,0.9361702127659575
external,GitHub-Social,FastQC,11,22,1.0,0.9166666666666666,0.9565217391304348
external,GitHub-Social,FastQC,12,22,1.0,0.88,0.9361702127659575
external,GitHub-Social,FastQC,13,22,1.0,0.9166666666666666,0.9565217391304348
external,GitHub-Social,FastQC,14,22,1.0,0.9565217391304348,0.9777777777777777
external,GitHub-Social,FastQC,15,22,1.0,0.88,0.9361702127659575
external,GitHub-Social,FastQC,16,22,1.0,0.88,0.9361702127659575
external,GitHub-Social,FastQC,17,22,1.0,0.88,0.9361702127659575
external,GitHub-Social,FastQC,18,22,1.0,0.9166666666666666,0.9565217391304348
external,GitHub-Social,FastQC,19,22,1.0,0.88,0.9361702127659575
external,GitHub-Social,FastQC,20,22,1.0,0.9166666666666666,0.9565217391304348
external,GitHub-Social,FastQC,21,21,1.0,0.9545454545454546,0.9767441860465116
external,GitHub-Social,FastQC,22,21,1.0,0.875,0.9333333333333333
external,GitHub-Social,FastQC,23,21,1.0,0.875,0.9333333333333333
external,GitHub-Social,FastQC,24,21,1.0,0.875,0.9333333333333333
external,GitHub-Social,FastQC,25,20,1.0,1.0,1.0
external,GitHub-Social,FastQC,26,20,1.0,0.9523809523809523,0.975609756097561
external,GitHub-Social,FastQC,27,20,1.0,0.8333333333333334,0.9090909090909091
external,GitHub-Social,FastQC,28,20,1.0,0.8333333333333334,0.9090909090909091
external,GitHub-Social,FastQC,29,20,1.0,0.8333333333333334,0.9090909090909091
external,GitHub-Social,FastQC,30,20,1.0,0.8695652173913043,0.9302325581395349
external,GitHub-Social,FastQC,31,20,1.0,0.8333333333333334,0.9090909090909091
external,GitHub-Social,FastQC,32,20,1.0,0.9,0.9473684210526315
external,GitHub-Social,FastQC,33,20,1.0,0.9,0.9473684210526315
external,GitHub-Social,FastQC,34,20,1.0,0.8333333333333334,0.9090909090909091
external,GitHub-Social,FastQC,35,20,1.0,0.9,0.9473684210526315
external,GitHub-Social,FastQC,36,20,1.0,0.9,0.9473684210526315
external,GitHub-Social,FastQC,37,19,1.0,0.8636363636363636,0.926829268292683
external,GitHub-Social,FastQC,38,19,1.0,0.8636363636363636,0.926829268292683
external,GitHub-Social,FastQC,39,19,1.0,0.8636363636363636,0.926829268292683
external,GitHub-Social,FastQC,40,19,1.0,0.9047619047619048,0.95
external,GitHub-Social,FastQC,41,19,1.0,0.8636363636363636,0.926829268292683
external,GitHub-Social,FastQC,42,18,1.0,0.9473684210526315,0.972972972972973
external,GitHub-Social,FastQC,43,18,1.0,0.9473684210526315,0.972972972972973
external,GitHub-Social,FastQC,44,18,1.0,0.9473684210526315,0.972972972972973
external,GitHub-Social,FastQC,45,18,1.0,1.0,1.0
external,GitHub-Social,FastQC,46,17,1.0,1.0,1.0
external,GitHub-Social,FastQC,47,17,1.0,1.0,1.0
external,GitHub-Social,FastQC,48,17,1.0,1.0,1.0
external,GitHub-Social,FastQC,49,17,1.0,0.8421052631578947,0.9142857142857143
external,GitHub-Social,FastQC,50,17,1.0,0.8421052631578947,0.9142857142857143
external,GitHub-Social,FastQC,51,17,1.0,0.8421052631578947,0.9142857142857143
external,GitHub-Social,FastQC,52,17,1.0,0.8421052631578947,0.9142857142857143
external,GitHub-Social,FastQC,53,17,1.0,0.8421052631578947,0.9142857142857143
external,GitHub-Social,FastQC,54,17,1.0,0.8095238095238095,0.8947368421052632
external,GitHub-Social,FastQC,55,17,1.0,0.8095238095238095,0.8947368421052632
external,GitHub-Social,FastQC,56,17,1.0,0.9444444444444444,0.9714285714285714
external,GitHub-Social,FastQC,57,17,1.0,0.9444444444444444,0.9714285714285714
external,GitHub-Social,FastQC,58,17,1.0,0.9444444444444444,0.9714285714285714
external,GitHub-Social,FastQC,59,17,1.0,0.8421052631578947,0.9142857142857143
external,GitHub-Social,FastQC,60,17,1.0,0.8421052631578947,0.9142857142857143
external,GitHub-Social,FastQC,61,17,1.0,0.8421052631578947,0.9142857142857143
external,GitHub-Social,FastQC,62,17,1.0,0.8421052631578947,0.9142857142857143
external,GitHub-Social,FastQC,63,17,1.0,0.8421052631578947,0.9142857142857143
external,GitHub-Social,FastQC,64,17,1.0,0.8421052631578947,0.9142857142857143
external,GitHub-Social,FastQC,65,17,1.0,0.8095238095238095,0.8947368421052632
external,GitHub-Social,FastQC,66,17,1.0,0.8095238095238095,0.8947368421052632
external,GitHub-Social,FastQC,67,17,1.0,0.8095238095238095,0.8947368421052632
external,GitHub-Social,FastQC,68,17,1.0,1.0,1.0
external,GitHub-Social,FastQC,69,17,1.0,0.9444444444444444,0.9714285714285714
external,GitHub-Social,FastQC,70,17,1.0,0.9444444444444444,0.9714285714285714
external,GitHub-Social,FastQC,71,17,1.0,0.9444444444444444,0.9714285714285714
external,GitHub-Social,FastQC,72,17,1.0,0.8888888888888888,0.9411764705882353
external,GitHub-Social,FastQC,73,17,1.0,0.8947368421052632,0.9444444444444444
external,GitHub-Social,FastQC,74,17,1.0,0.8947368421052632,0.9444444444444444
external,GitHub-Social,FastQC,75,17,1.0,0.8947368421052632,0.9444444444444444
external,GitHub-Social,FastQC,76,17,1.0,0.8947368421052632,0.9444444444444444
external,GitHub-Social,FastQC,77,17,1.0,0.8947368421052632,0.9444444444444444
external,GitHub-Social,FastQC,78,17,1.0,0.8947368421052632,0.9444444444444444
external,GitHub-Social,FastQC,79,17,1.0,0.8947368421052632,0.9444444444444444
external,GitHub-Social,FastQC,80,16,1.0,0.9411764705882353,0.9696969696969697
external,GitHub-Social,FastQC,81,16,1.0,0.9411764705882353,0.9696969696969697
external,GitHub-Social,FastQC,82,16,1.0,0.9411764705882353,0.9696969696969697
external,GitHub-Social,FastQC,83,16,1.0,0.9411764705882353,0.9696969696969697
external,GitHub-Social,FastQC,84,16,1.0,0.9411764705882353,0.9696969696969697
external,GitHub-Social,FastQC,85,16,1.0,0.9411764705882353,0.9696969696969697
external,GitHub-Social,FastQC,86,16,1.0,0.9411764705882353,0.9696969696969697
external,GitHub-Social,FastQC,87,16,1.0,0.9411764705882353,0.9696969696969697
external,GitHub-Social,FastQC,88,16,1.0,0.9411764705882353,0.9696969696969697
external,GitHub-Social,FastQC,89,16,1.0,0.9411764705882353,0.9696969696969697
external,GitHub-Social,FastQC,90,16,1.0,1.0,1.0
external,GitHub-Social,FastQC,91,16,1.0,1.0,1.0
external,GitHub-Social,FastQC,92,16,1.0,1.0,1.0
external,GitHub-Social,FastQC,93,16,1.0,0.7619047619047619,0.8648648648648649
external,GitHub-Social,FastQC,94,16,1.0,0.7619047619047619,0.8648648648648649
external,GitHub-Social,FastQC,95,16,1.0,0.7619047619047619,0.8648648648648649
external,GitHub-Social,FastQC,96,16,1.0,0.9411764705882353,0.9696969696969697
external,GitHub-Social,FastQC,97,16,1.0,0.9411764705882353,0.9696969696969697
external,GitHub-Social,FastQC,98,16,1.0,0.9411764705882353,0.9696969696969697
external,GitHub-Social,FastQC,99,16,1.0,0.9411764705882353,0.9696969696969697
external,GitHub-Social,FastQC,100,16,1.0,0.9411764705882353,0.9696969696969697
external,GitHub-Social,FastQC,101,16,1.0,0.9411764705882353,0.9696969696969697
external,GitHub-Social,FastQC,102,16,1.0,0.9411764705882353,0.9696969696969697
external,GitHub-Social,FastQC,103,16,1.0,0.9411764705882353,0.9696969696969697
external,GitHub-Social,FastQC,104,16,1.0,0.9411764705882353,0.9696969696969697
external,GitHub-Social,FastQC,105,16,1.0,0.8333333333333334,0.9090909090909091
external,GitHub-Social,FastQC,106,16,1.0,0.8333333333333334,0.9090909090909091
external,GitHub-Social,FastQC,107,16,1.0,0.8333333333333334,0.9090909090909091
external,GitHub-Social,FastQC,108,16,1.0,0.8333333333333334,0.9090909090909091
external,GitHub-Social,FastQC,109,16,1.0,0.8333333333333334,0.9090909090909091
external,GitHub-Social,FastQC,110,16,1.0,0.8333333333333334,0.9090909090909091
external,GitHub-Social,FastQC,111,16,1.0,0.9411764705882353,0.9696969696969697
external,GitHub-Social,FastQC,112,16,1.0,0.9411764705882353,0.9696969696969697
external,GitHub-Social,FastQC,113,16,1.0,0.9411764705882353,0.9696969696969697
external,GitHub-Social,FastQC,114,16,1.0,0.9411764705882353,0.9696969696969697
external,GitHub-Social,FastQC,115,16,1.0,0.9411764705882353,0.9696969696969697
external,GitHub-Social,FastQC,116,16,1.0,0.9411764705882353,0.9696969696969697
external,GitHub-Social,FastQC,117,16,1.0,0.9411764705882353,0.9696969696969697
external,GitHub-Social,FastQC,118,16,1.0,0.9411764705882353,0.9696969696969697
external,GitHub-Social,FastQC,119,16,1.0,0.8333333333333334,0.9090909090909091
external,GitHub-Social,FastQC,120,16,1.0,0.8333333333333334,0.9090909090909091
external,GitHub-Social,FastQC,121,16,1.0,0.8333333333333334,0.9090909090909091
external,GitHub-Social,FastQC,122,16,1.0,0.8333333333333334,0.9090909090909091
external,GitHub-Social,FastQC,123,16,1.0,0.8823529411764706,0.9375
external,GitHub-Social,FastQC,124,16,1.0,0.8823529411764706,0.9375
external,GitHub-Social,FastQC,125,16,1.0,0.8333333333333334,0.9090909090909091
external,GitHub-Social,FastQC,126,16,1.0,0.8333333333333334,0.9090909090909091
external,GitHub-Social,FastQC,127,16,1.0,1.0,1.0
external,GitHub-Social,FastQC,128,16,1.0,1.0,1.0
external,GitHub-Social,FastQC,129,16,1.0,1.0,1.0
external,GitHub-Social,FastQC,130,16,1.0,1.0,1.0
external,GitHub-Social,FastQC,131,16,1.0,0.9411764705882353,0.9696969696969697
external,GitHub-Social,FastQC,132,16,1.0,0.9411764705882353,0.9696969696969697
external,GitHub-Social,FastQC,133,16,1.0,0.9411764705882353,0.9696969696969697
external,GitHub-Social,FastQC,134,16,1.0,0.9411764705882353,0.9696969696969697
external,GitHub-Social,FastQC,135,16,1.0,0.9411764705882353,0.9696969696969697
external,GitHub-Social,FastQC,136,16,1.0,0.9411764705882353,0.9696969696969697
external,GitHub-Social,FastQC,137,16,1.0,1.0,1.0
external,GitHub-Social,FastQC,138,16,1.0,1.0,1.0
external,GitHub-Social,FastQC,139,15,1.0,0.9375,0.967741935483871
external,GitHub-Social,FastQC,140,15,1.0,0.9375,0.967741935483871
external,GitHub-Social,FastQC,141,15,1.0,0.9375,0.967741935483871
external,GitHub-Social,FastQC,142,15,1.0,0.9375,0.967741935483871
external,GitHub-Social,FastQC,143,15,1.0,0.8823529411764706,0.9375
external,GitHub-Social,FastQC,144,15,1.0,0.8823529411764706,0.9375
external,GitHub-Social,FastQC,145,15,1.0,0.8823529411764706,0.9375
external,GitHub-Social,FastQC,146,15,1.0,0.8823529411764706,0.9375
external,GitHub-Social,FastQC,147,15,1.0,0.8823529411764706,0.9375
external,GitHub-Social,FastQC,148,15,1.0,0.9375,0.967741935483871
external,GitHub-Social,FastQC,149,15,1.0,0.8823529411764706,0.9375
external,GitHub-Social,FastQC,150,15,1.0,0.8823529411764706,0.9375
external,GitHub-Social,FastQC,151,15,1.0,0.8823529411764706,0.9375
external,GitHub-Social,FastQC,152,15,1.0,0.8823529411764706,0.9375
external,GitHub-Social,FastQC,153,15,1.0,0.9375,0.967741935483871
external,GitHub-Social,FastQC,154,15,1.0,0.9375,0.967741935483871
external,GitHub-Social,FastQC,155,15,1.0,0.9375,0.967741935483871
external,GitHub-Social,FastQC,156,15,1.0,0.9375,0.967741935483871
external,GitHub-Social,FastQC,157,15,1.0,0.7142857142857143,0.8333333333333334
external,GitHub-Social,FastQC,158,15,1.0,0.8823529411764706,0.9375
external,GitHub-Social,FastQC,159,15,1.0,0.8823529411764706,0.9375
external,GitHub-Social,FastQC,160,15,1.0,0.8823529411764706,0.9375
external,GitHub-Social,FastQC,161,15,1.0,0.8823529411764706,0.9375
external,GitHub-Social,FastQC,162,15,1.0,0.8823529411764706,0.9375
external,GitHub-Social,FastQC,163,15,1.0,0.9375,0.967741935483871
external,GitHub-Social,FastQC,164,15,1.0,0.9375,0.967741935483871
external,GitHub-Social,FastQC,165,15,1.0,0.9375,0.967741935483871
external,GitHub-Social,FastQC,166,15,1.0,0.8823529411764706,0.9375
external,GitHub-Social,FastQC,167,15,1.0,0.8823529411764706,0.9375
external,GitHub-Social,FastQC,168,15,1.0,0.7777777777777778,0.875
external,GitHub-Social,FastQC,169,15,1.0,0.7777777777777778,0.875
external,GitHub-Social,FastQC,170,15,1.0,0.8235294117647058,0.9032258064516129
external,GitHub-Social,FastQC,171,15,1.0,0.8235294117647058,0.9032258064516129
external,GitHub-Social,FastQC,172,15,1.0,0.7777777777777778,0.875
external,GitHub-Social,FastQC,173,15,1.0,0.7777777777777778,0.875
external,GitHub-Social,FastQC,174,15,1.0,0.7777777777777778,0.875
external,GitHub-Social,FastQC,175,15,1.0,0.8235294117647058,0.9032258064516129
external,GitHub-Social,FastQC,176,15,1.0,0.8235294117647058,0.9032258064516129
external,GitHub-Social,FastQC,177,15,1.0,0.7142857142857143,0.8333333333333334
external,GitHub-Social,FastQC,178,15,1.0,0.8823529411764706,0.9375
external,GitHub-Social,FastQC,179,15,1.0,0.8823529411764706,0.9375
external,GitHub-Social,FastQC,180,15,1.0,0.8823529411764706,0.9375
external,GitHub-Social,FastQC,181,15,1.0,0.8823529411764706,0.9375
external,GitHub-Social,FastQC,182,15,1.0,0.9375,0.967741935483871
external,GitHub-Social,FastQC,183,15,1.0,0.9375,0.967741935483871
external,GitHub-Social,FastQC,184,15,1.0,0.9375,0.967741935483871
external,GitHub-Social,FastQC,185,15,1.0,0.9375,0.967741935483871
external,GitHub-Social,FastQC,186,15,1.0,0.8333333333333334,0.9090909090909091
external,GitHub-Social,FastQC,187,15,1.0,0.8823529411764706,0.9375
external,GitHub-Social,FastQC,188,15,1.0,0.9375,0.967741935483871
external,GitHub-Social,FastQC,189,15,1.0,0.9375,0.967741935483871
external,GitHub-Social,FastQC,190,15,1.0,0.9375,0.967741935483871
external,GitHub-Social,FastQC,191,15,1.0,0.9375,0.967741935483871
external,GitHub-Social,FastQC,192,15,1.0,0.9375,0.967741935483871
external,GitHub-Social,FastQC,193,15,1.0,0.9375,0.967741935483871
external,GitHub-Social,FastQC,194,15,1.0,0.9375,0.967741935483871
external,GitHub-Social,FastQC,195,15,1.0,1.0,1.0
external,GitHub-Social,FastQC,196,15,1.0,0.8823529411764706,0.9375
external,GitHub-Social,FastQC,197,15,1.0,0.8823529411764706,0.9375
external,GitHub-Social,FastQC,198,15,1.0,0.8823529411764706,0.9375
external,GitHub-Social,FastQC,199,15,1.0,0.8823529411764706,0.9375
external,GitHub-Social,FastQC,200,15,1.0,0.8823529411764706,0.9375
external,GitHub-Social,FastQC,201,15,1.0,0.8823529411764706,0.9375
external,GitHub-Social,FastQC,202,15,1.0,0.8823529411764706,0.9375
external,GitHub-Social,FastQC,203,15,1.0,0.8823529411764706,0.9375
external,GitHub-Social,FastQC,204,15,1.0,0.8823529411764706,0.9375
external,GitHub-Social,FastQC,205,15,1.0,0.8823529411764706,0.9375
external,GitHub-Social,FastQC,206,15,1.0,0.9375,0.967741935483871
external,GitHub-Social,FastQC,207,15,1.0,0.9375,0.967741935483871
external,GitHub-Social,FastQC,208,15,1.0,0.9375,0.967741935483871
external,GitHub-Social,FastQC,209,15,1.0,1.0,1.0
external,GitHub-Social,FastQC,210,15,1.0,0.8823529411764706,0.9375
external,GitHub-Social,FastQC,211,15,1.0,0.8823529411764706,0.9375
external,GitHub-Social,FastQC,212,15,1.0,0.8823529411764706,0.9375
external,GitHub-Social,FastQC,213,15,1.0,0.8823529411764706,0.9375
external,GitHub-Social,FastQC,214,15,1.0,1.0,1.0
external,GitHub-Social,FastQC,215,15,1.0,1.0,1.0
external,GitHub-Social,FastQC,216,15,1.0,0.7142857142857143,0.8333333333333334
external,GitHub-Social,FastQC,217,15,1.0,1.0,1.0
external,GitHub-Social,FastQC,218,15,1.0,1.0,1.0
external,GitHub-Social,FastQC,219,15,1.0,0.8823529411764706,0.9375
external,GitHub-Social,FastQC,220,15,1.0,1.0,1.0
external,GitHub-Social,FastQC,221,15,1.0,1.0,1.0
external,GitHub-Social,FastQC,222,14,1.0,0.875,0.9333333333333333
external,GitHub-Social,FastQC,223,14,1.0,0.875,0.9333333333333333
external,GitHub-Social,FastQC,224,14,1.0,0.8235294117647058,0.9032258064516129
external,GitHub-Social,FastQC,225,14,1.0,0.8235294117647058,0.9032258064516129
external,GitHub-Social,FastQC,226,14,1.0,0.8235294117647058,0.9032258064516129
external,GitHub-Social,FastQC,227,14,1.0,0.8235294117647058,0.9032258064516129
external,GitHub-Social,FastQC,228,14,1.0,0.875,0.9333333333333333
external,GitHub-Social,FastQC,229,14,1.0,0.875,0.9333333333333333
external,GitHub-Social,FastQC,230,14,1.0,0.8235294117647058,0.9032258064516129
external,GitHub-Social,FastQC,231,14,1.0,0.8235294117647058,0.9032258064516129
external,GitHub-Social,FastQC,232,14,1.0,0.875,0.9333333333333333
external,GitHub-Social,FastQC,233,14,1.0,0.875,0.9333333333333333
external,GitHub-Social,FastQC,234,14,1.0,0.875,0.9333333333333333
external,GitHub-Social,FastQC,235,14,1.0,0.8235294117647058,0.9032258064516129
external,GitHub-Social,FastQC,236,14,1.0,0.8235294117647058,0.9032258064516129
external,GitHub-Social,FastQC,237,14,1.0,0.8235294117647058,0.9032258064516129
external,GitHub-Social,FastQC,238,14,1.0,0.8235294117647058,0.9032258064516129
external,GitHub-Social,FastQC,239,14,1.0,0.8235294117647058,0.9032258064516129
external,GitHub-Social,FastQC,240,14,1.0,0.875,0.9333333333333333
external,GitHub-Social,FastQC,241,14,1.0,0.875,0.9333333333333333
external,GitHub-Social,FastQC,242,14,1.0,0.8235294117647058,0.9032258064516129
external,GitHub-Social,FastQC,243,14,1.0,0.8235294117647058,0.9032258064516129
external,GitHub-Social,FastQC,244,14,1.0,0.9333333333333333,0.9655172413793104
external,GitHub-Social,FastQC,245,14,1.0,0.9333333333333333,0.9655172413793104
external,GitHub-Social,FastQC,246,14,1.0,0.875,0.9333333333333333
external,GitHub-Social,FastQC,247,14,1.0,0.875,0.9333333333333333
external,GitHub-Social,FastQC,248,14,1.0,0.875,0.9333333333333333
external,GitHub-Social,FastQC,249,14,1.0,0.875,0.9333333333333333
external,GitHub-Social,FastQC,250,14,1.0,0.875,0.9333333333333333
external,GitHub-Social,FastQC,251,14,1.0,0.875,0.9333333333333333
external,GitHub-Social,FastQC,252,14,1.0,0.875,0.9333333333333333
external,GitHub-Social,FastQC,253,14,1.0,0.875,0.9333333333333333
external,GitHub-Social,FastQC,254,14,1.0,0.875,0.9333333333333333
external,GitHub-Social,FastQC,255,14,1.0,0.9333333333333333,0.9655172413793104
external,GitHub-Social,FastQC,256,14,1.0,0.9333333333333333,0.9655172413793104
external,GitHub-Social,FastQC,257,14,1.0,0.9333333333333333,0.9655172413793104
external,GitHub-Social,FastQC,258,14,1.0,0.9333333333333333,0.9655172413793104
external,GitHub-Social,FastQC,259,14,1.0,0.9333333333333333,0.9655172413793104
external,GitHub-Social,FastQC,260,14,1.0,0.9333333333333333,0.9655172413793104
external,GitHub-Social,FastQC,261,14,1.0,0.875,0.9333333333333333
external,GitHub-Social,FastQC,262,14,1.0,0.875,0.9333333333333333
external,GitHub-Social,FastQC,263,14,1.0,0.875,0.9333333333333333
external,GitHub-Social,FastQC,264,14,1.0,0.875,0.9333333333333333
external,GitHub-Social,FastQC,265,14,1.0,0.8235294117647058,0.9032258064516129
external,GitHub-Social,FastQC,266,14,1.0,0.8235294117647058,0.9032258064516129
external,GitHub-Social,FastQC,267,14,1.0,0.875,0.9333333333333333
external,GitHub-Social,FastQC,268,14,1.0,0.875,0.9333333333333333
external,GitHub-Social,FastQC,269,14,1.0,0.875,0.9333333333333333
external,GitHub-Social,FastQC,270,14,1.0,0.875,0.9333333333333333
external,GitHub-Social,FastQC,271,14,1.0,0.875,0.9333333333333333
external,GitHub-Social,FastQC,272,14,1.0,0.875,0.9333333333333333
external,GitHub-Social,FastQC,273,14,1.0,0.7647058823529411,0.8666666666666667
external,GitHub-Social,FastQC,274,14,1.0,0.7777777777777778,0.875
external,GitHub-Social,FastQC,275,14,1.0,0.875,0.9333333333333333
external,GitHub-Social,FastQC,276,14,1.0,0.8235294117647058,0.9032258064516129
external,GitHub-Social,FastQC,277,14,1.0,0.8235294117647058,0.9032258064516129
external,GitHub-Social,FastQC,278,14,1.0,0.8235294117647058,0.9032258064516129
external,GitHub-Social,FastQC,279,14,1.0,0.8235294117647058,0.9032258064516129
external,GitHub-Social,FastQC,280,14,1.0,0.8235294117647058,0.9032258064516129
external,GitHub-Social,FastQC,281,14,1.0,0.8235294117647058,0.9032258064516129
external,GitHub-Social,FastQC,282,14,1.0,0.8235294117647058,0.9032258064516129
external,GitHub-Social,FastQC,283,14,1.0,0.875,0.9333333333333333
external,GitHub-Social,FastQC,284,14,1.0,0.9333333333333333,0.9655172413793104
external,GitHub-Social,FastQC,285,14,1.0,0.9333333333333333,0.9655172413793104
external,GitHub-Social,FastQC,286,14,1.0,0.8235294117647058,0.9032258064516129
external,GitHub-Social,FastQC,287,14,1.0,0.8235294117647058,0.9032258064516129
external,GitHub-Social,FastQC,288,14,1.0,0.8235294117647058,0.9032258064516129
external,GitHub-Social,FastQC,289,14,1.0,0.8235294117647058,0.9032258064516129
external,GitHub-Social,FastQC,290,14,1.0,0.875,0.9333333333333333
external,GitHub-Social,FastQC,291,14,1.0,1.0,1.0
external,GitHub-Social,FastQC,292,14,1.0,1.0,1.0
external,GitHub-Social,FastQC,293,14,1.0,1.0,1.0
external,GitHub-Social,FastQC,294,14,1.0,1.0,1.0
external,GitHub-Social,FastQC,295,13,1.0,0.8125,0.896551724137931
external,GitHub-Social,FastQC,296,13,1.0,0.8125,0.896551724137931
external,GitHub-Social,FastQC,297,13,1.0,0.8125,0.896551724137931
external,GitHub-Social,FastQC,298,13,1.0,0.8125,0.896551724137931
external,GitHub-Social,FastQC,299,13,1.0,0.8125,0.896551724137931
external,GitHub-Social,FastQC,300,13,1.0,0.7647058823529411,0.8666666666666667
external,GitHub-Social,FastQC,301,13,1.0,0.7647058823529411,0.8666666666666667
external,GitHub-Social,FastQC,302,13,1.0,0.7647058823529411,0.8666666666666667
external,GitHub-Social,FastQC,303,13,1.0,0.7647058823529411,0.8666666666666667
external,GitHub-Social,FastQC,304,13,1.0,0.7647058823529411,0.8666666666666667
external,GitHub-Social,FastQC,305,13,1.0,0.7647058823529411,0.8666666666666667
external,GitHub-Social,FastQC,306,13,1.0,0.7647058823529411,0.8666666666666667
external,GitHub-Social,FastQC,307,13,1.0,0.8125,0.896551724137931
external,GitHub-Social,FastQC,308,13,1.0,0.8666666666666667,0.9285714285714286
external,GitHub-Social,FastQC,309,13,1.0,0.8125,0.896551724137931
external,GitHub-Social,FastQC,310,13,1.0,0.8125,0.896551724137931
external,GitHub-Social,FastQC,311,13,1.0,0.8666666666666667,0.9285714285714286
external,GitHub-Social,FastQC,312,13,1.0,0.8666666666666667,0.9285714285714286
external,GitHub-Social,FastQC,313,13,1.0,0.8666666666666667,0.9285714285714286
external,GitHub-Social,FastQC,314,13,1.0,0.8666666666666667,0.9285714285714286
external,GitHub-Social,FastQC,315,13,1.0,0.8666666666666667,0.9285714285714286
external,GitHub-Social,FastQC,316,13,1.0,0.9285714285714286,0.9629629629629629
external,GitHub-Social,FastQC,317,13,1.0,0.8125,0.896551724137931
external,GitHub-Social,FastQC,318,13,1.0,0.8125,0.896551724137931
external,GitHub-Social,FastQC,319,13,1.0,0.8125,0.896551724137931
external,GitHub-Social,FastQC,320,13,1.0,0.8666666666666667,0.9285714285714286
external,GitHub-Social,FastQC,321,13,1.0,0.8666666666666667,0.9285714285714286
external,GitHub-Social,FastQC,322,13,1.0,0.8666666666666667,0.9285714285714286
external,GitHub-Social,FastQC,323,13,1.0,0.8666666666666667,0.9285714285714286
external,GitHub-Social,FastQC,324,13,1.0,0.8666666666666667,0.9285714285714286
external,GitHub-Social,FastQC,325,13,1.0,0.8666666666666667,0.9285714285714286
external,GitHub-Social,FastQC,326,13,1.0,0.9285714285714286,0.9629629629629629
external,GitHub-Social,FastQC,327,13,1.0,0.8666666666666667,0.9285714285714286
external,GitHub-Social,FastQC,328,13,1.0,0.8125,0.896551724137931
external,GitHub-Social,FastQC,329,13,1.0,0.7647058823529411,0.8666666666666667
external,GitHub-Social,FastQC,330,13,1.0,0.7647058823529411,0.8666666666666667
external,GitHub-Social,FastQC,331,13,1.0,0.7647058823529411,0.8666666666666667
external,GitHub-Social,FastQC,332,13,1.0,0.7647058823529411,0.8666666666666667
external,GitHub-Social,FastQC,333,13,1.0,0.8125,0.896551724137931
external,GitHub-Social,FastQC,334,13,1.0,0.9285714285714286,0.9629629629629629
external,GitHub-Social,FastQC,335,13,1.0,1.0,1.0
external,GitHub-Social,FastQC,336,13,1.0,1.0,1.0
external,GitHub-Social,FastQC,337,13,1.0,0.9285714285714286,0.9629629629629629
external,GitHub-Social,FastQC,338,13,1.0,0.9285714285714286,0.9629629629629629
external,GitHub-Social,FastQC,339,13,1.0,0.9285714285714286,0.9629629629629629
external,GitHub-Social,FastQC,340,13,1.0,0.8666666666666667,0.9285714285714286
external,GitHub-Social,FastQC,341,13,1.0,0.8666666666666667,0.9285714285714286
external,GitHub-Social,FastQC,342,13,1.0,0.9285714285714286,0.9629629629629629
external,GitHub-Social,FastQC,343,13,1.0,0.9285714285714286,0.9629629629629629
external,GitHub-Social,FastQC,344,13,1.0,0.9285714285714286,0.9629629629629629
external,GitHub-Social,FastQC,345,13,1.0,0.9285714285714286,0.9629629629629629
external,GitHub-Social,FastQC,346,13,1.0,1.0,1.0
external,GitHub-Social,FastQC,347,13,1.0,0.8666666666666667,0.9285714285714286
external,GitHub-Social,FastQC,348,13,1.0,0.9285714285714286,0.9629629629629629
external,GitHub-Social,FastQC,349,13,1.0,0.9285714285714286,0.9629629629629629
external,GitHub-Social,FastQC,350,13,1.0,0.9285714285714286,0.9629629629629629
external,GitHub-Social,FastQC,351,13,1.0,1.0,1.0
external,GitHub-Social,FastQC,352,13,1.0,0.9285714285714286,0.9629629629629629
external,GitHub-Social,FastQC,353,13,1.0,0.9285714285714286,0.9629629629629629
external,GitHub-Social,FastQC,354,13,1.0,0.9285714285714286,0.9629629629629629
external,GitHub-Social,FastQC,355,13,1.0,0.7647058823529411,0.8666666666666667
external,GitHub-Social,FastQC,356,13,1.0,0.8125,0.896551724137931
external,GitHub-Social,FastQC,357,13,1.0,0.9285714285714286,0.9629629629629629
external,GitHub-Social,FastQC,358,13,1.0,0.9285714285714286,0.9629629629629629
external,GitHub-Social,FastQC,359,13,1.0,0.9285714285714286,0.9629629629629629
external,GitHub-Social,FastQC,360,12,1.0,0.75,0.8571428571428571
external,GitHub-Social,FastQC,361,12,1.0,0.75,0.8571428571428571
external,GitHub-Social,FastQC,362,12,1.0,0.75,0.8571428571428571
external,GitHub-Social,FastQC,363,12,1.0,0.7058823529411765,0.8275862068965517
external,GitHub-Social,FastQC,364,12,1.0,0.7692307692307693,0.8695652173913043
external,GitHub-Social,FastQC,365,12,1.0,0.75,0.8571428571428571
external,GitHub-Social,FastQC,366,12,1.0,0.75,0.8571428571428571
external,GitHub-Social,FastQC,367,12,1.0,0.75,0.8571428571428571
external,GitHub-Social,FastQC,368,12,1.0,0.8,0.8888888888888888
external,GitHub-Social,FastQC,369,12,1.0,0.8,0.8888888888888888
external,GitHub-Social,FastQC,370,12,1.0,0.75,0.8571428571428571
external,GitHub-Social,FastQC,371,12,1.0,0.75,0.8571428571428571
external,GitHub-Social,FastQC,372,12,1.0,0.75,0.8571428571428571
external,GitHub-Social,FastQC,373,12,1.0,0.75,0.8571428571428571
external,GitHub-Social,FastQC,374,12,1.0,0.75,0.8571428571428571
external,GitHub-Social,FastQC,375,12,1.0,0.75,0.8571428571428571
external,GitHub-Social,FastQC,376,12,1.0,0.75,0.8571428571428571
external,GitHub-Social,FastQC,377,12,1.0,0.75,0.8571428571428571
external,GitHub-Social,FastQC,378,12,1.0,0.75,0.8571428571428571
external,GitHub-Social,FastQC,379,12,1.0,0.8571428571428571,0.9230769230769231
external,GitHub-Social,FastQC,380,12,1.0,0.8571428571428571,0.9230769230769231
external,GitHub-Social,FastQC,381,12,1.0,0.9230769230769231,0.96
external,GitHub-Social,FastQC,382,12,1.0,0.9230769230769231,0.96
external,GitHub-Social,FastQC,383,12,1.0,0.9230769230769231,0.96
external,GitHub-Social,FastQC,384,12,1.0,0.9230769230769231,0.96
external,GitHub-Social,FastQC,385,12,1.0,0.8,0.8888888888888888
external,GitHub-Social,FastQC,386,12,1.0,0.8571428571428571,0.9230769230769231
external,GitHub-Social,FastQC,387,12,1.0,0.8571428571428571,0.9230769230769231
external,GitHub-Social,FastQC,388,12,1.0,0.8571428571428571,0.9230769230769231
external,GitHub-Social,FastQC,389,12,1.0,0.8571428571428571,0.9230769230769231
external,GitHub-Social,FastQC,390,12,1.0,0.8571428571428571,0.9230769230769231
external,GitHub-Social,FastQC,391,12,1.0,0.8571428571428571,0.9230769230769231
external,GitHub-Social,FastQC,392,12,1.0,0.8571428571428571,0.9230769230769231
external,GitHub-Social,FastQC,393,12,1.0,0.9230769230769231,0.96
external,GitHub-Social,FastQC,394,12,1.0,0.8,0.8888888888888888
external,GitHub-Social,FastQC,395,12,1.0,0.9230769230769231,0.96
external,GitHub-Social,FastQC,396,12,1.0,0.8,0.8888888888888888
external,GitHub-Social,FastQC,397,12,1.0,0.8,0.8888888888888888
external,GitHub-Social,FastQC,398,12,1.0,0.8,0.8888888888888888
external,GitHub-Social,FastQC,399,12,1.0,0.8571428571428571,0.9230769230769231
external,GitHub-Social,FastQC,400,12,1.0,0.8571428571428571,0.9230769230769231
external,GitHub-Social,FastQC,401,12,1.0,0.8,0.8888888888888888
external,GitHub-Social,FastQC,402,12,1.0,0.8,0.8888888888888888
external,GitHub-Social,FastQC,403,12,1.0,0.8,0.8888888888888888
external,GitHub-Social,FastQC,404,12,1.0,0.8571428571428571,0.9230769230769231
external,GitHub-Social,FastQC,405,12,1.0,0.8571428571428571,0.9230769230769231
external,GitHub-Social,FastQC,406,12,1.0,0.8571428571428571,0.9230769230769231
external,GitHub-Social,FastQC,407,12,1.0,0.8,0.8888888888888888
external,GitHub-Social,FastQC,408,12,1.0,0.8,0.8888888888888888
external,GitHub-Social,FastQC,409,12,1.0,0.8,0.8888888888888888
external,GitHub-Social,FastQC,410,12,1.0,0.8,0.8888888888888888
external,GitHub-Social,FastQC,411,12,1.0,0.8,0.8888888888888888
external,GitHub-Social,FastQC,412,12,1.0,0.8,0.8888888888888888
external,GitHub-Social,FastQC,413,12,1.0,0.8,0.8888888888888888
external,GitHub-Social,FastQC,414,12,1.0,0.8,0.8888888888888888
external,GitHub-Social,FastQC,415,12,1.0,0.8,0.8888888888888888
external,GitHub-Social,FastQC,416,12,1.0,1.0,1.0
external,GitHub-Social,FastQC,417,12,1.0,0.9230769230769231,0.96
external,GitHub-Social,FastQC,418,12,1.0,0.9230769230769231,0.96
external,GitHub-Social,FastQC,419,12,1.0,0.9230769230769231,0.96
external,GitHub-Social,FastQC,420,12,1.0,0.9230769230769231,0.96
external,GitHub-Social,FastQC,421,12,1.0,0.9230769230769231,0.96
external,GitHub-Social,FastQC,422,12,1.0,0.9230769230769231,0.96
external,GitHub-Social,FastQC,423,12,1.0,0.8571428571428571,0.9230769230769231
external,GitHub-Social,FastQC,424,12,1.0,0.8571428571428571,0.9230769230769231
external,GitHub-Social,FastQC,425,12,1.0,0.7058823529411765,0.8275862068965517
external,GitHub-Social,FastQC,426,12,1.0,0.9230769230769231,0.96
external,GitHub-Social,FastQC,427,12,1.0,0.9230769230769231,0.96
external,GitHub-Social,FastQC,428,12,1.0,0.9230769230769231,0.96
external,GitHub-Social,FastQC,429,12,1.0,0.9230769230769231,0.96
external,GitHub-Social,FastQC,430,12,1.0,0.9230769230769231,0.96
external,GitHub-Social,FastQC,431,12,1.0,0.9230769230769231,0.96
external,GitHub-Social,FastQC,432,12,1.0,0.8,0.8888888888888888
external,GitHub-Social,FastQC,433,12,1.0,0.8,0.8888888888888888
external,GitHub-Social,FastQC,434,12,1.0,0.8,0.8888888888888888
external,GitHub-Social,FastQC,435,12,1.0,0.8,0.8888888888888888
external,GitHub-Social,FastQC,436,12,1.0,0.9230769230769231,0.96
external,GitHub-Social,FastQC,437,12,1.0,0.9230769230769231,0.96
external,GitHub-Social,FastQC,438,12,1.0,0.9230769230769231,0.96
external,GitHub-Social,FastQC,439,12,1.0,0.9230769230769231,0.96
external,GitHub-Social,FastQC,440,12,1.0,0.9230769230769231,0.96
external,GitHub-Social,FastQC,441,12,1.0,0.9230769230769231,0.96
external,GitHub-Social,FastQC,442,12,1.0,0.9230769230769231,0.96
external,GitHub-Social,FastQC,443,12,1.0,1.0,1.0
external,GitHub-Social,FastQC,444,12,1.0,1.0,1.0
external,GitHub-Social,FastQC,445,12,1.0,0.9230769230769231,0.96
external,GitHub-Social,FastQC,446,11,1.0,0.8461538461538461,0.9166666666666666
external,GitHub-Social,FastQC,447,11,1.0,1.0,1.0
external,GitHub-Social,FastQC,448,11,1.0,0.7142857142857143,0.8333333333333334
external,GitHub-Social,FastQC,449,11,1.0,0.7142857142857143,0.8333333333333334
external,GitHub-Social,FastQC,450,11,1.0,0.6923076923076923,0.8181818181818182
external,GitHub-Social,FastQC,451,11,1.0,0.6666666666666666,0.8
external,GitHub-Social,FastQC,452,11,1.0,0.6666666666666666,0.8
external,GitHub-Social,FastQC,453,11,1.0,0.6875,0.8148148148148148
external,GitHub-Social,FastQC,454,11,1.0,0.6875,0.8148148148148148
external,GitHub-Social,FastQC,455,11,1.0,0.6875,0.8148148148148148
external,GitHub-Social,FastQC,456,11,1.0,0.7857142857142857,0.88
external,GitHub-Social,FastQC,457,11,1.0,0.7857142857142857,0.88
external,GitHub-Social,FastQC,458,11,1.0,0.7857142857142857,0.88
external,GitHub-Social,FastQC,459,11,1.0,0.8461538461538461,0.9166666666666666
external,GitHub-Social,FastQC,460,11,1.0,0.8461538461538461,0.9166666666666666
external,GitHub-Social,FastQC,461,11,1.0,0.8461538461538461,0.9166666666666666
external,GitHub-Social,FastQC,462,11,1.0,0.7857142857142857,0.88
external,GitHub-Social,FastQC,463,11,1.0,0.9166666666666666,0.9565217391304348
external,GitHub-Social,FastQC,464,11,1.0,0.9166666666666666,0.9565217391304348
external,GitHub-Social,FastQC,465,11,1.0,0.9166666666666666,0.9565217391304348
external,GitHub-Social,FastQC,466,11,1.0,0.9166666666666666,0.9565217391304348
external,GitHub-Social,FastQC,467,11,1.0,0.8461538461538461,0.9166666666666666
external,GitHub-Social,FastQC,468,11,1.0,0.8461538461538461,0.9166666666666666
external,GitHub-Social,FastQC,469,11,1.0,0.8461538461538461,0.9166666666666666
external,GitHub-Social,FastQC,470,11,1.0,0.8461538461538461,0.9166666666666666
external,GitHub-Social,FastQC,471,11,1.0,0.8461538461538461,0.9166666666666666
external,GitHub-Social,FastQC,472,11,1.0,0.7142857142857143,0.8333333333333334
external,GitHub-Social,FastQC,473,11,1.0,0.8461538461538461,0.9166666666666666
external,GitHub-Social,FastQC,474,11,1.0,0.8461538461538461,0.9166666666666666
external,GitHub-Social,FastQC,475,11,1.0,0.8461538461538461,0.9166666666666666
external,GitHub-Social,FastQC,476,11,1.0,0.8461538461538461,0.9166666666666666
external,GitHub-Social,FastQC,477,11,1.0,0.9166666666666666,0.9565217391304348
external,GitHub-Social,FastQC,478,11,1.0,0.9166666666666666,0.9565217391304348
external,GitHub-Social,FastQC,479,11,1.0,0.7333333333333333,0.8461538461538461
external,GitHub-Social,FastQC,480,11,1.0,0.9166666666666666,0.9565217391304348
external,GitHub-Social,FastQC,481,11,1.0,0.7857142857142857,0.88
external,GitHub-Social,FastQC,482,11,1.0,0.7857142857142857,0.88
external,GitHub-Social,FastQC,483,11,1.0,0.7333333333333333,0.8461538461538461
external,GitHub-Social,FastQC,484,11,1.0,0.7333333333333333,0.8461538461538461
external,GitHub-Social,FastQC,485,11,1.0,0.7333333333333333,0.8461538461538461
external,GitHub-Social,FastQC,486,11,1.0,0.7333333333333333,0.8461538461538461
external,GitHub-Social,FastQC,487,11,1.0,0.7333333333333333,0.8461538461538461
external,GitHub-Social,FastQC,488,11,1.0,0.7333333333333333,0.8461538461538461
external,GitHub-Social,FastQC,489,11,1.0,0.9166666666666666,0.9565217391304348
external,GitHub-Social,FastQC,490,11,1.0,0.9166666666666666,0.9565217391304348
external,GitHub-Social,FastQC,491,11,1.0,0.9166666666666666,0.9565217391304348
external,GitHub-Social,FastQC,492,11,1.0,1.0,1.0
external,GitHub-Social,FastQC,493,11,1.0,0.9166666666666666,0.9565217391304348
external,GitHub-Social,FastQC,494,11,1.0,0.9166666666666666,0.9565217391304348
external,GitHub-Social,FastQC,495,11,1.0,0.9166666666666666,0.9565217391304348
external,GitHub-Social,FastQC,496,11,1.0,0.9166666666666666,0.9565217391304348
external,GitHub-Social,FastQC,497,11,1.0,1.0,1.0
external,GitHub-Social,FastQC,498,11,1.0,1.0,1.0
external,GitHub-Social,FastQC,499,11,1.0,0.8461538461538461,0.9166666666666666
external,GitHub-Social,FastQC,500,11,1.0,0.8461538461538461,0.9166666666666666
external,GitHub-Social,FastQC,501,11,1.0,0.8461538461538461,0.9166666666666666
external,GitHub-Social,FastQC,502,11,1.0,0.9166666666666666,0.9565217391304348
external,GitHub-Social,FastQC,503,11,1.0,0.9166666666666666,0.9565217391304348
external,GitHub-Social,FastQC,504,11,1.0,0.9166666666666666,0.9565217391304348
external,GitHub-Social,FastQC,505,11,1.0,0.9166666666666666,0.9565217391304348
external,GitHub-Social,FastQC,506,11,1.0,0.9166666666666666,0.9565217391304348
external,GitHub-Social,FastQC,507,11,1.0,0.8461538461538461,0.9166666666666666
external,GitHub-Social,FastQC,508,11,1.0,0.7857142857142857,0.88
external,GitHub-Social,FastQC,509,11,1.0,0.9166666666666666,0.9565217391304348
external,GitHub-Social,FastQC,510,11,1.0,0.9166666666666666,0.9565217391304348
external,GitHub-Social,FastQC,511,11,1.0,0.8461538461538461,0.9166666666666666
external,GitHub-Social,FastQC,512,11,1.0,0.9166666666666666,0.9565217391304348
external,GitHub-Social,FastQC,513,11,1.0,1.0,1.0
external,GitHub-Social,FastQC,514,11,1.0,0.9166666666666666,0.9565217391304348
external,GitHub-Social,FastQC,515,11,1.0,0.9166666666666666,0.9565217391304348
external,GitHub-Social,FastQC,516,11,1.0,0.9166666666666666,0.9565217391304348
external,GitHub-Social,FastQC,517,11,1.0,0.9166666666666666,0.9565217391304348
external,GitHub-Social,FastQC,518,11,1.0,0.9166666666666666,0.9565217391304348
external,GitHub-Social,FastQC,519,11,1.0,1.0,1.0
external,GitHub-Social,FastQC,520,11,1.0,0.9166666666666666,0.9565217391304348
external,GitHub-Social,FastQC,521,10,1.0,0.9090909090909091,0.9523809523809523
external,GitHub-Social,FastQC,522,10,1.0,0.9090909090909091,0.9523809523809523
external,GitHub-Social,FastQC,523,10,1.0,0.6666666666666666,0.8
external,GitHub-Social,FastQC,524,10,1.0,0.9090909090909091,0.9523809523809523
external,GitHub-Social,FastQC,525,10,1.0,0.7692307692307693,0.8695652173913043
external,GitHub-Social,FastQC,526,10,1.0,0.7142857142857143,0.8333333333333334
external,GitHub-Social,FastQC,527,10,1.0,0.7142857142857143,0.8333333333333334
external,GitHub-Social,FastQC,528,10,1.0,0.7692307692307693,0.8695652173913043
external,GitHub-Social,FastQC,529,10,1.0,0.7692307692307693,0.8695652173913043
external,GitHub-Social,FastQC,530,10,1.0,0.7692307692307693,0.8695652173913043
external,GitHub-Social,FastQC,531,10,1.0,0.7692307692307693,0.8695652173913043
external,GitHub-Social,FastQC,532,10,1.0,0.7692307692307693,0.8695652173913043
external,GitHub-Social,FastQC,533,10,1.0,0.7692307692307693,0.8695652173913043
external,GitHub-Social,FastQC,534,10,1.0,0.7692307692307693,0.8695652173913043
external,GitHub-Social,FastQC,535,10,1.0,0.8333333333333334,0.9090909090909091
external,GitHub-Social,FastQC,536,10,1.0,0.8333333333333334,0.9090909090909091
external,GitHub-Social,FastQC,537,10,1.0,0.8333333333333334,0.9090909090909091
external,GitHub-Social,FastQC,538,10,1.0,0.8333333333333334,0.9090909090909091
external,GitHub-Social,FastQC,539,10,1.0,0.8333333333333334,0.9090909090909091
external,GitHub-Social,FastQC,540,10,1.0,0.9090909090909091,0.9523809523809523
external,GitHub-Social,FastQC,541,10,1.0,0.7692307692307693,0.8695652173913043
external,GitHub-Social,FastQC,542,10,1.0,0.7692307692307693,0.8695652173913043
external,GitHub-Social,FastQC,543,10,1.0,0.7692307692307693,0.8695652173913043
external,GitHub-Social,FastQC,544,10,1.0,0.7692307692307693,0.8695652173913043
external,GitHub-Social,FastQC,545,10,1.0,0.8333333333333334,0.9090909090909091
external,GitHub-Social,FastQC,546,10,1.0,0.8333333333333334,0.9090909090909091
external,GitHub-Social,FastQC,547,10,1.0,0.8333333333333334,0.9090909090909091
external,GitHub-Social,FastQC,548,10,1.0,0.8333333333333334,0.9090909090909091
external,GitHub-Social,FastQC,549,10,1.0,0.8333333333333334,0.9090909090909091
external,GitHub-Social,FastQC,550,10,1.0,0.7692307692307693,0.8695652173913043
external,GitHub-Social,FastQC,551,10,1.0,0.7692307692307693,0.8695652173913043
external,GitHub-Social,FastQC,552,10,1.0,0.7692307692307693,0.8695652173913043
external,GitHub-Social,FastQC,553,10,1.0,0.7692307692307693,0.8695652173913043
external,GitHub-Social,FastQC,554,10,1.0,0.6666666666666666,0.8
external,GitHub-Social,FastQC,555,10,1.0,0.6666666666666666,0.8
external,GitHub-Social,FastQC,556,10,1.0,0.7142857142857143,0.8333333333333334
external,GitHub-Social,FastQC,557,10,1.0,0.7142857142857143,0.8333333333333334
external,GitHub-Social,FastQC,558,10,1.0,0.7142857142857143,0.8333333333333334
external,GitHub-Social,FastQC,559,10,1.0,0.6666666666666666,0.8
external,GitHub-Social,FastQC,560,10,1.0,0.6666666666666666,0.8
external,GitHub-Social,FastQC,561,10,1.0,0.6666666666666666,0.8
external,GitHub-Social,FastQC,562,10,1.0,0.7142857142857143,0.8333333333333334
external,GitHub-Social,FastQC,563,10,1.0,0.6666666666666666,0.8
external,GitHub-Social,FastQC,564,10,1.0,0.6666666666666666,0.8
external,GitHub-Social,FastQC,565,10,1.0,0.8333333333333334,0.9090909090909091
external,GitHub-Social,FastQC,566,10,1.0,0.8333333333333334,0.9090909090909091
external,GitHub-Social,FastQC,567,10,1.0,0.8333333333333334,0.9090909090909091
external,GitHub-Social,FastQC,568,10,1.0,0.8333333333333334,0.9090909090909091
external,GitHub-Social,FastQC,569,10,1.0,0.8333333333333334,0.9090909090909091
external,GitHub-Social,FastQC,570,10,1.0,0.8333333333333334,0.9090909090909091
external,GitHub-Social,FastQC,571,10,1.0,0.8333333333333334,0.9090909090909091
external,GitHub-Social,FastQC,572,10,1.0,0.8333333333333334,0.9090909090909091
external,GitHub-Social,FastQC,573,10,1.0,0.7692307692307693,0.8695652173913043
external,GitHub-Social,FastQC,574,10,1.0,1.0,1.0
external,GitHub-Social,FastQC,575,10,1.0,1.0,1.0
external,GitHub-Social,FastQC,576,10,1.0,1.0,1.0
external,GitHub-Social,FastQC,577,10,1.0,1.0,1.0
external,GitHub-Social,FastQC,578,10,1.0,1.0,1.0
external,GitHub-Social,FastQC,579,10,1.0,1.0,1.0
external,GitHub-Social,FastQC,580,10,1.0,0.8333333333333334,0.9090909090909091
external,GitHub-Social,FastQC,581,10,1.0,0.8333333333333334,0.9090909090909091
external,GitHub-Social,FastQC,582,10,1.0,0.8333333333333334,0.9090909090909091
external,GitHub-Social,FastQC,583,10,1.0,0.7142857142857143,0.8333333333333334
external,GitHub-Social,FastQC,584,10,1.0,0.8333333333333334,0.9090909090909091
external,GitHub-Social,FastQC,585,10,1.0,0.8333333333333334,0.9090909090909091
external,GitHub-Social,FastQC,586,10,1.0,0.8333333333333334,0.9090909090909091
external,GitHub-Social,FastQC,587,10,1.0,1.0,1.0
external,GitHub-Social,FastQC,588,10,1.0,0.9090909090909091,0.9523809523809523
external,GitHub-Social,FastQC,589,10,1.0,0.9090909090909091,0.9523809523809523
external,GitHub-Social,FastQC,590,10,1.0,0.8333333333333334,0.9090909090909091
external,GitHub-Social,FastQC,591,10,1.0,0.8333333333333334,0.9090909090909091
external,GitHub-Social,FastQC,592,10,1.0,0.8333333333333334,0.9090909090909091
external,GitHub-Social,FastQC,593,10,1.0,0.8333333333333334,0.9090909090909091
external,GitHub-Social,FastQC,594,10,1.0,0.8333333333333334,0.9090909090909091
external,GitHub-Social,FastQC,595,10,1.0,0.8333333333333334,0.9090909090909091
external,GitHub-Social,FastQC,596,10,1.0,0.8333333333333334,0.9090909090909091
external,GitHub-Social,FastQC,597,10,1.0,0.8333333333333334,0.9090909090909091
external,GitHub-Social,FastQC,598,10,1.0,0.9090909090909091,0.9523809523809523
external,GitHub-Social,FastQC,599,10,1.0,0.9090909090909091,0.9523809523809523
external,GitHub-Social,FastQC,600,10,1.0,0.9090909090909091,0.9523809523809523
external,GitHub-Social,FastQC,601,10,1.0,0.9090909090909091,0.9523809523809523
external,GitHub-Social,FastQC,602,10,1.0,0.9090909090909091,0.9523809523809523
external,GitHub-Social,FastQC,603,10,1.0,0.9090909090909091,0.9523809523809523
external,GitHub-Social,FastQC,604,10,1.0,1.0,1.0
external,GitHub-Social,FaPlex,0,24,1.0,0.9230769230769231,0.96
external,GitHub-Social,FaPlex,1,24,1.0,0.9230769230769231,0.96
external,GitHub-Social,FaPlex,2,24,1.0,0.9230769230769231,0.96
external,GitHub-Social,FaPlex,3,24,1.0,0.9230769230769231,0.96
external,GitHub-Social,FaPlex,4,23,1.0,0.8846153846153846,0.9387755102040817
external,GitHub-Social,FaPlex,5,23,1.0,0.8846153846153846,0.9387755102040817
external,GitHub-Social,FaPlex,6,23,1.0,0.8846153846153846,0.9387755102040817
external,GitHub-Social,FaPlex,7,23,1.0,0.8846153846153846,0.9387755102040817
external,GitHub-Social,FaPlex,8,22,1.0,0.88,0.9361702127659575
external,GitHub-Social,FaPlex,9,22,1.0,0.88,0.9361702127659575
external,GitHub-Social,FaPlex,10,22,1.0,0.88,0.9361702127659575
external,GitHub-Social,FaPlex,11,22,1.0,0.8461538461538461,0.9166666666666666
external,GitHub-Social,FaPlex,12,22,1.0,0.88,0.9361702127659575
external,GitHub-Social,FaPlex,13,22,1.0,0.8461538461538461,0.9166666666666666
external,GitHub-Social,FaPlex,14,22,1.0,0.9565217391304348,0.9777777777777777
external,GitHub-Social,FaPlex,15,22,1.0,0.88,0.9361702127659575
external,GitHub-Social,FaPlex,16,22,1.0,0.88,0.9361702127659575
external,GitHub-Social,FaPlex,17,22,1.0,0.88,0.9361702127659575
external,GitHub-Social,FaPlex,18,22,1.0,0.8461538461538461,0.9166666666666666
external,GitHub-Social,FaPlex,19,22,1.0,0.88,0.9361702127659575
external,GitHub-Social,FaPlex,20,22,1.0,0.8461538461538461,0.9166666666666666
external,GitHub-Social,FaPlex,21,21,1.0,0.9130434782608695,0.9545454545454546
external,GitHub-Social,FaPlex,22,21,1.0,0.875,0.9333333333333333
external,GitHub-Social,FaPlex,23,21,1.0,0.875,0.9333333333333333
external,GitHub-Social,FaPlex,24,21,1.0,0.875,0.9333333333333333
external,GitHub-Social,FaPlex,25,20,1.0,0.9090909090909091,0.9523809523809523
external,GitHub-Social,FaPlex,26,20,1.0,0.8695652173913043,0.9302325581395349
external,GitHub-Social,FaPlex,27,20,1.0,0.8333333333333334,0.9090909090909091
external,GitHub-Social,FaPlex,28,20,1.0,0.8333333333333334,0.9090909090909091
external,GitHub-Social,FaPlex,29,20,1.0,0.8333333333333334,0.9090909090909091
external,GitHub-Social,FaPlex,30,20,1.0,0.8695652173913043,0.9302325581395349
external,GitHub-Social,FaPlex,31,20,1.0,0.8333333333333334,0.9090909090909091
external,GitHub-Social,FaPlex,32,20,1.0,0.8695652173913043,0.9302325581395349
external,GitHub-Social,FaPlex,33,20,1.0,0.8695652173913043,0.9302325581395349
external,GitHub-Social,FaPlex,34,20,1.0,0.8333333333333334,0.9090909090909091
external,GitHub-Social,FaPlex,35,20,1.0,0.8695652173913043,0.9302325581395349
external,GitHub-Social,FaPlex,36,20,1.0,0.8695652173913043,0.9302325581395349
external,GitHub-Social,FaPlex,37,19,1.0,0.8636363636363636,0.926829268292683
external,GitHub-Social,FaPlex,38,19,1.0,0.8636363636363636,0.926829268292683
external,GitHub-Social,FaPlex,39,19,1.0,0.8636363636363636,0.926829268292683
external,GitHub-Social,FaPlex,40,19,1.0,0.9047619047619048,0.95
external,GitHub-Social,FaPlex,41,19,1.0,0.8636363636363636,0.926829268292683
external,GitHub-Social,FaPlex,42,18,1.0,0.8571428571428571,0.9230769230769231
external,GitHub-Social,FaPlex,43,18,1.0,0.8571428571428571,0.9230769230769231
external,GitHub-Social,FaPlex,44,18,1.0,0.9,0.9473684210526315
external,GitHub-Social,FaPlex,45,18,1.0,0.9,0.9473684210526315
external,GitHub-Social,FaPlex,46,17,1.0,0.85,0.918918918918919
external,GitHub-Social,FaPlex,47,17,1.0,0.85,0.918918918918919
external,GitHub-Social,FaPlex,48,17,1.0,0.85,0.918918918918919
external,GitHub-Social,FaPlex,49,17,1.0,0.8095238095238095,0.8947368421052632
external,GitHub-Social,FaPlex,50,17,1.0,0.8095238095238095,0.8947368421052632
external,GitHub-Social,FaPlex,51,17,1.0,0.8095238095238095,0.8947368421052632
external,GitHub-Social,FaPlex,52,17,1.0,0.8095238095238095,0.8947368421052632
external,GitHub-Social,FaPlex,53,17,1.0,0.8095238095238095,0.8947368421052632
external,GitHub-Social,FaPlex,54,17,1.0,0.8095238095238095,0.8947368421052632
external,GitHub-Social,FaPlex,55,17,1.0,0.8095238095238095,0.8947368421052632
external,GitHub-Social,FaPlex,56,17,1.0,0.8095238095238095,0.8947368421052632
external,GitHub-Social,FaPlex,57,17,1.0,0.7727272727272727,0.8717948717948718
external,GitHub-Social,FaPlex,58,17,1.0,0.7727272727272727,0.8717948717948718
external,GitHub-Social,FaPlex,59,17,1.0,0.8095238095238095,0.8947368421052632
external,GitHub-Social,FaPlex,60,17,1.0,0.8095238095238095,0.8947368421052632
external,GitHub-Social,FaPlex,61,17,1.0,0.8095238095238095,0.8947368421052632
external,GitHub-Social,FaPlex,62,17,1.0,0.8095238095238095,0.8947368421052632
external,GitHub-Social,FaPlex,63,17,1.0,0.8095238095238095,0.8947368421052632
external,GitHub-Social,FaPlex,64,17,1.0,0.8095238095238095,0.8947368421052632
external,GitHub-Social,FaPlex,65,17,1.0,0.8095238095238095,0.8947368421052632
external,GitHub-Social,FaPlex,66,17,1.0,0.8095238095238095,0.8947368421052632
external,GitHub-Social,FaPlex,67,17,1.0,0.8095238095238095,0.8947368421052632
external,GitHub-Social,FaPlex,68,17,1.0,0.8095238095238095,0.8947368421052632
external,GitHub-Social,FaPlex,69,17,1.0,0.8095238095238095,0.8947368421052632
external,GitHub-Social,FaPlex,70,17,1.0,0.7727272727272727,0.8717948717948718
external,GitHub-Social,FaPlex,71,17,1.0,0.7727272727272727,0.8717948717948718
external,GitHub-Social,FaPlex,72,17,1.0,0.8095238095238095,0.8947368421052632
external,GitHub-Social,FaPlex,73,17,1.0,0.85,0.918918918918919
external,GitHub-Social,FaPlex,74,17,1.0,0.85,0.918918918918919
external,GitHub-Social,FaPlex,75,17,1.0,0.85,0.918918918918919
external,GitHub-Social,FaPlex,76,17,1.0,0.8095238095238095,0.8947368421052632
external,GitHub-Social,FaPlex,77,17,1.0,0.85,0.918918918918919
external,GitHub-Social,FaPlex,78,17,1.0,0.8095238095238095,0.8947368421052632
external,GitHub-Social,FaPlex,79,17,1.0,0.8095238095238095,0.8947368421052632
external,GitHub-Social,FaPlex,80,16,0.9375,0.5833333333333334,0.7368421052631579
external,GitHub-Social,FaPlex,81,16,0.9375,0.5833333333333334,0.7368421052631579
external,GitHub-Social,FaPlex,82,16,0.9375,0.6086956521739131,0.7567567567567568
external,GitHub-Social,FaPlex,83,16,0.9375,0.5555555555555556,0.7142857142857143
external,GitHub-Social,FaPlex,84,16,1.0,0.8,0.8888888888888888
external,GitHub-Social,FaPlex,85,16,1.0,0.8,0.8888888888888888
external,GitHub-Social,FaPlex,86,16,1.0,0.8,0.8888888888888888
external,GitHub-Social,FaPlex,87,16,1.0,0.8,0.8888888888888888
external,GitHub-Social,FaPlex,88,16,1.0,0.8,0.8888888888888888
external,GitHub-Social,FaPlex,89,16,1.0,0.8,0.8888888888888888
external,GitHub-Social,FaPlex,90,16,1.0,0.8,0.8888888888888888
external,GitHub-Social,FaPlex,91,16,1.0,0.8,0.8888888888888888
external,GitHub-Social,FaPlex,92,16,1.0,0.8,0.8888888888888888
external,GitHub-Social,FaPlex,93,16,1.0,0.7619047619047619,0.8648648648648649
external,GitHub-Social,FaPlex,94,16,1.0,0.7619047619047619,0.8648648648648649
external,GitHub-Social,FaPlex,95,16,1.0,0.7619047619047619,0.8648648648648649
external,GitHub-Social,FaPlex,96,16,1.0,0.7619047619047619,0.8648648648648649
external,GitHub-Social,FaPlex,97,16,1.0,0.7619047619047619,0.8648648648648649
external,GitHub-Social,FaPlex,98,16,1.0,0.7619047619047619,0.8648648648648649
external,GitHub-Social,FaPlex,99,16,1.0,0.7619047619047619,0.8648648648648649
external,GitHub-Social,FaPlex,100,16,1.0,0.7619047619047619,0.8648648648648649
external,GitHub-Social,FaPlex,101,16,1.0,0.7619047619047619,0.8648648648648649
external,GitHub-Social,FaPlex,102,16,1.0,0.7619047619047619,0.8648648648648649
external,GitHub-Social,FaPlex,103,16,1.0,0.7619047619047619,0.8648648648648649
external,GitHub-Social,FaPlex,104,16,1.0,0.7619047619047619,0.8648648648648649
external,GitHub-Social,FaPlex,105,16,1.0,0.7619047619047619,0.8648648648648649
external,GitHub-Social,FaPlex,106,16,1.0,0.7619047619047619,0.8648648648648649
external,GitHub-Social,FaPlex,107,16,1.0,0.7619047619047619,0.8648648648648649
external,GitHub-Social,FaPlex,108,16,1.0,0.7619047619047619,0.8648648648648649
external,GitHub-Social,FaPlex,109,16,1.0,0.7272727272727273,0.8421052631578947
external,GitHub-Social,FaPlex,110,16,1.0,0.7619047619047619,0.8648648648648649
external,GitHub-Social,FaPlex,111,16,1.0,0.7619047619047619,0.8648648648648649
external,GitHub-Social,FaPlex,112,16,1.0,0.7619047619047619,0.8648648648648649
external,GitHub-Social,FaPlex,113,16,1.0,0.7619047619047619,0.8648648648648649
external,GitHub-Social,FaPlex,114,16,1.0,0.7619047619047619,0.8648648648648649
external,GitHub-Social,FaPlex,115,16,1.0,0.7619047619047619,0.8648648648648649
external,GitHub-Social,FaPlex,116,16,1.0,0.7619047619047619,0.8648648648648649
external,GitHub-Social,FaPlex,117,16,1.0,0.7619047619047619,0.8648648648648649
external,GitHub-Social,FaPlex,118,16,1.0,0.7619047619047619,0.8648648648648649
external,GitHub-Social,FaPlex,119,16,1.0,0.7272727272727273,0.8421052631578947
external,GitHub-Social,FaPlex,120,16,1.0,0.7272727272727273,0.8421052631578947
external,GitHub-Social,FaPlex,121,16,1.0,0.7272727272727273,0.8421052631578947
external,GitHub-Social,FaPlex,122,16,1.0,0.7272727272727273,0.8421052631578947
external,GitHub-Social,FaPlex,123,16,1.0,0.7619047619047619,0.8648648648648649
external,GitHub-Social,FaPlex,124,16,1.0,0.7619047619047619,0.8648648648648649
external,GitHub-Social,FaPlex,125,16,1.0,0.7272727272727273,0.8421052631578947
external,GitHub-Social,FaPlex,126,16,1.0,0.7272727272727273,0.8421052631578947
external,GitHub-Social,FaPlex,127,16,0.9375,0.7142857142857143,0.8333333333333334
external,GitHub-Social,FaPlex,128,16,0.9375,0.6521739130434783,0.7894736842105263
external,GitHub-Social,FaPlex,129,16,0.9375,0.7142857142857143,0.8333333333333334
external,GitHub-Social,FaPlex,130,16,0.9375,0.7142857142857143,0.8333333333333334
external,GitHub-Social,FaPlex,131,16,1.0,0.8,0.8888888888888888
external,GitHub-Social,FaPlex,132,16,1.0,0.8,0.8888888888888888
external,GitHub-Social,FaPlex,133,16,1.0,0.8,0.8888888888888888
external,GitHub-Social,FaPlex,134,16,1.0,0.8,0.8888888888888888
external,GitHub-Social,FaPlex,135,16,1.0,0.8,0.8888888888888888
external,GitHub-Social,FaPlex,136,16,1.0,0.8,0.8888888888888888
external,GitHub-Social,FaPlex,137,16,0.9375,0.6521739130434783,0.7894736842105263
external,GitHub-Social,FaPlex,138,16,0.9375,0.6521739130434783,0.7894736842105263
external,GitHub-Social,FaPlex,139,15,0.9333333333333333,0.5909090909090909,0.7428571428571429
external,GitHub-Social,FaPlex,140,15,0.9333333333333333,0.5909090909090909,0.7428571428571429
external,GitHub-Social,FaPlex,141,15,0.9333333333333333,0.56,0.717948717948718
external,GitHub-Social,FaPlex,142,15,0.9333333333333333,0.56,0.717948717948718
external,GitHub-Social,FaPlex,143,15,0.9333333333333333,0.5384615384615384,0.7
external,GitHub-Social,FaPlex,144,15,0.9333333333333333,0.5185185185185185,0.6829268292682927
external,GitHub-Social,FaPlex,145,15,0.9333333333333333,0.5384615384615384,0.7
external,GitHub-Social,FaPlex,146,15,0.9333333333333333,0.5185185185185185,0.6829268292682927
external,GitHub-Social,FaPlex,147,15,0.9333333333333333,0.5384615384615384,0.7
external,GitHub-Social,FaPlex,148,15,0.8666666666666667,0.5217391304347826,0.6857142857142857
external,GitHub-Social,FaPlex,149,15,0.8666666666666667,0.48,0.6486486486486487
external,GitHub-Social,FaPlex,150,15,0.8666666666666667,0.5,0.6666666666666666
external,GitHub-Social,FaPlex,151,15,0.8666666666666667,0.5,0.6666666666666666
external,GitHub-Social,FaPlex,152,15,0.8666666666666667,0.5,0.6666666666666666
external,GitHub-Social,FaPlex,153,15,0.9333333333333333,0.5909090909090909,0.7428571428571429
external,GitHub-Social,FaPlex,154,15,0.9333333333333333,0.56,0.717948717948718
external,GitHub-Social,FaPlex,155,15,1.0,0.75,0.8571428571428571
external,GitHub-Social,FaPlex,156,15,1.0,0.75,0.8571428571428571
external,GitHub-Social,FaPlex,157,15,1.0,0.7142857142857143,0.8333333333333334
external,GitHub-Social,FaPlex,158,15,1.0,0.7142857142857143,0.8333333333333334
external,GitHub-Social,FaPlex,159,15,1.0,0.75,0.8571428571428571
external,GitHub-Social,FaPlex,160,15,1.0,0.75,0.8571428571428571
external,GitHub-Social,FaPlex,161,15,1.0,0.7142857142857143,0.8333333333333334
external,GitHub-Social,FaPlex,162,15,1.0,0.7142857142857143,0.8333333333333334
external,GitHub-Social,FaPlex,163,15,1.0,0.75,0.8571428571428571
external,GitHub-Social,FaPlex,164,15,1.0,0.75,0.8571428571428571
external,GitHub-Social,FaPlex,165,15,1.0,0.75,0.8571428571428571
external,GitHub-Social,FaPlex,166,15,1.0,0.7142857142857143,0.8333333333333334
external,GitHub-Social,FaPlex,167,15,1.0,0.7142857142857143,0.8333333333333334
external,GitHub-Social,FaPlex,168,15,1.0,0.6818181818181818,0.8108108108108109
external,GitHub-Social,FaPlex,169,15,1.0,0.6818181818181818,0.8108108108108109
external,GitHub-Social,FaPlex,170,15,1.0,0.75,0.8571428571428571
external,GitHub-Social,FaPlex,171,15,1.0,0.7142857142857143,0.8333333333333334
external,GitHub-Social,FaPlex,172,15,1.0,0.6818181818181818,0.8108108108108109
external,GitHub-Social,FaPlex,173,15,1.0,0.6818181818181818,0.8108108108108109
external,GitHub-Social,FaPlex,174,15,1.0,0.6818181818181818,0.8108108108108109
external,GitHub-Social,FaPlex,175,15,1.0,0.7142857142857143,0.8333333333333334
external,GitHub-Social,FaPlex,176,15,1.0,0.7142857142857143,0.8333333333333334
external,GitHub-Social,FaPlex,177,15,1.0,0.7142857142857143,0.8333333333333334
external,GitHub-Social,FaPlex,178,15,1.0,0.75,0.8571428571428571
external,GitHub-Social,FaPlex,179,15,1.0,0.7142857142857143,0.8333333333333334
external,GitHub-Social,FaPlex,180,15,1.0,0.75,0.8571428571428571
external,GitHub-Social,FaPlex,181,15,1.0,0.75,0.8571428571428571
external,GitHub-Social,FaPlex,182,15,1.0,0.75,0.8571428571428571
external,GitHub-Social,FaPlex,183,15,1.0,0.75,0.8571428571428571
external,GitHub-Social,FaPlex,184,15,1.0,0.75,0.8571428571428571
external,GitHub-Social,FaPlex,185,15,1.0,0.75,0.8571428571428571
external,GitHub-Social,FaPlex,186,15,1.0,0.6818181818181818,0.8108108108108109
external,GitHub-Social,FaPlex,187,15,1.0,0.7142857142857143,0.8333333333333334
external,GitHub-Social,FaPlex,188,15,1.0,0.75,0.8571428571428571
external,GitHub-Social,FaPlex,189,15,1.0,0.75,0.8571428571428571
external,GitHub-Social,FaPlex,190,15,1.0,0.75,0.8571428571428571
external,GitHub-Social,FaPlex,191,15,0.9333333333333333,0.6666666666666666,0.8
external,GitHub-Social,FaPlex,192,15,0.9333333333333333,0.6666666666666666,0.8
external,GitHub-Social,FaPlex,193,15,0.9333333333333333,0.6666666666666666,0.8
external,GitHub-Social,FaPlex,194,15,0.9333333333333333,0.6666666666666666,0.8
external,GitHub-Social,FaPlex,195,15,0.9333333333333333,0.6666666666666666,0.8
external,GitHub-Social,FaPlex,196,15,1.0,0.75,0.8571428571428571
external,GitHub-Social,FaPlex,197,15,1.0,0.75,0.8571428571428571
external,GitHub-Social,FaPlex,198,15,1.0,0.75,0.8571428571428571
external,GitHub-Social,FaPlex,199,15,1.0,0.75,0.8571428571428571
external,GitHub-Social,FaPlex,200,15,1.0,0.75,0.8571428571428571
external,GitHub-Social,FaPlex,201,15,1.0,0.75,0.8571428571428571
external,GitHub-Social,FaPlex,202,15,1.0,0.75,0.8571428571428571
external,GitHub-Social,FaPlex,203,15,1.0,0.75,0.8571428571428571
external,GitHub-Social,FaPlex,204,15,1.0,0.75,0.8571428571428571
external,GitHub-Social,FaPlex,205,15,1.0,0.75,0.8571428571428571
external,GitHub-Social,FaPlex,206,15,0.9333333333333333,0.6086956521739131,0.7567567567567568
external,GitHub-Social,FaPlex,207,15,0.9333333333333333,0.6086956521739131,0.7567567567567568
external,GitHub-Social,FaPlex,208,15,0.9333333333333333,0.6086956521739131,0.7567567567567568
external,GitHub-Social,FaPlex,209,15,0.9333333333333333,0.6666666666666666,0.8
external,GitHub-Social,FaPlex,210,15,1.0,0.75,0.8571428571428571
external,GitHub-Social,FaPlex,211,15,1.0,0.75,0.8571428571428571
external,GitHub-Social,FaPlex,212,15,1.0,0.75,0.8571428571428571
external,GitHub-Social,FaPlex,213,15,1.0,0.75,0.8571428571428571
external,GitHub-Social,FaPlex,214,15,0.9333333333333333,0.6666666666666666,0.8
external,GitHub-Social,FaPlex,215,15,0.9333333333333333,0.6666666666666666,0.8
external,GitHub-Social,FaPlex,216,15,1.0,0.7142857142857143,0.8333333333333334
external,GitHub-Social,FaPlex,217,15,0.9333333333333333,0.6666666666666666,0.8
external,GitHub-Social,FaPlex,218,15,0.9333333333333333,0.6666666666666666,0.8
external,GitHub-Social,FaPlex,219,15,1.0,0.75,0.8571428571428571
external,GitHub-Social,FaPlex,220,15,0.9333333333333333,0.6666666666666666,0.8
external,GitHub-Social,FaPlex,221,15,0.9333333333333333,0.6666666666666666,0.8
external,GitHub-Social,FaPlex,222,14,0.9285714285714286,0.5454545454545454,0.7058823529411765
external,GitHub-Social,FaPlex,223,14,0.9285714285714286,0.6190476190476191,0.7647058823529411
external,GitHub-Social,FaPlex,224,14,0.9285714285714286,0.5217391304347826,0.6857142857142857
external,GitHub-Social,FaPlex,225,14,0.9285714285714286,0.5,0.6666666666666666
external,GitHub-Social,FaPlex,226,14,0.9285714285714286,0.5217391304347826,0.6857142857142857
external,GitHub-Social,FaPlex,227,14,0.9285714285714286,0.5217391304347826,0.6857142857142857
external,GitHub-Social,FaPlex,228,14,0.9285714285714286,0.5454545454545454,0.7058823529411765
external,GitHub-Social,FaPlex,229,14,0.9285714285714286,0.5454545454545454,0.7058823529411765
external,GitHub-Social,FaPlex,230,14,0.9285714285714286,0.5217391304347826,0.6857142857142857
external,GitHub-Social,FaPlex,231,14,0.9285714285714286,0.5,0.6666666666666666
external,GitHub-Social,FaPlex,232,14,0.8571428571428571,0.5454545454545454,0.7058823529411765
external,GitHub-Social,FaPlex,233,14,0.8571428571428571,0.4782608695652174,0.6470588235294118
external,GitHub-Social,FaPlex,234,14,0.9285714285714286,0.5454545454545454,0.7058823529411765
external,GitHub-Social,FaPlex,235,14,0.8571428571428571,0.4583333333333333,0.6285714285714286
external,GitHub-Social,FaPlex,236,14,0.9285714285714286,0.5,0.6666666666666666
external,GitHub-Social,FaPlex,237,14,0.9285714285714286,0.5,0.6666666666666666
external,GitHub-Social,FaPlex,238,14,0.9285714285714286,0.5217391304347826,0.6857142857142857
external,GitHub-Social,FaPlex,239,14,0.8571428571428571,0.44,0.6111111111111112
external,GitHub-Social,FaPlex,240,14,0.8571428571428571,0.4782608695652174,0.6470588235294118
external,GitHub-Social,FaPlex,241,14,0.9285714285714286,0.5454545454545454,0.7058823529411765
external,GitHub-Social,FaPlex,242,14,0.8571428571428571,0.4583333333333333,0.6285714285714286
external,GitHub-Social,FaPlex,243,14,0.9285714285714286,0.5217391304347826,0.6857142857142857
external,GitHub-Social,FaPlex,244,14,0.9285714285714286,0.6190476190476191,0.7647058823529411
external,GitHub-Social,FaPlex,245,14,0.9285714285714286,0.6190476190476191,0.7647058823529411
external,GitHub-Social,FaPlex,246,14,0.9285714285714286,0.5652173913043478,0.7222222222222222
external,GitHub-Social,FaPlex,247,14,0.9285714285714286,0.5909090909090909,0.7428571428571429
external,GitHub-Social,FaPlex,248,14,0.9285714285714286,0.5909090909090909,0.7428571428571429
external,GitHub-Social,FaPlex,249,14,0.9285714285714286,0.5454545454545454,0.7058823529411765
external,GitHub-Social,FaPlex,250,14,0.9285714285714286,0.5454545454545454,0.7058823529411765
external,GitHub-Social,FaPlex,251,14,0.9285714285714286,0.52,0.6842105263157895
external,GitHub-Social,FaPlex,252,14,0.9285714285714286,0.5416666666666666,0.7027027027027027
external,GitHub-Social,FaPlex,253,14,0.9285714285714286,0.5416666666666666,0.7027027027027027
external,GitHub-Social,FaPlex,254,14,0.9285714285714286,0.52,0.6842105263157895
external,GitHub-Social,FaPlex,255,14,0.9285714285714286,0.5454545454545454,0.7058823529411765
external,GitHub-Social,FaPlex,256,14,0.9285714285714286,0.5454545454545454,0.7058823529411765
external,GitHub-Social,FaPlex,257,14,0.9285714285714286,0.5652173913043478,0.7222222222222222
external,GitHub-Social,FaPlex,258,14,0.9285714285714286,0.5416666666666666,0.7027027027027027
external,GitHub-Social,FaPlex,259,14,0.9285714285714286,0.5454545454545454,0.7058823529411765
external,GitHub-Social,FaPlex,260,14,0.9285714285714286,0.5217391304347826,0.6857142857142857
external,GitHub-Social,FaPlex,261,14,0.8571428571428571,0.4782608695652174,0.6470588235294118
external,GitHub-Social,FaPlex,262,14,0.8571428571428571,0.48,0.6486486486486487
external,GitHub-Social,FaPlex,263,14,0.8571428571428571,0.48,0.6486486486486487
external,GitHub-Social,FaPlex,264,14,0.8571428571428571,0.4782608695652174,0.6470588235294118
external,GitHub-Social,FaPlex,265,14,1.0,0.7,0.8235294117647058
external,GitHub-Social,FaPlex,266,14,1.0,0.6666666666666666,0.8
external,GitHub-Social,FaPlex,267,14,1.0,0.7,0.8235294117647058
external,GitHub-Social,FaPlex,268,14,1.0,0.7,0.8235294117647058
external,GitHub-Social,FaPlex,269,14,1.0,0.7,0.8235294117647058
external,GitHub-Social,FaPlex,270,14,1.0,0.7,0.8235294117647058
external,GitHub-Social,FaPlex,271,14,1.0,0.7,0.8235294117647058
external,GitHub-Social,FaPlex,272,14,1.0,0.7,0.8235294117647058
external,GitHub-Social,FaPlex,273,14,1.0,0.7,0.8235294117647058
external,GitHub-Social,FaPlex,274,14,1.0,0.6363636363636364,0.7777777777777778
external,GitHub-Social,FaPlex,275,14,1.0,0.6666666666666666,0.8
external,GitHub-Social,FaPlex,276,14,1.0,0.7,0.8235294117647058
external,GitHub-Social,FaPlex,277,14,1.0,0.7,0.8235294117647058
external,GitHub-Social,FaPlex,278,14,1.0,0.7,0.8235294117647058
external,GitHub-Social,FaPlex,279,14,1.0,0.7,0.8235294117647058
external,GitHub-Social,FaPlex,280,14,1.0,0.7,0.8235294117647058
external,GitHub-Social,FaPlex,281,14,1.0,0.7,0.8235294117647058
external,GitHub-Social,FaPlex,282,14,1.0,0.7,0.8235294117647058
external,GitHub-Social,FaPlex,283,14,0.9285714285714286,0.6190476190476191,0.7647058823529411
external,GitHub-Social,FaPlex,284,14,0.9285714285714286,0.6190476190476191,0.7647058823529411
external,GitHub-Social,FaPlex,285,14,0.9285714285714286,0.6190476190476191,0.7647058823529411
external,GitHub-Social,FaPlex,286,14,1.0,0.6666666666666666,0.8
external,GitHub-Social,FaPlex,287,14,1.0,0.7,0.8235294117647058
external,GitHub-Social,FaPlex,288,14,1.0,0.6666666666666666,0.8
external,GitHub-Social,FaPlex,289,14,1.0,0.6666666666666666,0.8
external,GitHub-Social,FaPlex,290,14,1.0,0.7,0.8235294117647058
external,GitHub-Social,FaPlex,291,14,0.9285714285714286,0.6190476190476191,0.7647058823529411
external,GitHub-Social,FaPlex,292,14,0.9285714285714286,0.6190476190476191,0.7647058823529411
external,GitHub-Social,FaPlex,293,14,0.9285714285714286,0.6190476190476191,0.7647058823529411
external,GitHub-Social,FaPlex,294,14,0.9285714285714286,0.6190476190476191,0.7647058823529411
external,GitHub-Social,FaPlex,295,13,0.9230769230769231,0.5714285714285714,0.7272727272727273
external,GitHub-Social,FaPlex,296,13,0.9230769230769231,0.5714285714285714,0.7272727272727273
external,GitHub-Social,FaPlex,297,13,0.9230769230769231,0.5714285714285714,0.7272727272727273
external,GitHub-Social,FaPlex,298,13,0.9230769230769231,0.5714285714285714,0.7272727272727273
external,GitHub-Social,FaPlex,299,13,0.9230769230769231,0.5714285714285714,0.7272727272727273
external,GitHub-Social,FaPlex,300,13,0.9230769230769231,0.4782608695652174,0.6470588235294118
external,GitHub-Social,FaPlex,301,13,0.8461538461538461,0.43478260869565216,0.6060606060606061
external,GitHub-Social,FaPlex,302,13,0.9230769230769231,0.5,0.6666666666666666
external,GitHub-Social,FaPlex,303,13,0.8461538461538461,0.43478260869565216,0.6060606060606061
external,GitHub-Social,FaPlex,304,13,0.8461538461538461,0.4782608695652174,0.6470588235294118
external,GitHub-Social,FaPlex,305,13,0.9230769230769231,0.5,0.6666666666666666
external,GitHub-Social,FaPlex,306,13,0.8461538461538461,0.4166666666666667,0.5882352941176471
external,GitHub-Social,FaPlex,307,13,0.9230769230769231,0.5217391304347826,0.6857142857142857
external,GitHub-Social,FaPlex,308,13,0.8461538461538461,0.5,0.6666666666666666
external,GitHub-Social,FaPlex,309,13,0.8461538461538461,0.4782608695652174,0.6470588235294118
external,GitHub-Social,FaPlex,310,13,0.9230769230769231,0.5217391304347826,0.6857142857142857
external,GitHub-Social,FaPlex,311,13,0.9230769230769231,0.5217391304347826,0.6857142857142857
external,GitHub-Social,FaPlex,312,13,0.9230769230769231,0.5,0.6666666666666666
external,GitHub-Social,FaPlex,313,13,0.9230769230769231,0.5217391304347826,0.6857142857142857
external,GitHub-Social,FaPlex,314,13,0.9230769230769231,0.5,0.6666666666666666
external,GitHub-Social,FaPlex,315,13,0.9230769230769231,0.48,0.6486486486486487
external,GitHub-Social,FaPlex,316,13,0.9230769230769231,0.5,0.6666666666666666
external,GitHub-Social,FaPlex,317,13,0.8461538461538461,0.44,0.6111111111111112
external,GitHub-Social,FaPlex,318,13,0.9230769230769231,0.5,0.6666666666666666
external,GitHub-Social,FaPlex,319,13,0.9230769230769231,0.5,0.6666666666666666
external,GitHub-Social,FaPlex,320,13,0.8461538461538461,0.44,0.6111111111111112
external,GitHub-Social,FaPlex,321,13,0.8461538461538461,0.4583333333333333,0.6285714285714286
external,GitHub-Social,FaPlex,322,13,0.8461538461538461,0.4583333333333333,0.6285714285714286
external,GitHub-Social,FaPlex,323,13,0.8461538461538461,0.44,0.6111111111111112
external,GitHub-Social,FaPlex,324,13,0.8461538461538461,0.5,0.6666666666666666
external,GitHub-Social,FaPlex,325,13,0.9230769230769231,0.5714285714285714,0.7272727272727273
external,GitHub-Social,FaPlex,326,13,0.8461538461538461,0.5,0.6666666666666666
external,GitHub-Social,FaPlex,327,13,0.9230769230769231,0.5714285714285714,0.7272727272727273
external,GitHub-Social,FaPlex,328,13,1.0,0.65,0.7878787878787878
external,GitHub-Social,FaPlex,329,13,1.0,0.65,0.7878787878787878
external,GitHub-Social,FaPlex,330,13,1.0,0.65,0.7878787878787878
external,GitHub-Social,FaPlex,331,13,1.0,0.65,0.7878787878787878
external,GitHub-Social,FaPlex,332,13,1.0,0.65,0.7878787878787878
external,GitHub-Social,FaPlex,333,13,1.0,0.65,0.7878787878787878
external,GitHub-Social,FaPlex,334,13,0.9230769230769231,0.5714285714285714,0.7272727272727273
external,GitHub-Social,FaPlex,335,13,0.9230769230769231,0.5714285714285714,0.7272727272727273
external,GitHub-Social,FaPlex,336,13,0.9230769230769231,0.5714285714285714,0.7272727272727273
external,GitHub-Social,FaPlex,337,13,0.9230769230769231,0.5714285714285714,0.7272727272727273
external,GitHub-Social,FaPlex,338,13,0.9230769230769231,0.5714285714285714,0.7272727272727273
external,GitHub-Social,FaPlex,339,13,0.9230769230769231,0.5714285714285714,0.7272727272727273
external,GitHub-Social,FaPlex,340,13,0.9230769230769231,0.5714285714285714,0.7272727272727273
external,GitHub-Social,FaPlex,341,13,0.9230769230769231,0.5714285714285714,0.7272727272727273
external,GitHub-Social,FaPlex,342,13,0.8461538461538461,0.5,0.6666666666666666
external,GitHub-Social,FaPlex,343,13,0.8461538461538461,0.5,0.6666666666666666
external,GitHub-Social,FaPlex,344,13,0.8461538461538461,0.5,0.6666666666666666
external,GitHub-Social,FaPlex,345,13,0.8461538461538461,0.5,0.6666666666666666
external,GitHub-Social,FaPlex,346,13,0.9230769230769231,0.5714285714285714,0.7272727272727273
external,GitHub-Social,FaPlex,347,13,0.9230769230769231,0.5714285714285714,0.7272727272727273
external,GitHub-Social,FaPlex,348,13,0.9230769230769231,0.5714285714285714,0.7272727272727273
external,GitHub-Social,FaPlex,349,13,0.9230769230769231,0.5714285714285714,0.7272727272727273
external,GitHub-Social,FaPlex,350,13,0.9230769230769231,0.5714285714285714,0.7272727272727273
external,GitHub-Social,FaPlex,351,13,0.8461538461538461,0.5,0.6666666666666666
external,GitHub-Social,FaPlex,352,13,0.9230769230769231,0.5714285714285714,0.7272727272727273
external,GitHub-Social,FaPlex,353,13,0.9230769230769231,0.5454545454545454,0.7058823529411765
external,GitHub-Social,FaPlex,354,13,0.9230769230769231,0.5714285714285714,0.7272727272727273
external,GitHub-Social,FaPlex,355,13,1.0,0.65,0.7878787878787878
external,GitHub-Social,FaPlex,356,13,1.0,0.65,0.7878787878787878
external,GitHub-Social,FaPlex,357,13,0.9230769230769231,0.5714285714285714,0.7272727272727273
external,GitHub-Social,FaPlex,358,13,0.9230769230769231,0.5714285714285714,0.7272727272727273
external,GitHub-Social,FaPlex,359,13,0.8461538461538461,0.5,0.6666666666666666
external,GitHub-Social,FaPlex,360,12,0.9166666666666666,0.5238095238095238,0.6875
external,GitHub-Social,FaPlex,361,12,0.9166666666666666,0.45454545454545453,0.625
external,GitHub-Social,FaPlex,362,12,0.9166666666666666,0.5238095238095238,0.6875
external,GitHub-Social,FaPlex,363,12,0.8333333333333334,0.4166666666666667,0.5882352941176471
external,GitHub-Social,FaPlex,364,12,0.9166666666666666,0.45454545454545453,0.625
external,GitHub-Social,FaPlex,365,12,0.9166666666666666,0.45454545454545453,0.625
external,GitHub-Social,FaPlex,366,12,0.9166666666666666,0.4782608695652174,0.6470588235294118
external,GitHub-Social,FaPlex,367,12,0.9166666666666666,0.5,0.6666666666666666
external,GitHub-Social,FaPlex,368,12,0.8333333333333334,0.45454545454545453,0.625
external,GitHub-Social,FaPlex,369,12,0.8333333333333334,0.45454545454545453,0.625
external,GitHub-Social,FaPlex,370,12,0.8333333333333334,0.43478260869565216,0.6060606060606061
external,GitHub-Social,FaPlex,371,12,0.8333333333333334,0.4166666666666667,0.5882352941176471
external,GitHub-Social,FaPlex,372,12,0.9166666666666666,0.4782608695652174,0.6470588235294118
external,GitHub-Social,FaPlex,373,12,0.8333333333333334,0.43478260869565216,0.6060606060606061
external,GitHub-Social,FaPlex,374,12,0.8333333333333334,0.43478260869565216,0.6060606060606061
external,GitHub-Social,FaPlex,375,12,0.9166666666666666,0.5,0.6666666666666666
external,GitHub-Social,FaPlex,376,12,0.8333333333333334,0.4166666666666667,0.5882352941176471
external,GitHub-Social,FaPlex,377,12,0.8333333333333334,0.43478260869565216,0.6060606060606061
external,GitHub-Social,FaPlex,378,12,0.8333333333333334,0.43478260869565216,0.6060606060606061
external,GitHub-Social,FaPlex,379,12,0.75,0.391304347826087,0.5625
external,GitHub-Social,FaPlex,380,12,0.8333333333333334,0.45454545454545453,0.625
external,GitHub-Social,FaPlex,381,12,0.8333333333333334,0.45454545454545453,0.625
external,GitHub-Social,FaPlex,382,12,0.75,0.391304347826087,0.5625
external,GitHub-Social,FaPlex,383,12,0.75,0.391304347826087,0.5625
external,GitHub-Social,FaPlex,384,12,0.8333333333333334,0.45454545454545453,0.625
external,GitHub-Social,FaPlex,385,12,0.9166666666666666,0.4782608695652174,0.6470588235294118
external,GitHub-Social,FaPlex,386,12,0.9166666666666666,0.4782608695652174,0.6470588235294118
external,GitHub-Social,FaPlex,387,12,0.9166666666666666,0.4782608695652174,0.6470588235294118
external,GitHub-Social,FaPlex,388,12,0.75,0.391304347826087,0.5625
external,GitHub-Social,FaPlex,389,12,0.75,0.36,0.5294117647058824
external,GitHub-Social,FaPlex,390,12,0.8333333333333334,0.4166666666666667,0.5882352941176471
external,GitHub-Social,FaPlex,391,12,0.8333333333333334,0.4166666666666667,0.5882352941176471
external,GitHub-Social,FaPlex,392,12,0.75,0.36,0.5294117647058824
external,GitHub-Social,FaPlex,393,12,0.8333333333333334,0.4166666666666667,0.5882352941176471
external,GitHub-Social,FaPlex,394,12,0.9166666666666666,0.4782608695652174,0.6470588235294118
external,GitHub-Social,FaPlex,395,12,0.75,0.391304347826087,0.5625
external,GitHub-Social,FaPlex,396,12,0.8333333333333334,0.43478260869565216,0.6060606060606061
external,GitHub-Social,FaPlex,397,12,0.9166666666666666,0.5238095238095238,0.6875
external,GitHub-Social,FaPlex,398,12,0.8333333333333334,0.43478260869565216,0.6060606060606061
external,GitHub-Social,FaPlex,399,12,0.9166666666666666,0.5238095238095238,0.6875
external,GitHub-Social,FaPlex,400,12,0.9166666666666666,0.5238095238095238,0.6875
external,GitHub-Social,FaPlex,401,12,0.9166666666666666,0.5238095238095238,0.6875
external,GitHub-Social,FaPlex,402,12,0.9166666666666666,0.5238095238095238,0.6875
external,GitHub-Social,FaPlex,403,12,0.9166666666666666,0.5238095238095238,0.6875
external,GitHub-Social,FaPlex,404,12,0.9166666666666666,0.5238095238095238,0.6875
external,GitHub-Social,FaPlex,405,12,0.9166666666666666,0.5238095238095238,0.6875
external,GitHub-Social,FaPlex,406,12,0.9166666666666666,0.5238095238095238,0.6875
external,GitHub-Social,FaPlex,407,12,0.9166666666666666,0.5238095238095238,0.6875
external,GitHub-Social,FaPlex,408,12,0.9166666666666666,0.5238095238095238,0.6875
external,GitHub-Social,FaPlex,409,12,0.9166666666666666,0.5238095238095238,0.6875
external,GitHub-Social,FaPlex,410,12,0.8333333333333334,0.45454545454545453,0.625
external,GitHub-Social,FaPlex,411,12,0.9166666666666666,0.5238095238095238,0.6875
external,GitHub-Social,FaPlex,412,12,0.8333333333333334,0.45454545454545453,0.625
external,GitHub-Social,FaPlex,413,12,0.8333333333333334,0.45454545454545453,0.625
external,GitHub-Social,FaPlex,414,12,0.9166666666666666,0.5238095238095238,0.6875
external,GitHub-Social,FaPlex,415,12,0.8333333333333334,0.45454545454545453,0.625
external,GitHub-Social,FaPlex,416,12,0.0,0.0,0.0
external,GitHub-Social,FaPlex,417,12,0.9166666666666666,0.5238095238095238,0.6875
external,GitHub-Social,FaPlex,418,12,0.9166666666666666,0.5238095238095238,0.6875
external,GitHub-Social,FaPlex,419,12,0.9166666666666666,0.5238095238095238,0.6875
external,GitHub-Social,FaPlex,420,12,0.9166666666666666,0.5238095238095238,0.6875
external,GitHub-Social,FaPlex,421,12,0.9166666666666666,0.5238095238095238,0.6875
external,GitHub-Social,FaPlex,422,12,0.9166666666666666,0.5238095238095238,0.6875
external,GitHub-Social,FaPlex,423,12,0.9166666666666666,0.5238095238095238,0.6875
external,GitHub-Social,FaPlex,424,12,0.9166666666666666,0.5238095238095238,0.6875
external,GitHub-Social,FaPlex,425,12,1.0,0.6,0.75
external,GitHub-Social,FaPlex,426,12,0.8333333333333334,0.45454545454545453,0.625
external,GitHub-Social,FaPlex,427,12,0.8333333333333334,0.45454545454545453,0.625
external,GitHub-Social,FaPlex,428,12,0.8333333333333334,0.45454545454545453,0.625
external,GitHub-Social,FaPlex,429,12,0.8333333333333334,0.45454545454545453,0.625
external,GitHub-Social,FaPlex,430,12,0.9166666666666666,0.4782608695652174,0.6470588235294118
external,GitHub-Social,FaPlex,431,12,0.9166666666666666,0.4782608695652174,0.6470588235294118
external,GitHub-Social,FaPlex,432,12,0.9166666666666666,0.5238095238095238,0.6875
external,GitHub-Social,FaPlex,433,12,0.9166666666666666,0.5238095238095238,0.6875
external,GitHub-Social,FaPlex,434,12,0.9166666666666666,0.5238095238095238,0.6875
external,GitHub-Social,FaPlex,435,12,0.9166666666666666,0.5238095238095238,0.6875
external,GitHub-Social,FaPlex,436,12,0.9166666666666666,0.5238095238095238,0.6875
external,GitHub-Social,FaPlex,437,12,0.9166666666666666,0.5238095238095238,0.6875
external,GitHub-Social,FaPlex,438,12,0.9166666666666666,0.5238095238095238,0.6875
external,GitHub-Social,FaPlex,439,12,0.9166666666666666,0.4782608695652174,0.6470588235294118
external,GitHub-Social,FaPlex,440,12,0.9166666666666666,0.4782608695652174,0.6470588235294118
external,GitHub-Social,FaPlex,441,12,0.9166666666666666,0.4782608695652174,0.6470588235294118
external,GitHub-Social,FaPlex,442,12,0.9166666666666666,0.4782608695652174,0.6470588235294118
external,GitHub-Social,FaPlex,443,12,0.9166666666666666,0.5238095238095238,0.6875
external,GitHub-Social,FaPlex,444,12,0.9166666666666666,0.5238095238095238,0.6875
external,GitHub-Social,FaPlex,445,12,0.9166666666666666,0.4782608695652174,0.6470588235294118
external,GitHub-Social,FaPlex,446,11,0.0,0.0,0.0
external,GitHub-Social,FaPlex,447,11,0.0,0.0,0.0
external,GitHub-Social,FaPlex,448,11,0.9090909090909091,0.45454545454545453,0.625
external,GitHub-Social,FaPlex,449,11,0.8181818181818182,0.4090909090909091,0.5806451612903226
external,GitHub-Social,FaPlex,450,11,0.9090909090909091,0.4090909090909091,0.5806451612903226
external,GitHub-Social,FaPlex,451,11,0.8181818181818182,0.391304347826087,0.5625
external,GitHub-Social,FaPlex,452,11,0.9090909090909091,0.45454545454545453,0.625
external,GitHub-Social,FaPlex,453,11,0.9090909090909091,0.45454545454545453,0.625
external,GitHub-Social,FaPlex,454,11,0.9090909090909091,0.45454545454545453,0.625
external,GitHub-Social,FaPlex,455,11,0.9090909090909091,0.45454545454545453,0.625
external,GitHub-Social,FaPlex,456,11,0.8181818181818182,0.4090909090909091,0.5806451612903226
external,GitHub-Social,FaPlex,457,11,0.7272727272727273,0.34782608695652173,0.5161290322580645
external,GitHub-Social,FaPlex,458,11,0.8181818181818182,0.4090909090909091,0.5806451612903226
external,GitHub-Social,FaPlex,459,11,0.8181818181818182,0.4090909090909091,0.5806451612903226
external,GitHub-Social,FaPlex,460,11,0.8181818181818182,0.4090909090909091,0.5806451612903226
external,GitHub-Social,FaPlex,461,11,0.8181818181818182,0.4090909090909091,0.5806451612903226
external,GitHub-Social,FaPlex,462,11,0.8181818181818182,0.4090909090909091,0.5806451612903226
external,GitHub-Social,FaPlex,463,11,0.8181818181818182,0.4090909090909091,0.5806451612903226
external,GitHub-Social,FaPlex,464,11,0.8181818181818182,0.4090909090909091,0.5806451612903226
external,GitHub-Social,FaPlex,465,11,0.8181818181818182,0.4090909090909091,0.5806451612903226
external,GitHub-Social,FaPlex,466,11,0.8181818181818182,0.4090909090909091,0.5806451612903226
external,GitHub-Social,FaPlex,467,11,0.9090909090909091,0.47619047619047616,0.6451612903225806
external,GitHub-Social,FaPlex,468,11,0.9090909090909091,0.47619047619047616,0.6451612903225806
external,GitHub-Social,FaPlex,469,11,0.9090909090909091,0.47619047619047616,0.6451612903225806
external,GitHub-Social,FaPlex,470,11,0.9090909090909091,0.47619047619047616,0.6451612903225806
external,GitHub-Social,FaPlex,471,11,0.8181818181818182,0.375,0.5454545454545454
external,GitHub-Social,FaPlex,472,11,0.9090909090909091,0.47619047619047616,0.6451612903225806
external,GitHub-Social,FaPlex,473,11,0.7272727272727273,0.34782608695652173,0.5161290322580645
external,GitHub-Social,FaPlex,474,11,0.7272727272727273,0.34782608695652173,0.5161290322580645
external,GitHub-Social,FaPlex,475,11,0.8181818181818182,0.4090909090909091,0.5806451612903226
external,GitHub-Social,FaPlex,476,11,0.8181818181818182,0.4090909090909091,0.5806451612903226
external,GitHub-Social,FaPlex,477,11,0.8181818181818182,0.4090909090909091,0.5806451612903226
external,GitHub-Social,FaPlex,478,11,0.8181818181818182,0.4090909090909091,0.5806451612903226
external,GitHub-Social,FaPlex,479,11,0.9090909090909091,0.45454545454545453,0.625
external,GitHub-Social,FaPlex,480,11,0.7272727272727273,0.34782608695652173,0.5161290322580645
external,GitHub-Social,FaPlex,481,11,0.8181818181818182,0.4090909090909091,0.5806451612903226
external,GitHub-Social,FaPlex,482,11,0.8181818181818182,0.4090909090909091,0.5806451612903226
external,GitHub-Social,FaPlex,483,11,0.9090909090909091,0.47619047619047616,0.6451612903225806
external,GitHub-Social,FaPlex,484,11,0.8181818181818182,0.4090909090909091,0.5806451612903226
external,GitHub-Social,FaPlex,485,11,0.9090909090909091,0.47619047619047616,0.6451612903225806
external,GitHub-Social,FaPlex,486,11,0.9090909090909091,0.47619047619047616,0.6451612903225806
external,GitHub-Social,FaPlex,487,11,0.8181818181818182,0.4090909090909091,0.5806451612903226
external,GitHub-Social,FaPlex,488,11,0.8181818181818182,0.4090909090909091,0.5806451612903226
external,GitHub-Social,FaPlex,489,11,0.9090909090909091,0.4090909090909091,0.5806451612903226
external,GitHub-Social,FaPlex,490,11,0.9090909090909091,0.47619047619047616,0.6451612903225806
external,GitHub-Social,FaPlex,491,11,0.9090909090909091,0.4090909090909091,0.5806451612903226
external,GitHub-Social,FaPlex,492,11,0.9090909090909091,0.47619047619047616,0.6451612903225806
external,GitHub-Social,FaPlex,493,11,0.9090909090909091,0.4090909090909091,0.5806451612903226
external,GitHub-Social,FaPlex,494,11,0.9090909090909091,0.4090909090909091,0.5806451612903226
external,GitHub-Social,FaPlex,495,11,0.9090909090909091,0.4090909090909091,0.5806451612903226
external,GitHub-Social,FaPlex,496,11,0.9090909090909091,0.4090909090909091,0.5806451612903226
external,GitHub-Social,FaPlex,497,11,0.0,0.0,0.0
external,GitHub-Social,FaPlex,498,11,0.0,0.0,0.0
external,GitHub-Social,FaPlex,499,11,0.0,0.0,0.0
external,GitHub-Social,FaPlex,500,11,0.0,0.0,0.0
external,GitHub-Social,FaPlex,501,11,0.0,0.0,0.0
external,GitHub-Social,FaPlex,502,11,0.0,0.0,0.0
external,GitHub-Social,FaPlex,503,11,0.0,0.0,0.0
external,GitHub-Social,FaPlex,504,11,0.0,0.0,0.0
external,GitHub-Social,FaPlex,505,11,0.0,0.0,0.0
external,GitHub-Social,FaPlex,506,11,0.0,0.0,0.0
external,GitHub-Social,FaPlex,507,11,0.9090909090909091,0.47619047619047616,0.6451612903225806
external,GitHub-Social,FaPlex,508,11,0.9090909090909091,0.47619047619047616,0.6451612903225806
external,GitHub-Social,FaPlex,509,11,0.8181818181818182,0.4090909090909091,0.5806451612903226
external,GitHub-Social,FaPlex,510,11,0.8181818181818182,0.4090909090909091,0.5806451612903226
external,GitHub-Social,FaPlex,511,11,0.9090909090909091,0.47619047619047616,0.6451612903225806
external,GitHub-Social,FaPlex,512,11,0.9090909090909091,0.47619047619047616,0.6451612903225806
external,GitHub-Social,FaPlex,513,11,0.9090909090909091,0.47619047619047616,0.6451612903225806
external,GitHub-Social,FaPlex,514,11,0.9090909090909091,0.47619047619047616,0.6451612903225806
external,GitHub-Social,FaPlex,515,11,0.9090909090909091,0.47619047619047616,0.6451612903225806
external,GitHub-Social,FaPlex,516,11,0.9090909090909091,0.47619047619047616,0.6451612903225806
external,GitHub-Social,FaPlex,517,11,0.9090909090909091,0.47619047619047616,0.6451612903225806
external,GitHub-Social,FaPlex,518,11,0.9090909090909091,0.47619047619047616,0.6451612903225806
external,GitHub-Social,FaPlex,519,11,0.9090909090909091,0.47619047619047616,0.6451612903225806
external,GitHub-Social,FaPlex,520,11,0.9090909090909091,0.47619047619047616,0.6451612903225806
external,GitHub-Social,FaPlex,521,10,0.0,0.0,0.0
external,GitHub-Social,FaPlex,522,10,0.0,0.0,0.0
external,GitHub-Social,FaPlex,523,10,0.9,0.42857142857142855,0.6
external,GitHub-Social,FaPlex,524,10,0.8,0.3076923076923077,0.47058823529411764
external,GitHub-Social,FaPlex,525,10,0.8,0.36363636363636365,0.5333333333333333
external,GitHub-Social,FaPlex,526,10,0.7,0.30434782608695654,0.4666666666666667
external,GitHub-Social,FaPlex,527,10,0.7,0.30434782608695654,0.4666666666666667
external,GitHub-Social,FaPlex,528,10,0.7,0.30434782608695654,0.4666666666666667
external,GitHub-Social,FaPlex,529,10,0.7,0.30434782608695654,0.4666666666666667
external,GitHub-Social,FaPlex,530,10,0.7,0.30434782608695654,0.4666666666666667
external,GitHub-Social,FaPlex,531,10,0.9,0.42857142857142855,0.6
external,GitHub-Social,FaPlex,532,10,0.9,0.42857142857142855,0.6
external,GitHub-Social,FaPlex,533,10,0.8,0.36363636363636365,0.5333333333333333
external,GitHub-Social,FaPlex,534,10,0.8,0.36363636363636365,0.5333333333333333
external,GitHub-Social,FaPlex,535,10,0.8,0.36363636363636365,0.5333333333333333
external,GitHub-Social,FaPlex,536,10,0.8,0.36363636363636365,0.5333333333333333
external,GitHub-Social,FaPlex,537,10,0.8,0.36363636363636365,0.5333333333333333
external,GitHub-Social,FaPlex,538,10,0.8,0.36363636363636365,0.5333333333333333
external,GitHub-Social,FaPlex,539,10,0.8,0.36363636363636365,0.5333333333333333
external,GitHub-Social,FaPlex,540,10,0.8,0.36363636363636365,0.5333333333333333
external,GitHub-Social,FaPlex,541,10,0.8,0.36363636363636365,0.5333333333333333
external,GitHub-Social,FaPlex,542,10,0.7,0.30434782608695654,0.4666666666666667
external,GitHub-Social,FaPlex,543,10,0.6,0.25,0.4
external,GitHub-Social,FaPlex,544,10,0.7,0.30434782608695654,0.4666666666666667
external,GitHub-Social,FaPlex,545,10,0.7,0.30434782608695654,0.4666666666666667
external,GitHub-Social,FaPlex,546,10,0.8,0.36363636363636365,0.5333333333333333
external,GitHub-Social,FaPlex,547,10,0.8,0.36363636363636365,0.5333333333333333
external,GitHub-Social,FaPlex,548,10,0.7,0.30434782608695654,0.4666666666666667
external,GitHub-Social,FaPlex,549,10,0.7,0.30434782608695654,0.4666666666666667
external,GitHub-Social,FaPlex,550,10,0.8,0.36363636363636365,0.5333333333333333
external,GitHub-Social,FaPlex,551,10,0.7,0.30434782608695654,0.4666666666666667
external,GitHub-Social,FaPlex,552,10,0.8,0.36363636363636365,0.5333333333333333
external,GitHub-Social,FaPlex,553,10,0.7,0.30434782608695654,0.4666666666666667
external,GitHub-Social,FaPlex,554,10,0.8,0.36363636363636365,0.5333333333333333
external,GitHub-Social,FaPlex,555,10,0.8,0.36363636363636365,0.5333333333333333
external,GitHub-Social,FaPlex,556,10,0.8,0.36363636363636365,0.5333333333333333
external,GitHub-Social,FaPlex,557,10,0.9,0.42857142857142855,0.6
external,GitHub-Social,FaPlex,558,10,0.8,0.36363636363636365,0.5333333333333333
external,GitHub-Social,FaPlex,559,10,0.8,0.36363636363636365,0.5333333333333333
external,GitHub-Social,FaPlex,560,10,0.9,0.42857142857142855,0.6
external,GitHub-Social,FaPlex,561,10,0.9,0.42857142857142855,0.6
external,GitHub-Social,FaPlex,562,10,0.8,0.36363636363636365,0.5333333333333333
external,GitHub-Social,FaPlex,563,10,0.8,0.36363636363636365,0.5333333333333333
external,GitHub-Social,FaPlex,564,10,0.8,0.36363636363636365,0.5333333333333333
external,GitHub-Social,FaPlex,565,10,0.9,0.42857142857142855,0.6
external,GitHub-Social,FaPlex,566,10,0.9,0.36363636363636365,0.5333333333333333
external,GitHub-Social,FaPlex,567,10,0.9,0.42857142857142855,0.6
external,GitHub-Social,FaPlex,568,10,0.9,0.36363636363636365,0.5333333333333333
external,GitHub-Social,FaPlex,569,10,0.9,0.36363636363636365,0.5333333333333333
external,GitHub-Social,FaPlex,570,10,0.9,0.36363636363636365,0.5333333333333333
external,GitHub-Social,FaPlex,571,10,0.0,0.0,0.0
external,GitHub-Social,FaPlex,572,10,0.0,0.0,0.0
external,GitHub-Social,FaPlex,573,10,0.0,0.0,0.0
external,GitHub-Social,FaPlex,574,10,0.0,0.0,0.0
external,GitHub-Social,FaPlex,575,10,0.0,0.0,0.0
external,GitHub-Social,FaPlex,576,10,0.0,0.0,0.0
external,GitHub-Social,FaPlex,577,10,0.0,0.0,0.0
external,GitHub-Social,FaPlex,578,10,0.0,0.0,0.0
external,GitHub-Social,FaPlex,579,10,0.0,0.0,0.0
external,GitHub-Social,FaPlex,580,10,0.8,0.36363636363636365,0.5333333333333333
external,GitHub-Social,FaPlex,581,10,0.8,0.36363636363636365,0.5333333333333333
external,GitHub-Social,FaPlex,582,10,0.8,0.36363636363636365,0.5333333333333333
external,GitHub-Social,FaPlex,583,10,0.9,0.42857142857142855,0.6
external,GitHub-Social,FaPlex,584,10,0.9,0.42857142857142855,0.6
external,GitHub-Social,FaPlex,585,10,0.9,0.42857142857142855,0.6
external,GitHub-Social,FaPlex,586,10,0.9,0.42857142857142855,0.6
external,GitHub-Social,FaPlex,587,10,0.8,0.36363636363636365,0.5333333333333333
external,GitHub-Social,FaPlex,588,10,0.9,0.42857142857142855,0.6
external,GitHub-Social,FaPlex,589,10,0.9,0.42857142857142855,0.6
external,GitHub-Social,FaPlex,590,10,0.9,0.42857142857142855,0.6
external,GitHub-Social,FaPlex,591,10,0.9,0.42857142857142855,0.6
external,GitHub-Social,FaPlex,592,10,0.9,0.42857142857142855,0.6
external,GitHub-Social,FaPlex,593,10,0.9,0.42857142857142855,0.6
external,GitHub-Social,FaPlex,594,10,0.9,0.42857142857142855,0.6
external,GitHub-Social,FaPlex,595,10,0.9,0.42857142857142855,0.6
external,GitHub-Social,FaPlex,596,10,0.9,0.42857142857142855,0.6
external,GitHub-Social,FaPlex,597,10,0.9,0.42857142857142855,0.6
external,GitHub-Social,FaPlex,598,10,0.9,0.42857142857142855,0.6
external,GitHub-Social,FaPlex,599,10,0.9,0.42857142857142855,0.6
external,GitHub-Social,FaPlex,600,10,0.9,0.42857142857142855,0.6
external,GitHub-Social,FaPlex,601,10,0.9,0.42857142857142855,0.6
external,GitHub-Social,FaPlex,602,10,0.9,0.42857142857142855,0.6
external,GitHub-Social,FaPlex,603,10,0.9,0.42857142857142855,0.6
external,GitHub-Social,FaPlex,604,10,0.9,0.42857142857142855,0.6
definition,ogbn-arxiv,PairSim-MCE,0,18,0.6666666666666666,0.6666666666666666,0.8
definition,ogbn-arxiv,PairSim-MCE,1,18,0.6666666666666666,0.6666666666666666,0.8
definition,ogbn-arxiv,PairSim-MCE,2,18,0.6111111111111112,0.6111111111111112,0.7586206896551724
definition,ogbn-arxiv,PairSim-MCE,3,18,0.6111111111111112,0.5789473684210527,0.7333333333333333
definition,ogbn-arxiv,PairSim-MCE,4,18,0.6666666666666666,0.6666666666666666,0.8
definition,ogbn-arxiv,PairSim-MCE,5,18,0.6666666666666666,0.6666666666666666,0.8
definition,ogbn-arxiv,PairSim-MCE,6,18,0.6111111111111112,0.6111111111111112,0.7586206896551724
definition,ogbn-arxiv,PairSim-MCE,7,18,0.6111111111111112,0.5789473684210527,0.7333333333333333
definition,ogbn-arxiv,PairSim-MCE,8,18,0.6111111111111112,0.5789473684210527,0.7333333333333333
definition,ogbn-arxiv,PairSim-MCE,9,18,0.6111111111111112,0.5789473684210527,0.7333333333333333
definition,ogbn-arxiv,PairSim-MCE,10,18,0.6111111111111112,0.6111111111111112,0.7586206896551724
definition,ogbn-arxiv,PairSim-MCE,11,18,0.6111111111111112,0.6111111111111112,0.7586206896551724
definition,ogbn-arxiv,PairSim-MCE,12,17,0.6470588235294118,0.6470588235294118,0.7857142857142857
definition,ogbn-arxiv,PairSim-MCE,13,17,0.6470588235294118,0.6470588235294118,0.7857142857142857
definition,ogbn-arxiv,PairSim-MCE,14,17,0.6470588235294118,0.6470588235294118,0.7857142857142857
definition,ogbn-arxiv,PairSim-MCE,15,17,0.7058823529411765,0.7058823529411765,0.8275862068965517
definition,ogbn-arxiv,PairSim-MCE,16,17,0.7058823529411765,0.7058823529411765,0.8275862068965517
definition,ogbn-arxiv,PairSim-MCE,17,17,0.7058823529411765,0.7058823529411765,0.8275862068965517
definition,ogbn-arxiv,PairSim-MCE,18,17,0.6470588235294118,0.6111111111111112,0.7586206896551724
definition,ogbn-arxiv,PairSim-MCE,19,17,0.6470588235294118,0.6470588235294118,0.7857142857142857
definition,ogbn-arxiv,PairSim-MCE,20,17,0.6470588235294118,0.6470588235294118,0.7857142857142857
definition,ogbn-arxiv,PairSim-MCE,21,17,0.6470588235294118,0.6111111111111112,0.7586206896551724
definition,ogbn-arxiv,PairSim-MCE,22,17,0.6470588235294118,0.6111111111111112,0.7586206896551724
definition,ogbn-arxiv,PairSim-MCE,23,17,0.6470588235294118,0.6111111111111112,0.7586206896551724
definition,ogbn-arxiv,PairSim-MCE,24,17,0.7058823529411765,0.7058823529411765,0.8275862068965517
definition,ogbn-arxiv,PairSim-MCE,25,17,0.7058823529411765,0.7058823529411765,0.8275862068965517
definition,ogbn-arxiv,PairSim-MCE,26,17,0.6470588235294118,0.6111111111111112,0.7586206896551724
definition,ogbn-arxiv,PairSim-MCE,27,17,0.7058823529411765,0.7058823529411765,0.8275862068965517
definition,ogbn-arxiv,PairSim-MCE,28,17,0.7058823529411765,0.7058823529411765,0.8275862068965517
definition,ogbn-arxiv,PairSim-MCE,29,17,0.6470588235294118,0.6470588235294118,0.7857142857142857
definition,ogbn-arxiv,PairSim-MCE,30,17,0.6470588235294118,0.6470588235294118,0.7857142857142857
definition,ogbn-arxiv,PairSim-MCE,31,17,0.6470588235294118,0.6470588235294118,0.7857142857142857
definition,ogbn-arxiv,PairSim-MCE,32,17,0.6470588235294118,0.6470588235294118,0.7857142857142857
definition,ogbn-arxiv,PairSim-MCE,33,17,0.6470588235294118,0.6470588235294118,0.7857142857142857
definition,ogbn-arxiv,PairSim-MCE,34,17,0.6470588235294118,0.6470588235294118,0.7857142857142857
definition,ogbn-arxiv,PairSim-MCE,35,17,0.7058823529411765,0.7058823529411765,0.8275862068965517
definition,ogbn-arxiv,PairSim-MCE,36,17,0.6470588235294118,0.6111111111111112,0.7586206896551724
definition,ogbn-arxiv,PairSim-MCE,37,17,0.7058823529411765,0.7058823529411765,0.8275862068965517
definition,ogbn-arxiv,PairSim-MCE,38,17,0.6470588235294118,0.6470588235294118,0.7857142857142857
definition,ogbn-arxiv,PairSim-MCE,39,17,0.6470588235294118,0.6470588235294118,0.7857142857142857
definition,ogbn-arxiv,PairSim-MCE,40,17,0.5882352941176471,0.5882352941176471,0.7407407407407407
definition,ogbn-arxiv,PairSim-MCE,41,17,0.6470588235294118,0.6111111111111112,0.7586206896551724
definition,ogbn-arxiv,PairSim-MCE,42,17,0.6470588235294118,0.6470588235294118,0.7857142857142857
definition,ogbn-arxiv,PairSim-MCE,43,17,0.5882352941176471,0.5882352941176471,0.7407407407407407
definition,ogbn-arxiv,PairSim-MCE,44,17,0.6470588235294118,0.6470588235294118,0.7857142857142857
definition,ogbn-arxiv,PairSim-MCE,45,17,0.5882352941176471,0.5882352941176471,0.7407407407407407
definition,ogbn-arxiv,PairSim-MCE,46,17,0.7058823529411765,0.7058823529411765,0.8275862068965517
definition,ogbn-arxiv,PairSim-MCE,47,17,0.7058823529411765,0.7058823529411765,0.8275862068965517
definition,ogbn-arxiv,PairSim-MCE,48,17,0.6470588235294118,0.6111111111111112,0.7586206896551724
definition,ogbn-arxiv,PairSim-MCE,49,17,0.7058823529411765,0.7058823529411765,0.8275862068965517
definition,ogbn-arxiv,PairSim-MCE,50,17,0.7058823529411765,0.7058823529411765,0.8275862068965517
definition,ogbn-arxiv,PairSim-MCE,51,17,0.5882352941176471,0.5882352941176471,0.7407407407407407
definition,ogbn-arxiv,PairSim-MCE,52,17,0.6470588235294118,0.6111111111111112,0.7586206896551724
definition,ogbn-arxiv,PairSim-MCE,53,17,0.6470588235294118,0.6111111111111112,0.7586206896551724
definition,ogbn-arxiv,PairSim-MCE,54,17,0.5882352941176471,0.5882352941176471,0.7407407407407407
definition,ogbn-arxiv,PairSim-MCE,55,17,0.6470588235294118,0.6470588235294118,0.7857142857142857
definition,ogbn-arxiv,PairSim-MCE,56,17,0.6470588235294118,0.6470588235294118,0.7857142857142857
definition,ogbn-arxiv,PairSim-MCE,57,17,0.5882352941176471,0.5882352941176471,0.7407407407407407
definition,ogbn-arxiv,PairSim-MCE,58,17,0.6470588235294118,0.6111111111111112,0.7586206896551724
definition,ogbn-arxiv,PairSim-MCE,59,17,0.6470588235294118,0.6111111111111112,0.7586206896551724
definition,ogbn-arxiv,PairSim-MCE,60,17,0.5882352941176471,0.5555555555555556,0.7142857142857143
definition,ogbn-arxiv,PairSim-MCE,61,17,0.6470588235294118,0.6111111111111112,0.7586206896551724
definition,ogbn-arxiv,PairSim-MCE,62,17,0.6470588235294118,0.6111111111111112,0.7586206896551724
definition,ogbn-arxiv,PairSim-MCE,63,17,0.5882352941176471,0.5882352941176471,0.7407407407407407
definition,ogbn-arxiv,PairSim-MCE,64,16,0.6875,0.6875,0.8148148148148148
definition,ogbn-arxiv,PairSim-MCE,65,16,0.75,0.75,0.8571428571428571
definition,ogbn-arxiv,PairSim-MCE,66,16,0.6875,0.6875,0.8148148148148148
definition,ogbn-arxiv,PairSim-MCE,67,16,0.625,0.5882352941176471,0.7407407407407407
definition,ogbn-arxiv,PairSim-MCE,68,16,0.6875,0.6875,0.8148148148148148
definition,ogbn-arxiv,PairSim-MCE,69,16,0.6875,0.6470588235294118,0.7857142857142857
definition,ogbn-arxiv,PairSim-MCE,70,16,0.6875,0.6875,0.8148148148148148
definition,ogbn-arxiv,PairSim-MCE,71,16,0.6875,0.6875,0.8148148148148148
definition,ogbn-arxiv,PairSim-MCE,72,16,0.6875,0.6875,0.8148148148148148
definition,ogbn-arxiv,PairSim-MCE,73,16,0.625,0.625,0.7692307692307693
definition,ogbn-arxiv,PairSim-MCE,74,16,0.6875,0.6875,0.8148148148148148
definition,ogbn-arxiv,PairSim-MCE,75,16,0.6875,0.6875,0.8148148148148148
definition,ogbn-arxiv,PairSim-MCE,76,16,0.6875,0.6875,0.8148148148148148
definition,ogbn-arxiv,PairSim-MCE,77,16,0.625,0.625,0.7692307692307693
definition,ogbn-arxiv,PairSim-MCE,78,16,0.625,0.625,0.7692307692307693
definition,ogbn-arxiv,PairSim-MCE,79,16,0.625,0.625,0.7692307692307693
definition,ogbn-arxiv,PairSim-MCE,80,16,0.75,0.75,0.8571428571428571
definition,ogbn-arxiv,PairSim-MCE,81,16,0.625,0.625,0.7692307692307693
definition,ogbn-arxiv,PairSim-MCE,82,16,0.6875,0.6875,0.8148148148148148
definition,ogbn-arxiv,PairSim-MCE,83,16,0.75,0.7058823529411765,0.8275862068965517
definition,ogbn-arxiv,PairSim-MCE,84,16,0.75,0.7058823529411765,0.8275862068965517
definition,ogbn-arxiv,PairSim-MCE,85,16,0.75,0.75,0.8571428571428571
definition,ogbn-arxiv,PairSim-MCE,86,16,0.6875,0.6470588235294118,0.7857142857142857
definition,ogbn-arxiv,PairSim-MCE,87,16,0.6875,0.6111111111111112,0.7586206896551724
definition,ogbn-arxiv,PairSim-MCE,88,16,0.75,0.75,0.8571428571428571
definition,ogbn-arxiv,PairSim-MCE,89,16,0.6875,0.6875,0.8148148148148148
definition,ogbn-arxiv,PairSim-MCE,90,16,0.625,0.625,0.7692307692307693
definition,ogbn-arxiv,PairSim-MCE,91,16,0.625,0.625,0.7692307692307693
definition,ogbn-arxiv,PairSim-MCE,92,16,0.75,0.7058823529411765,0.8275862068965517
definition,ogbn-arxiv,PairSim-MCE,93,16,0.75,0.7058823529411765,0.8275862068965517
definition,ogbn-arxiv,PairSim-MCE,94,16,0.6875,0.6470588235294118,0.7857142857142857
definition,ogbn-arxiv,PairSim-MCE,95,16,0.6875,0.6111111111111112,0.7586206896551724
definition,ogbn-arxiv,PairSim-MCE,96,16,0.6875,0.6111111111111112,0.7586206896551724
definition,ogbn-arxiv,PairSim-MCE,97,16,0.6875,0.6470588235294118,0.7857142857142857
definition,ogbn-arxiv,PairSim-MCE,98,16,0.6875,0.6875,0.8148148148148148
definition,ogbn-arxiv,PairSim-MCE,99,16,0.6875,0.6875,0.8148148148148148
definition,ogbn-arxiv,PairSim-MCE,100,16,0.625,0.625,0.7692307692307693
definition,ogbn-arxiv,PairSim-MCE,101,16,0.625,0.625,0.7692307692307693
definition,ogbn-arxiv,PairSim-MCE,102,16,0.6875,0.6875,0.8148148148148148
definition,ogbn-arxiv,PairSim-MCE,103,16,0.75,0.75,0.8571428571428571
definition,ogbn-arxiv,PairSim-MCE,104,16,0.75,0.75,0.8571428571428571
definition,ogbn-arxiv,PairSim-MCE,105,16,0.6875,0.6875,0.8148148148148148
definition,ogbn-arxiv,PairSim-MCE,106,16,0.6875,0.6470588235294118,0.7857142857142857
definition,ogbn-arxiv,PairSim-MCE,107,16,0.625,0.625,0.7692307692307693
definition,ogbn-arxiv,PairSim-MCE,108,16,0.625,0.625,0.7692307692307693
definition,ogbn-arxiv,PairSim-MCE,109,16,0.625,0.625,0.7692307692307693
definition,ogbn-arxiv,PairSim-MCE,110,16,0.625,0.5882352941176471,0.7407407407407407
definition,ogbn-arxiv,PairSim-MCE,111,16,0.625,0.625,0.7692307692307693
definition,ogbn-arxiv,PairSim-MCE,112,16,0.625,0.625,0.7692307692307693
definition,ogbn-arxiv,PairSim-MCE,113,16,0.625,0.625,0.7692307692307693
definition,ogbn-arxiv,PairSim-MCE,114,16,0.625,0.625,0.7692307692307693
definition,ogbn-arxiv,PairSim-MCE,115,16,0.75,0.75,0.8571428571428571
definition,ogbn-arxiv,PairSim-MCE,116,16,0.6875,0.6470588235294118,0.7857142857142857
definition,ogbn-arxiv,PairSim-MCE,117,16,0.625,0.625,0.7692307692307693
definition,ogbn-arxiv,PairSim-MCE,118,16,0.625,0.625,0.7692307692307693
definition,ogbn-arxiv,PairSim-MCE,119,16,0.6875,0.625,0.7692307692307693
definition,ogbn-arxiv,PairSim-MCE,120,16,0.625,0.625,0.7692307692307693
definition,ogbn-arxiv,PairSim-MCE,121,16,0.75,0.75,0.8571428571428571
definition,ogbn-arxiv,PairSim-MCE,122,16,0.6875,0.6470588235294118,0.7857142857142857
definition,ogbn-arxiv,PairSim-MCE,123,16,0.625,0.5882352941176471,0.7407407407407407
definition,ogbn-arxiv,PairSim-MCE,124,16,0.625,0.5555555555555556,0.7142857142857143
definition,ogbn-arxiv,PairSim-MCE,125,16,0.6875,0.6875,0.8148148148148148
definition,ogbn-arxiv,PairSim-MCE,126,16,0.625,0.5882352941176471,0.7407407407407407
definition,ogbn-arxiv,PairSim-MCE,127,16,0.5,0.4444444444444444,0.6153846153846154
definition,ogbn-arxiv,PairSim-MCE,128,16,0.6875,0.6875,0.8148148148148148
definition,ogbn-arxiv,PairSim-MCE,129,16,0.6875,0.6875,0.8148148148148148
definition,ogbn-arxiv,PairSim-MCE,130,16,0.625,0.5882352941176471,0.7407407407407407
definition,ogbn-arxiv,PairSim-MCE,131,16,0.625,0.5882352941176471,0.7407407407407407
definition,ogbn-arxiv,PairSim-MCE,132,16,0.6875,0.6875,0.8148148148148148
definition,ogbn-arxiv,PairSim-MCE,133,16,0.6875,0.6875,0.8148148148148148
definition,ogbn-arxiv,PairSim-MCE,134,16,0.625,0.5882352941176471,0.7407407407407407
definition,ogbn-arxiv,PairSim-MCE,135,16,0.625,0.5882352941176471,0.7407407407407407
definition,ogbn-arxiv,PairSim-MCE,136,16,0.625,0.625,0.7692307692307693
definition,ogbn-arxiv,PairSim-MCE,137,16,0.5625,0.5294117647058824,0.6923076923076923
definition,ogbn-arxiv,PairSim-MCE,138,15,0.7333333333333333,0.7333333333333333,0.8461538461538461
definition,ogbn-arxiv,PairSim-MCE,139,15,0.7333333333333333,0.7333333333333333,0.8461538461538461
definition,ogbn-arxiv,PairSim-MCE,140,15,0.7333333333333333,0.7333333333333333,0.8461538461538461
definition,ogbn-arxiv,PairSim-MCE,141,15,0.7333333333333333,0.6875,0.8148148148148148
definition,ogbn-arxiv,PairSim-MCE,142,15,0.8,0.8,0.8888888888888888
definition,ogbn-arxiv,PairSim-MCE,143,15,0.7333333333333333,0.6875,0.8148148148148148
definition,ogbn-arxiv,PairSim-MCE,144,15,0.8,0.8,0.8888888888888888
definition,ogbn-arxiv,PairSim-MCE,145,15,0.6666666666666666,0.6666666666666666,0.8
definition,ogbn-arxiv,PairSim-MCE,146,15,0.7333333333333333,0.6875,0.8148148148148148
definition,ogbn-arxiv,PairSim-MCE,147,15,0.6666666666666666,0.6666666666666666,0.8
definition,ogbn-arxiv,PairSim-MCE,148,15,0.6666666666666666,0.6666666666666666,0.8
definition,ogbn-arxiv,PairSim-MCE,149,15,0.6666666666666666,0.6666666666666666,0.8
definition,ogbn-arxiv,PairSim-MCE,150,15,0.6666666666666666,0.6666666666666666,0.8
definition,ogbn-arxiv,PairSim-MCE,151,15,0.7333333333333333,0.6875,0.8148148148148148
definition,ogbn-arxiv,PairSim-MCE,152,15,0.6666666666666666,0.6666666666666666,0.8
definition,ogbn-arxiv,PairSim-MCE,153,15,0.7333333333333333,0.7333333333333333,0.8461538461538461
definition,ogbn-arxiv,PairSim-MCE,154,15,0.7333333333333333,0.7333333333333333,0.8461538461538461
definition,ogbn-arxiv,PairSim-MCE,155,15,0.6666666666666666,0.625,0.7692307692307693
definition,ogbn-arxiv,PairSim-MCE,156,15,0.8666666666666667,0.8666666666666667,0.9285714285714286
definition,ogbn-arxiv,PairSim-MCE,157,15,0.8,0.8,0.8888888888888888
definition,ogbn-arxiv,PairSim-MCE,158,15,0.8,0.75,0.8571428571428571
definition,ogbn-arxiv,PairSim-MCE,159,15,0.7333333333333333,0.7333333333333333,0.8461538461538461
definition,ogbn-arxiv,PairSim-MCE,160,15,0.6666666666666666,0.625,0.7692307692307693
definition,ogbn-arxiv,PairSim-MCE,161,15,0.7333333333333333,0.6875,0.8148148148148148
definition,ogbn-arxiv,PairSim-MCE,162,15,0.7333333333333333,0.7333333333333333,0.8461538461538461
definition,ogbn-arxiv,PairSim-MCE,163,15,0.6666666666666666,0.6666666666666666,0.8
definition,ogbn-arxiv,PairSim-MCE,164,15,0.6666666666666666,0.625,0.7692307692307693
definition,ogbn-arxiv,PairSim-MCE,165,15,0.8666666666666667,0.8666666666666667,0.9285714285714286
definition,ogbn-arxiv,PairSim-MCE,166,15,0.8,0.75,0.8571428571428571
definition,ogbn-arxiv,PairSim-MCE,167,15,0.8,0.75,0.8571428571428571
definition,ogbn-arxiv,PairSim-MCE,168,15,0.6666666666666666,0.6666666666666666,0.8
definition,ogbn-arxiv,PairSim-MCE,169,15,0.6666666666666666,0.625,0.7692307692307693
definition,ogbn-arxiv,PairSim-MCE,170,15,0.7333333333333333,0.6470588235294118,0.7857142857142857
definition,ogbn-arxiv,PairSim-MCE,171,15,0.6666666666666666,0.6666666666666666,0.8
definition,ogbn-arxiv,PairSim-MCE,172,15,0.6666666666666666,0.625,0.7692307692307693
definition,ogbn-arxiv,PairSim-MCE,173,15,0.6666666666666666,0.6666666666666666,0.8
definition,ogbn-arxiv,PairSim-MCE,174,15,0.6666666666666666,0.6666666666666666,0.8
definition,ogbn-arxiv,PairSim-MCE,175,15,0.6666666666666666,0.625,0.7692307692307693
definition,ogbn-arxiv,PairSim-MCE,176,15,0.8,0.8,0.8888888888888888
definition,ogbn-arxiv,PairSim-MCE,177,15,0.7333333333333333,0.6875,0.8148148148148148
definition,ogbn-arxiv,PairSim-MCE,178,15,0.8,0.8,0.8888888888888888
definition,ogbn-arxiv,PairSim-MCE,179,15,0.8,0.8,0.8888888888888888
definition,ogbn-arxiv,PairSim-MCE,180,15,0.8,0.8,0.8888888888888888
definition,ogbn-arxiv,PairSim-MCE,181,15,0.7333333333333333,0.7333333333333333,0.8461538461538461
definition,ogbn-arxiv,PairSim-MCE,182,15,0.6666666666666666,0.625,0.7692307692307693
definition,ogbn-arxiv,PairSim-MCE,183,15,0.7333333333333333,0.6875,0.8148148148148148
definition,ogbn-arxiv,PairSim-MCE,184,15,0.8,0.8,0.8888888888888888
definition,ogbn-arxiv,PairSim-MCE,185,15,0.7333333333333333,0.6875,0.8148148148148148
definition,ogbn-arxiv,PairSim-MCE,186,15,0.7333333333333333,0.6875,0.8148148148148148
definition,ogbn-arxiv,PairSim-MCE,187,15,0.6666666666666666,0.6666666666666666,0.8
definition,ogbn-arxiv,PairSim-MCE,188,15,0.6666666666666666,0.625,0.7692307692307693
definition,ogbn-arxiv,PairSim-MCE,189,15,0.6666666666666666,0.6,0.75
definition,ogbn-arxiv,PairSim-MCE,190,15,0.6666666666666666,0.5625,0.72
definition,ogbn-arxiv,PairSim-MCE,191,15,0.6666666666666666,0.6666666666666666,0.8
definition,ogbn-arxiv,PairSim-MCE,192,15,0.6666666666666666,0.625,0.7692307692307693
definition,ogbn-arxiv,PairSim-MCE,193,15,0.6666666666666666,0.6666666666666666,0.8
definition,ogbn-arxiv,PairSim-MCE,194,15,0.6666666666666666,0.6666666666666666,0.8
definition,ogbn-arxiv,PairSim-MCE,195,15,0.6666666666666666,0.6666666666666666,0.8
definition,ogbn-arxiv,PairSim-MCE,196,15,0.7333333333333333,0.6875,0.8148148148148148
definition,ogbn-arxiv,PairSim-MCE,197,15,0.6666666666666666,0.6666666666666666,0.8
definition,ogbn-arxiv,PairSim-MCE,198,15,0.6666666666666666,0.6666666666666666,0.8
definition,ogbn-arxiv,PairSim-MCE,199,15,0.6666666666666666,0.625,0.7692307692307693
definition,ogbn-arxiv,PairSim-MCE,200,15,0.6666666666666666,0.5882352941176471,0.7407407407407407
definition,ogbn-arxiv,PairSim-MCE,201,15,0.7333333333333333,0.6875,0.8148148148148148
definition,ogbn-arxiv,PairSim-MCE,202,15,0.6,0.5625,0.72
definition,ogbn-arxiv,PairSim-MCE,203,15,0.6666666666666666,0.5882352941176471,0.7407407407407407
definition,ogbn-arxiv,PairSim-MCE,204,15,0.6,0.6,0.75
definition,ogbn-arxiv,PairSim-MCE,205,15,0.6,0.6,0.75
definition,ogbn-arxiv,PairSim-MCE,206,15,0.6,0.5333333333333333,0.6956521739130435
definition,ogbn-arxiv,PairSim-MCE,207,15,0.5333333333333333,0.4444444444444444,0.6153846153846154
definition,ogbn-arxiv,PairSim-MCE,208,15,0.5333333333333333,0.5333333333333333,0.6956521739130435
definition,ogbn-arxiv,PairSim-MCE,209,14,0.7142857142857143,0.7142857142857143,0.8333333333333334
definition,ogbn-arxiv,PairSim-MCE,210,14,0.7857142857142857,0.7857142857142857,0.88
definition,ogbn-arxiv,PairSim-MCE,211,14,0.7142857142857143,0.7142857142857143,0.8333333333333334
definition,ogbn-arxiv,PairSim-MCE,212,14,0.7142857142857143,0.6666666666666666,0.8
definition,ogbn-arxiv,PairSim-MCE,213,14,0.7857142857142857,0.7857142857142857,0.88
definition,ogbn-arxiv,PairSim-MCE,214,14,0.7142857142857143,0.6666666666666666,0.8
definition,ogbn-arxiv,PairSim-MCE,215,14,0.7857142857142857,0.7857142857142857,0.88
definition,ogbn-arxiv,PairSim-MCE,216,14,0.7142857142857143,0.625,0.7692307692307693
definition,ogbn-arxiv,PairSim-MCE,217,14,0.7142857142857143,0.7142857142857143,0.8333333333333334
definition,ogbn-arxiv,PairSim-MCE,218,14,0.7857142857142857,0.6875,0.8148148148148148
definition,ogbn-arxiv,PairSim-MCE,219,14,0.7142857142857143,0.5882352941176471,0.7407407407407407
definition,ogbn-arxiv,PairSim-MCE,220,14,0.7857142857142857,0.6875,0.8148148148148148
definition,ogbn-arxiv,PairSim-MCE,221,14,0.7142857142857143,0.7142857142857143,0.8333333333333334
definition,ogbn-arxiv,PairSim-MCE,222,14,0.7142857142857143,0.6666666666666666,0.8
definition,ogbn-arxiv,PairSim-MCE,223,14,0.7857142857142857,0.7333333333333333,0.8461538461538461
definition,ogbn-arxiv,PairSim-MCE,224,14,0.7142857142857143,0.625,0.7692307692307693
definition,ogbn-arxiv,PairSim-MCE,225,14,0.6428571428571429,0.5294117647058824,0.6923076923076923
definition,ogbn-arxiv,PairSim-MCE,226,14,0.7857142857142857,0.7333333333333333,0.8461538461538461
definition,ogbn-arxiv,PairSim-MCE,227,14,0.7857142857142857,0.7857142857142857,0.88
definition,ogbn-arxiv,PairSim-MCE,228,14,0.7142857142857143,0.7142857142857143,0.8333333333333334
definition,ogbn-arxiv,PairSim-MCE,229,14,0.7142857142857143,0.6666666666666666,0.8
definition,ogbn-arxiv,PairSim-MCE,230,14,0.6428571428571429,0.6,0.75
definition,ogbn-arxiv,PairSim-MCE,231,14,0.7857142857142857,0.7857142857142857,0.88
definition,ogbn-arxiv,PairSim-MCE,232,14,0.7142857142857143,0.7142857142857143,0.8333333333333334
definition,ogbn-arxiv,PairSim-MCE,233,14,0.7857142857142857,0.7333333333333333,0.8461538461538461
definition,ogbn-arxiv,PairSim-MCE,234,14,0.7857142857142857,0.7333333333333333,0.8461538461538461
definition,ogbn-arxiv,PairSim-MCE,235,14,0.7142857142857143,0.6666666666666666,0.8
definition,ogbn-arxiv,PairSim-MCE,236,14,0.7142857142857143,0.625,0.7692307692307693
definition,ogbn-arxiv,PairSim-MCE,237,14,0.6428571428571429,0.6428571428571429,0.782608695652174
definition,ogbn-arxiv,PairSim-MCE,238,14,0.7142857142857143,0.7142857142857143,0.8333333333333334
definition,ogbn-arxiv,PairSim-MCE,239,14,0.7142857142857143,0.6666666666666666,0.8
definition,ogbn-arxiv,PairSim-MCE,240,14,0.6428571428571429,0.5625,0.72
definition,ogbn-arxiv,PairSim-MCE,241,14,0.7857142857142857,0.6875,0.8148148148148148
definition,ogbn-arxiv,PairSim-MCE,242,14,0.6428571428571429,0.6428571428571429,0.782608695652174
definition,ogbn-arxiv,PairSim-MCE,243,14,0.6428571428571429,0.6,0.75
definition,ogbn-arxiv,PairSim-MCE,244,14,0.7142857142857143,0.7142857142857143,0.8333333333333334
definition,ogbn-arxiv,PairSim-MCE,245,14,0.7142857142857143,0.7142857142857143,0.8333333333333334
definition,ogbn-arxiv,PairSim-MCE,246,14,0.7142857142857143,0.7142857142857143,0.8333333333333334
definition,ogbn-arxiv,PairSim-MCE,247,14,0.7142857142857143,0.625,0.7692307692307693
definition,ogbn-arxiv,PairSim-MCE,248,14,0.7142857142857143,0.7142857142857143,0.8333333333333334
definition,ogbn-arxiv,PairSim-MCE,249,14,0.6428571428571429,0.6428571428571429,0.782608695652174
definition,ogbn-arxiv,PairSim-MCE,250,14,0.6428571428571429,0.6428571428571429,0.782608695652174
definition,ogbn-arxiv,PairSim-MCE,251,14,0.7142857142857143,0.7142857142857143,0.8333333333333334
definition,ogbn-arxiv,PairSim-MCE,252,14,0.6428571428571429,0.6,0.75
definition,ogbn-arxiv,PairSim-MCE,253,14,0.7142857142857143,0.7142857142857143,0.8333333333333334
definition,ogbn-arxiv,PairSim-MCE,254,14,0.7142857142857143,0.7142857142857143,0.8333333333333334
definition,ogbn-arxiv,PairSim-MCE,255,14,0.6428571428571429,0.6428571428571429,0.782608695652174
definition,ogbn-arxiv,PairSim-MCE,256,14,0.7142857142857143,0.6666666666666666,0.8
definition,ogbn-arxiv,PairSim-MCE,257,14,0.7142857142857143,0.7142857142857143,0.8333333333333334
definition,ogbn-arxiv,PairSim-MCE,258,14,0.7142857142857143,0.7142857142857143,0.8333333333333334
definition,ogbn-arxiv,PairSim-MCE,259,14,0.6428571428571429,0.6,0.75
definition,ogbn-arxiv,PairSim-MCE,260,14,0.6428571428571429,0.5294117647058824,0.6923076923076923
definition,ogbn-arxiv,PairSim-MCE,261,14,0.5714285714285714,0.47058823529411764,0.64
definition,ogbn-arxiv,PairSim-MCE,262,14,0.5,0.4666666666666667,0.6363636363636364
definition,ogbn-arxiv,PairSim-MCE,263,13,0.7692307692307693,0.7142857142857143,0.8333333333333334
definition,ogbn-arxiv,PairSim-MCE,264,13,0.7692307692307693,0.7692307692307693,0.8695652173913043
definition,ogbn-arxiv,PairSim-MCE,265,13,0.7692307692307693,0.7692307692307693,0.8695652173913043
definition,ogbn-arxiv,PairSim-MCE,266,13,0.7692307692307693,0.7692307692307693,0.8695652173913043
definition,ogbn-arxiv,PairSim-MCE,267,13,0.7692307692307693,0.7692307692307693,0.8695652173913043
definition,ogbn-arxiv,PairSim-MCE,268,13,0.7692307692307693,0.7692307692307693,0.8695652173913043
definition,ogbn-arxiv,PairSim-MCE,269,13,0.7692307692307693,0.7142857142857143,0.8333333333333334
definition,ogbn-arxiv,PairSim-MCE,270,13,0.9230769230769231,0.8571428571428571,0.9230769230769231
definition,ogbn-arxiv,PairSim-MCE,271,13,0.7692307692307693,0.7142857142857143,0.8333333333333334
definition,ogbn-arxiv,PairSim-MCE,272,13,0.6923076923076923,0.6,0.75
definition,ogbn-arxiv,PairSim-MCE,273,13,0.8461538461538461,0.7333333333333333,0.8461538461538461
definition,ogbn-arxiv,PairSim-MCE,274,13,0.9230769230769231,0.8571428571428571,0.9230769230769231
definition,ogbn-arxiv,PairSim-MCE,275,13,0.6923076923076923,0.6,0.75
definition,ogbn-arxiv,PairSim-MCE,276,13,0.6923076923076923,0.6428571428571429,0.782608695652174
definition,ogbn-arxiv,PairSim-MCE,277,13,0.6153846153846154,0.5333333333333333,0.6956521739130435
definition,ogbn-arxiv,PairSim-MCE,278,13,0.6923076923076923,0.6428571428571429,0.782608695652174
definition,ogbn-arxiv,PairSim-MCE,279,13,0.6923076923076923,0.6,0.75
definition,ogbn-arxiv,PairSim-MCE,280,13,0.6153846153846154,0.5,0.6666666666666666
definition,ogbn-arxiv,PairSim-MCE,281,13,0.6153846153846154,0.5333333333333333,0.6956521739130435
definition,ogbn-arxiv,PairSim-MCE,282,13,0.6153846153846154,0.5,0.6666666666666666
definition,ogbn-arxiv,PairSim-MCE,283,13,0.6923076923076923,0.6923076923076923,0.8181818181818182
definition,ogbn-arxiv,PairSim-MCE,284,13,0.6923076923076923,0.6923076923076923,0.8181818181818182
definition,ogbn-arxiv,PairSim-MCE,285,13,0.6923076923076923,0.6428571428571429,0.782608695652174
definition,ogbn-arxiv,PairSim-MCE,286,13,0.7692307692307693,0.7692307692307693,0.8695652173913043
definition,ogbn-arxiv,PairSim-MCE,287,13,0.6923076923076923,0.6923076923076923,0.8181818181818182
definition,ogbn-arxiv,PairSim-MCE,288,13,0.6923076923076923,0.6923076923076923,0.8181818181818182
definition,ogbn-arxiv,PairSim-MCE,289,13,0.6923076923076923,0.6428571428571429,0.782608695652174
definition,ogbn-arxiv,PairSim-MCE,290,13,0.6923076923076923,0.6428571428571429,0.782608695652174
definition,ogbn-arxiv,PairSim-MCE,291,13,0.6923076923076923,0.5625,0.72
definition,ogbn-arxiv,PairSim-MCE,292,13,0.6153846153846154,0.5333333333333333,0.6956521739130435
definition,ogbn-arxiv,PairSim-MCE,293,13,0.6153846153846154,0.5333333333333333,0.6956521739130435
definition,ogbn-arxiv,PairSim-MCE,294,13,0.6923076923076923,0.5625,0.72
definition,ogbn-arxiv,PairSim-MCE,295,13,0.7692307692307693,0.7692307692307693,0.8695652173913043
definition,ogbn-arxiv,PairSim-MCE,296,13,0.6153846153846154,0.5333333333333333,0.6956521739130435
definition,ogbn-arxiv,PairSim-MCE,297,13,0.6923076923076923,0.6428571428571429,0.782608695652174
definition,ogbn-arxiv,PairSim-MCE,298,13,0.6153846153846154,0.6153846153846154,0.7619047619047619
definition,ogbn-arxiv,PairSim-MCE,299,13,0.6153846153846154,0.47058823529411764,0.64
definition,ogbn-arxiv,PairSim-MCE,300,13,0.7692307692307693,0.7692307692307693,0.8695652173913043
definition,ogbn-arxiv,PairSim-MCE,301,13,0.7692307692307693,0.7692307692307693,0.8695652173913043
definition,ogbn-arxiv,PairSim-MCE,302,13,0.6153846153846154,0.5333333333333333,0.6956521739130435
definition,ogbn-arxiv,PairSim-MCE,303,13,0.5384615384615384,0.5,0.6666666666666666
definition,ogbn-arxiv,PairSim-MCE,304,13,0.5384615384615384,0.5,0.6666666666666666
definition,ogbn-arxiv,PairSim-MCE,305,13,0.5384615384615384,0.5,0.6666666666666666
definition,ogbn-arxiv,PairSim-MCE,306,13,0.5384615384615384,0.5,0.6666666666666666
definition,ogbn-arxiv,PairSim-MCE,307,13,0.5384615384615384,0.5,0.6666666666666666
definition,ogbn-arxiv,PairSim-MCE,308,13,0.5384615384615384,0.5,0.6666666666666666
definition,ogbn-arxiv,PairSim-MCE,309,13,0.5384615384615384,0.5,0.6666666666666666
definition,ogbn-arxiv,PairSim-MCE,310,12,0.75,0.75,0.8571428571428571
definition,ogbn-arxiv,PairSim-MCE,311,12,0.8333333333333334,0.8333333333333334,0.9090909090909091
definition,ogbn-arxiv,PairSim-MCE,312,12,0.8333333333333334,0.8333333333333334,0.9090909090909091
definition,ogbn-arxiv,PairSim-MCE,313,12,0.75,0.6923076923076923,0.8181818181818182
definition,ogbn-arxiv,PairSim-MCE,314,12,0.8333333333333334,0.8333333333333334,0.9090909090909091
definition,ogbn-arxiv,PairSim-MCE,315,12,0.6666666666666666,0.5714285714285714,0.7272727272727273
definition,ogbn-arxiv,PairSim-MCE,316,12,0.75,0.6428571428571429,0.782608695652174
definition,ogbn-arxiv,PairSim-MCE,317,12,0.8333333333333334,0.7692307692307693,0.8695652173913043
definition,ogbn-arxiv,PairSim-MCE,318,12,0.75,0.6428571428571429,0.782608695652174
definition,ogbn-arxiv,PairSim-MCE,319,12,0.75,0.6923076923076923,0.8181818181818182
definition,ogbn-arxiv,PairSim-MCE,320,12,0.75,0.6923076923076923,0.8181818181818182
definition,ogbn-arxiv,PairSim-MCE,321,12,0.6666666666666666,0.5714285714285714,0.7272727272727273
definition,ogbn-arxiv,PairSim-MCE,322,12,0.6666666666666666,0.5714285714285714,0.7272727272727273
definition,ogbn-arxiv,PairSim-MCE,323,12,0.6666666666666666,0.5333333333333333,0.6956521739130435
definition,ogbn-arxiv,PairSim-MCE,324,12,0.6666666666666666,0.5833333333333334,0.7368421052631579
definition,ogbn-arxiv,PairSim-MCE,325,12,0.75,0.6923076923076923,0.8181818181818182
definition,ogbn-arxiv,PairSim-MCE,326,12,0.5833333333333334,0.5833333333333334,0.7368421052631579
definition,ogbn-arxiv,PairSim-MCE,327,12,0.6666666666666666,0.5833333333333334,0.7368421052631579
definition,ogbn-arxiv,PairSim-MCE,328,12,0.5,0.5,0.6666666666666666
definition,ogbn-arxiv,PairSim-MCE,329,12,0.75,0.6428571428571429,0.782608695652174
definition,ogbn-arxiv,PairSim-MCE,330,12,0.75,0.5625,0.72
definition,ogbn-arxiv,PairSim-MCE,331,12,0.75,0.5714285714285714,0.7272727272727273
definition,ogbn-arxiv,PairSim-MCE,332,12,0.75,0.5625,0.72
definition,ogbn-arxiv,PairSim-MCE,333,12,0.75,0.75,0.8571428571428571
definition,ogbn-arxiv,PairSim-MCE,334,12,0.6666666666666666,0.5714285714285714,0.7272727272727273
definition,ogbn-arxiv,PairSim-MCE,335,12,0.75,0.75,0.8571428571428571
definition,ogbn-arxiv,PairSim-MCE,336,12,0.6666666666666666,0.6153846153846154,0.7619047619047619
definition,ogbn-arxiv,PairSim-MCE,337,12,0.6666666666666666,0.6666666666666666,0.8
definition,ogbn-arxiv,PairSim-MCE,338,12,0.75,0.75,0.8571428571428571
definition,ogbn-arxiv,PairSim-MCE,339,12,0.6666666666666666,0.6153846153846154,0.7619047619047619
definition,ogbn-arxiv,PairSim-MCE,340,12,0.5833333333333334,0.4666666666666667,0.6363636363636364
definition,ogbn-arxiv,PairSim-MCE,341,12,0.75,0.75,0.8571428571428571
definition,ogbn-arxiv,PairSim-MCE,342,12,0.75,0.75,0.8571428571428571
definition,ogbn-arxiv,PairSim-MCE,343,12,0.75,0.6923076923076923,0.8181818181818182
definition,ogbn-arxiv,PairSim-MCE,344,12,0.75,0.6,0.75
definition,ogbn-arxiv,PairSim-MCE,345,12,0.6666666666666666,0.5384615384615384,0.7
definition,ogbn-arxiv,PairSim-MCE,346,12,0.75,0.75,0.8571428571428571
definition,ogbn-arxiv,PairSim-MCE,347,12,0.8333333333333334,0.8333333333333334,0.9090909090909091
definition,ogbn-arxiv,PairSim-MCE,348,12,0.75,0.6923076923076923,0.8181818181818182
definition,ogbn-arxiv,PairSim-MCE,349,12,0.6666666666666666,0.5384615384615384,0.7
definition,ogbn-arxiv,PairSim-MCE,350,12,0.5833333333333334,0.5384615384615384,0.7
definition,ogbn-arxiv,PairSim-MCE,351,12,0.5833333333333334,0.4666666666666667,0.6363636363636364
definition,ogbn-arxiv,PairSim-MCE,352,12,0.5833333333333334,0.5384615384615384,0.7
definition,ogbn-arxiv,PairSim-MCE,353,11,0.5454545454545454,0.5454545454545454,0.7058823529411765
definition,ogbn-arxiv,PairSim-MCE,354,11,0.5454545454545454,0.5454545454545454,0.7058823529411765
definition,ogbn-arxiv,PairSim-MCE,355,11,0.7272727272727273,0.7272727272727273,0.8421052631578947
definition,ogbn-arxiv,PairSim-MCE,356,11,0.5454545454545454,0.5,0.6666666666666666
definition,ogbn-arxiv,PairSim-MCE,357,11,0.5454545454545454,0.5454545454545454,0.7058823529411765
definition,ogbn-arxiv,PairSim-MCE,358,11,0.8181818181818182,0.75,0.8571428571428571
definition,ogbn-arxiv,PairSim-MCE,359,11,0.8181818181818182,0.8181818181818182,0.9
definition,ogbn-arxiv,PairSim-MCE,360,11,1.0,1.0,1.0
definition,ogbn-arxiv,PairSim-MCE,361,11,0.9090909090909091,0.9090909090909091,0.9523809523809523
definition,ogbn-arxiv,PairSim-MCE,362,11,0.9090909090909091,0.9090909090909091,0.9523809523809523
definition,ogbn-arxiv,PairSim-MCE,363,11,0.8181818181818182,0.75,0.8571428571428571
definition,ogbn-arxiv,PairSim-MCE,364,11,0.8181818181818182,0.75,0.8571428571428571
definition,ogbn-arxiv,PairSim-MCE,365,11,0.8181818181818182,0.75,0.8571428571428571
definition,ogbn-arxiv,PairSim-MCE,366,11,0.9090909090909091,0.8333333333333334,0.9090909090909091
definition,ogbn-arxiv,PairSim-MCE,367,11,1.0,1.0,1.0
definition,ogbn-arxiv,PairSim-MCE,368,11,0.9090909090909091,0.8333333333333334,0.9090909090909091
definition,ogbn-arxiv,PairSim-MCE,369,11,0.8181818181818182,0.75,0.8571428571428571
definition,ogbn-arxiv,PairSim-MCE,370,11,0.8181818181818182,0.6923076923076923,0.8181818181818182
definition,ogbn-arxiv,PairSim-MCE,371,11,0.8181818181818182,0.75,0.8571428571428571
definition,ogbn-arxiv,PairSim-MCE,372,11,0.7272727272727273,0.6153846153846154,0.7619047619047619
definition,ogbn-arxiv,PairSim-MCE,373,11,0.9090909090909091,0.9090909090909091,0.9523809523809523
definition,ogbn-arxiv,PairSim-MCE,374,11,0.8181818181818182,0.75,0.8571428571428571
definition,ogbn-arxiv,PairSim-MCE,375,11,0.7272727272727273,0.7272727272727273,0.8421052631578947
definition,ogbn-arxiv,PairSim-MCE,376,11,0.7272727272727273,0.7272727272727273,0.8421052631578947
definition,ogbn-arxiv,PairSim-MCE,377,11,0.6363636363636364,0.5,0.6666666666666666
definition,ogbn-arxiv,PairSim-MCE,378,11,0.6363636363636364,0.5,0.6666666666666666
definition,ogbn-arxiv,PairSim-MCE,379,11,0.6363636363636364,0.5833333333333334,0.7368421052631579
definition,ogbn-arxiv,PairSim-MCE,380,11,0.6363636363636364,0.5833333333333334,0.7368421052631579
definition,ogbn-arxiv,PairSim-MCE,381,11,0.8181818181818182,0.75,0.8571428571428571
definition,ogbn-arxiv,PairSim-MCE,382,11,0.9090909090909091,0.9090909090909091,0.9523809523809523
definition,ogbn-arxiv,PairSim-MCE,383,11,0.7272727272727273,0.6363636363636364,0.7777777777777778
definition,ogbn-arxiv,PairSim-MCE,384,11,0.8181818181818182,0.75,0.8571428571428571
definition,ogbn-arxiv,PairSim-MCE,385,11,0.7272727272727273,0.6153846153846154,0.7619047619047619
definition,ogbn-arxiv,PairSim-MCE,386,11,0.6363636363636364,0.6363636363636364,0.7777777777777778
definition,ogbn-arxiv,PairSim-MCE,387,11,0.6363636363636364,0.6363636363636364,0.7777777777777778
definition,ogbn-arxiv,PairSim-MCE,388,11,0.5454545454545454,0.5454545454545454,0.7058823529411765
definition,ogbn-arxiv,PairSim-MCE,389,11,0.6363636363636364,0.5833333333333334,0.7368421052631579
definition,ogbn-arxiv,PairSim-MCE,390,11,0.5454545454545454,0.5454545454545454,0.7058823529411765
definition,ogbn-arxiv,PairSim-MCE,391,11,0.7272727272727273,0.6153846153846154,0.7619047619047619
definition,ogbn-arxiv,PairSim-MCE,392,11,0.7272727272727273,0.6153846153846154,0.7619047619047619
definition,ogbn-arxiv,PairSim-MCE,393,11,0.6363636363636364,0.5454545454545454,0.7058823529411765
definition,ogbn-arxiv,PairSim-MCE,394,11,0.7272727272727273,0.6153846153846154,0.7619047619047619
definition,ogbn-arxiv,PairSim-MCE,395,11,0.6363636363636364,0.5454545454545454,0.7058823529411765
definition,ogbn-arxiv,PairSim-MCE,396,11,0.6363636363636364,0.5454545454545454,0.7058823529411765
definition,ogbn-arxiv,PairSim-MCE,397,11,0.7272727272727273,0.5,0.6666666666666666
definition,ogbn-arxiv,PairSim-MCE,398,11,0.7272727272727273,0.5384615384615384,0.7
definition,ogbn-arxiv,PairSim-MCE,399,11,0.6363636363636364,0.4375,0.6086956521739131
definition,ogbn-arxiv,PairSim-MCE,400,11,0.6363636363636364,0.5384615384615384,0.7
definition,ogbn-arxiv,PairSim-MCE,401,11,0.5454545454545454,0.5454545454545454,0.7058823529411765
definition,ogbn-arxiv,PairSim-MCE,402,11,0.6363636363636364,0.5,0.6666666666666666
definition,ogbn-arxiv,PairSim-MCE,403,11,0.8181818181818182,0.8181818181818182,0.9
definition,ogbn-arxiv,PairSim-MCE,404,11,0.7272727272727273,0.7272727272727273,0.8421052631578947
definition,ogbn-arxiv,PairSim-MCE,405,11,0.8181818181818182,0.8181818181818182,0.9
definition,ogbn-arxiv,PairSim-MCE,406,11,0.7272727272727273,0.7272727272727273,0.8421052631578947
definition,ogbn-arxiv,PairSim-MCE,407,11,0.7272727272727273,0.6666666666666666,0.8
definition,ogbn-arxiv,PairSim-MCE,408,11,0.7272727272727273,0.7272727272727273,0.8421052631578947
definition,ogbn-arxiv,PairSim-MCE,409,11,0.6363636363636364,0.5,0.6666666666666666
definition,ogbn-arxiv,PairSim-MCE,410,11,0.6363636363636364,0.5,0.6666666666666666
definition,ogbn-arxiv,PairSim-MCE,411,11,0.6363636363636364,0.5,0.6666666666666666
definition,ogbn-arxiv,PairSim-MCE,412,11,0.9090909090909091,0.9090909090909091,0.9523809523809523
definition,ogbn-arxiv,PairSim-MCE,413,11,0.8181818181818182,0.75,0.8571428571428571
definition,ogbn-arxiv,PairSim-MCE,414,11,0.8181818181818182,0.75,0.8571428571428571
definition,ogbn-arxiv,PairSim-MCE,415,11,0.8181818181818182,0.75,0.8571428571428571
definition,ogbn-arxiv,PairSim-MCE,416,11,0.6363636363636364,0.5833333333333334,0.7368421052631579
definition,ogbn-arxiv,PairSim-MCE,417,11,0.8181818181818182,0.8181818181818182,0.9
definition,ogbn-arxiv,PairSim-MCE,418,11,0.6363636363636364,0.5833333333333334,0.7368421052631579
definition,ogbn-arxiv,PairSim-MCE,419,11,0.8181818181818182,0.8181818181818182,0.9
definition,ogbn-arxiv,PairSim-MCE,420,11,0.8181818181818182,0.8181818181818182,0.9
definition,ogbn-arxiv,PairSim-MCE,421,11,0.8181818181818182,0.75,0.8571428571428571
definition,ogbn-arxiv,PairSim-MCE,422,11,0.7272727272727273,0.6363636363636364,0.7777777777777778
definition,ogbn-arxiv,PairSim-MCE,423,11,0.8181818181818182,0.8181818181818182,0.9
definition,ogbn-arxiv,PairSim-MCE,424,11,0.8181818181818182,0.75,0.8571428571428571
definition,ogbn-arxiv,PairSim-MCE,425,11,0.8181818181818182,0.6923076923076923,0.8181818181818182
definition,ogbn-arxiv,PairSim-MCE,426,11,0.7272727272727273,0.7272727272727273,0.8421052631578947
definition,ogbn-arxiv,PairSim-MCE,427,11,0.8181818181818182,0.8181818181818182,0.9
definition,ogbn-arxiv,PairSim-MCE,428,11,0.7272727272727273,0.7272727272727273,0.8421052631578947
definition,ogbn-arxiv,PairSim-MCE,429,11,0.7272727272727273,0.7272727272727273,0.8421052631578947
definition,ogbn-arxiv,PairSim-MCE,430,11,0.8181818181818182,0.8181818181818182,0.9
definition,ogbn-arxiv,PairSim-MCE,431,11,0.8181818181818182,0.8181818181818182,0.9
definition,ogbn-arxiv,PairSim-MCE,432,11,0.8181818181818182,0.8181818181818182,0.9
definition,ogbn-arxiv,PairSim-MCE,433,11,0.6363636363636364,0.4666666666666667,0.6363636363636364
definition,ogbn-arxiv,PairSim-MCE,434,11,0.6363636363636364,0.4666666666666667,0.6363636363636364
definition,ogbn-arxiv,PairSim-MCE,435,11,0.6363636363636364,0.4666666666666667,0.6363636363636364
definition,ogbn-arxiv,PairSim-MCE,436,11,0.8181818181818182,0.8181818181818182,0.9
definition,ogbn-arxiv,PairSim-MCE,437,11,0.7272727272727273,0.6666666666666666,0.8
definition,ogbn-arxiv,PairSim-MCE,438,11,0.5454545454545454,0.5454545454545454,0.7058823529411765
definition,ogbn-arxiv,PairSim-MCE,439,11,0.5454545454545454,0.5,0.6666666666666666
definition,ogbn-arxiv,PairSim-MCE,440,11,0.5454545454545454,0.5,0.6666666666666666
definition,ogbn-arxiv,PairSim-MCE,441,11,0.5454545454545454,0.5,0.6666666666666666
definition,ogbn-arxiv,PairSim-MCE,442,11,0.5454545454545454,0.5454545454545454,0.7058823529411765
definition,ogbn-arxiv,PairSim-MCE,443,11,0.45454545454545453,0.45454545454545453,0.625
definition,ogbn-arxiv,PairSim-MCE,444,11,0.7272727272727273,0.6666666666666666,0.8
definition,ogbn-arxiv,PairSim-MCE,445,11,0.8181818181818182,0.8181818181818182,0.9
definition,ogbn-arxiv,PairSim-MCE,446,11,0.7272727272727273,0.7272727272727273,0.8421052631578947
definition,ogbn-arxiv,PairSim-MCE,447,11,0.7272727272727273,0.6666666666666666,0.8
definition,ogbn-arxiv,PairSim-MCE,448,11,0.8181818181818182,0.8181818181818182,0.9
definition,ogbn-arxiv,PairSim-MCE,449,11,0.6363636363636364,0.5384615384615384,0.7
definition,ogbn-arxiv,PairSim-MCE,450,11,0.7272727272727273,0.6666666666666666,0.8
definition,ogbn-arxiv,PairSim-MCE,451,11,0.7272727272727273,0.6666666666666666,0.8
definition,ogbn-arxiv,PairSim-MCE,452,11,0.7272727272727273,0.7272727272727273,0.8421052631578947
definition,ogbn-arxiv,PairSim-MCE,453,11,0.6363636363636364,0.5833333333333334,0.7368421052631579
definition,ogbn-arxiv,PairSim-MCE,454,11,0.7272727272727273,0.7272727272727273,0.8421052631578947
definition,ogbn-arxiv,PairSim-MCE,455,11,0.6363636363636364,0.5,0.6666666666666666
definition,ogbn-arxiv,PairSim-MCE,456,11,0.6363636363636364,0.5,0.6666666666666666
definition,ogbn-arxiv,PairSim-MCE,457,11,0.6363636363636364,0.5,0.6666666666666666
definition,ogbn-arxiv,PairSim-MCE,458,11,0.7272727272727273,0.7272727272727273,0.8421052631578947
definition,ogbn-arxiv,PairSim-MCE,459,10,0.6,0.46153846153846156,0.631578947368421
definition,ogbn-arxiv,PairSim-MCE,460,10,0.7,0.5384615384615384,0.7
definition,ogbn-arxiv,PairSim-MCE,461,10,0.6,0.46153846153846156,0.631578947368421
definition,ogbn-arxiv,PairSim-MCE,462,10,0.7,0.5454545454545454,0.7058823529411765
definition,ogbn-arxiv,PairSim-MCE,463,10,0.7,0.4666666666666667,0.6363636363636364
definition,ogbn-arxiv,PairSim-MCE,464,10,0.7,0.4666666666666667,0.6363636363636364
definition,ogbn-arxiv,PairSim-MCE,465,10,0.6,0.46153846153846156,0.631578947368421
definition,ogbn-arxiv,PairSim-MCE,466,10,0.5,0.5,0.6666666666666666
definition,ogbn-arxiv,PairSim-MCE,467,10,0.6,0.6,0.75
definition,ogbn-arxiv,PairSim-MCE,468,10,0.7,0.7,0.8235294117647058
definition,ogbn-arxiv,PairSim-MCE,469,10,0.7,0.7,0.8235294117647058
definition,ogbn-arxiv,PairSim-MCE,470,10,0.7,0.7,0.8235294117647058
definition,ogbn-arxiv,PairSim-MCE,471,10,0.6,0.5454545454545454,0.7058823529411765
definition,ogbn-arxiv,PairSim-MCE,472,10,0.7,0.7,0.8235294117647058
definition,ogbn-arxiv,PairSim-MCE,473,10,0.7,0.6363636363636364,0.7777777777777778
definition,ogbn-arxiv,PairSim-MCE,474,10,0.8,0.8,0.8888888888888888
definition,ogbn-arxiv,PairSim-MCE,475,10,0.8,0.8,0.8888888888888888
definition,ogbn-arxiv,PairSim-MCE,476,10,0.6,0.5454545454545454,0.7058823529411765
definition,ogbn-arxiv,PairSim-MCE,477,10,0.7,0.7,0.8235294117647058
definition,ogbn-arxiv,PairSim-MCE,478,10,0.7,0.7,0.8235294117647058
definition,ogbn-arxiv,PairSim-MCE,479,10,0.6,0.5454545454545454,0.7058823529411765
definition,ogbn-arxiv,PairSim-MCE,480,10,0.7,0.7,0.8235294117647058
definition,ogbn-arxiv,PairSim-MCE,481,10,0.7,0.6363636363636364,0.7777777777777778
definition,ogbn-arxiv,PairSim-MCE,482,10,0.8,0.8,0.8888888888888888
definition,ogbn-arxiv,PairSim-MCE,483,10,0.5,0.5,0.6666666666666666
definition,ogbn-arxiv,PairSim-MCE,484,10,0.5,0.5,0.6666666666666666
definition,ogbn-arxiv,PairSim-MCE,485,10,0.5,0.45454545454545453,0.625
definition,ogbn-arxiv,PairSim-MCE,486,10,0.6,0.6,0.75
definition,ogbn-arxiv,PairSim-MCE,487,10,0.6,0.6,0.75
definition,ogbn-arxiv,PairSim-MCE,488,10,0.5,0.45454545454545453,0.625
definition,ogbn-arxiv,PairSim-MCE,489,10,0.5,0.5,0.6666666666666666
definition,ogbn-arxiv,PairSim-MCE,490,10,0.6,0.6,0.75
definition,ogbn-arxiv,PairSim-MCE,491,10,0.6,0.6,0.75
definition,ogbn-arxiv,PairSim-MCE,492,10,0.5,0.5,0.6666666666666666
definition,ogbn-arxiv,PairSim-MCE,493,10,0.5,0.45454545454545453,0.625
definition,ogbn-arxiv,PairSim-MCE,494,10,0.5,0.5,0.6666666666666666
definition,ogbn-arxiv,PairSim-MCE,495,10,0.5,0.5,0.6666666666666666
definition,ogbn-arxiv,PairSim-MCE,496,10,0.5,0.5,0.6666666666666666
definition,ogbn-arxiv,PairSim-MCE,497,10,0.5,0.5,0.6666666666666666
definition,ogbn-arxiv,PairSim-MCE,498,10,0.6,0.6,0.75
definition,ogbn-arxiv,PairSim-MCE,499,10,0.6,0.6,0.75
definition,ogbn-arxiv,PairSim-MCE,500,10,0.9,0.9,0.9473684210526315
definition,ogbn-arxiv,PairSim-MCE,501,10,0.9,0.9,0.9473684210526315
definition,ogbn-arxiv,PairSim-MCE,502,10,0.9,0.9,0.9473684210526315
definition,ogbn-arxiv,PairSim-MCE,503,10,0.9,0.9,0.9473684210526315
definition,ogbn-arxiv,PairSim-MCE,504,10,0.8,0.8,0.8888888888888888
definition,ogbn-arxiv,PairSim-MCE,505,10,0.6,0.6,0.75
definition,ogbn-arxiv,PairSim-MCE,506,10,0.6,0.6,0.75
definition,ogbn-arxiv,PairSim-MCE,507,10,0.6,0.6,0.75
definition,ogbn-arxiv,PairSim-MCE,508,10,0.7,0.7,0.8235294117647058
definition,ogbn-arxiv,PairSim-MCE,509,10,0.6,0.5454545454545454,0.7058823529411765
definition,ogbn-arxiv,PairSim-MCE,510,10,0.7,0.7,0.8235294117647058
definition,ogbn-arxiv,PairSim-MCE,511,10,0.6,0.5454545454545454,0.7058823529411765
definition,ogbn-arxiv,PairSim-MCE,512,10,0.6,0.5454545454545454,0.7058823529411765
definition,ogbn-arxiv,PairSim-MCE,513,10,0.6,0.5454545454545454,0.7058823529411765
definition,ogbn-arxiv,PairSim-MCE,514,10,0.6,0.5454545454545454,0.7058823529411765
definition,ogbn-arxiv,PairSim-MCE,515,10,0.6,0.5454545454545454,0.7058823529411765
definition,ogbn-arxiv,PairSim-MCE,516,10,0.5,0.4166666666666667,0.5882352941176471
definition,ogbn-arxiv,PairSim-MCE,517,10,0.8,0.6363636363636364,0.7777777777777778
definition,ogbn-arxiv,PairSim-MCE,518,10,0.9,0.75,0.8571428571428571
definition,ogbn-arxiv,PairSim-MCE,519,10,0.9,0.8,0.8888888888888888
definition,ogbn-arxiv,PairSim-MCE,520,10,0.8,0.6363636363636364,0.7777777777777778
definition,ogbn-arxiv,PairSim-MCE,521,10,0.8,0.8,0.8888888888888888
definition,ogbn-arxiv,PairSim-MCE,522,10,0.8,0.8,0.8888888888888888
definition,ogbn-arxiv,PairSim-MCE,523,10,0.7,0.6363636363636364,0.7777777777777778
definition,ogbn-arxiv,PairSim-MCE,524,10,0.7,0.6363636363636364,0.7777777777777778
definition,ogbn-arxiv,PairSim-MCE,525,10,0.7,0.6363636363636364,0.7777777777777778
definition,ogbn-arxiv,PairSim-MCE,526,10,0.6,0.5,0.6666666666666666
definition,ogbn-arxiv,PairSim-MCE,527,10,0.7,0.5833333333333334,0.7368421052631579
definition,ogbn-arxiv,PairSim-MCE,528,10,0.7,0.5833333333333334,0.7368421052631579
definition,ogbn-arxiv,PairSim-MCE,529,10,0.6,0.6,0.75
definition,ogbn-arxiv,PairSim-MCE,530,10,0.6,0.6,0.75
definition,ogbn-arxiv,PairSim-MCE,531,10,0.5,0.45454545454545453,0.625
definition,ogbn-arxiv,PairSim-MCE,532,10,0.5,0.45454545454545453,0.625
definition,ogbn-arxiv,PairSim-MCE,533,10,0.5,0.45454545454545453,0.625
definition,ogbn-arxiv,PairSim-MCE,534,10,0.5,0.5,0.6666666666666666
definition,ogbn-arxiv,PairSim-MCE,535,10,0.5,0.45454545454545453,0.625
definition,ogbn-arxiv,PairSim-MCE,536,10,0.6,0.6,0.75
definition,ogbn-arxiv,PairSim-MCE,537,10,0.5,0.45454545454545453,0.625
definition,ogbn-arxiv,PairSim-MCE,538,10,0.5,0.45454545454545453,0.625
definition,ogbn-arxiv,PairSim-MCE,539,10,0.6,0.6,0.75
definition,ogbn-arxiv,PairSim-MCE,540,10,0.6,0.6,0.75
definition,ogbn-arxiv,PairSim-MCE,541,10,0.5,0.5,0.6666666666666666
definition,ogbn-arxiv,PairSim-MCE,542,10,0.5,0.5,0.6666666666666666
definition,ogbn-arxiv,PairSim-MCE,543,10,0.5,0.5,0.6666666666666666
definition,ogbn-arxiv,PairSim-MCE,544,10,0.5,0.5,0.6666666666666666
definition,ogbn-arxiv,PairSim-MCE,545,10,0.6,0.5,0.6666666666666666
definition,ogbn-arxiv,PairSim-MCE,546,10,0.5,0.5,0.6666666666666666
definition,ogbn-arxiv,PairSim-MCE,547,10,0.6,0.6,0.75
definition,ogbn-arxiv,PairSim-MCE,548,10,0.7,0.6363636363636364,0.7777777777777778
definition,ogbn-arxiv,PairSim-MCE,549,10,0.6,0.6,0.75
definition,ogbn-arxiv,PairSim-MCE,550,10,0.7,0.7,0.8235294117647058
definition,ogbn-arxiv,PairSim-MCE,551,10,0.7,0.6363636363636364,0.7777777777777778
definition,ogbn-arxiv,PairSim-MCE,552,10,0.6,0.5,0.6666666666666666
definition,ogbn-arxiv,PairSim-MCE,553,10,0.5,0.45454545454545453,0.625
definition,ogbn-arxiv,PairSim-MCE,554,10,0.6,0.6,0.75
definition,ogbn-arxiv,PairSim-MCE,555,10,0.6,0.6,0.75
definition,ogbn-arxiv,PairSim-MCE,556,10,0.6,0.6,0.75
definition,ogbn-arxiv,PairSim-MCE,557,10,0.7,0.5,0.6666666666666666
definition,ogbn-arxiv,PairSim-MCE,558,10,0.5,0.45454545454545453,0.625
definition,ogbn-arxiv,PairSim-MCE,559,10,0.6,0.6,0.75
definition,ogbn-arxiv,PairSim-MCE,560,10,0.6,0.6,0.75
definition,ogbn-arxiv,PairSim-MCE,561,10,0.5,0.45454545454545453,0.625
definition,ogbn-arxiv,PairSim-MCE,562,10,0.5,0.5,0.6666666666666666
definition,ogbn-arxiv,PairSim-MCE,563,10,0.5,0.5,0.6666666666666666
definition,ogbn-arxiv,PairSim-MCE,564,10,0.5,0.4166666666666667,0.5882352941176471
definition,ogbn-arxiv,PairSim-MCE,565,10,0.8,0.6666666666666666,0.8
definition,ogbn-arxiv,PairSim-MCE,566,10,0.8,0.7272727272727273,0.8421052631578947
definition,ogbn-arxiv,PairSim-MCE,567,10,0.7,0.6,0.75
definition,ogbn-arxiv,PairSim-MCE,568,10,0.7,0.5384615384615384,0.7
definition,ogbn-arxiv,PairSim-MCE,569,10,0.6,0.6,0.75
definition,ogbn-arxiv,PairSim-MCE,570,10,0.6,0.6,0.75
definition,ogbn-arxiv,PairSim-MCE,571,10,0.6,0.6,0.75
definition,ogbn-arxiv,PairSim-MCE,572,10,0.6,0.5,0.6666666666666666
definition,ogbn-arxiv,PairSim-MCE,573,10,0.7,0.5384615384615384,0.7
definition,ogbn-arxiv,PairSim-MCE,574,10,0.6,0.6,0.75
definition,ogbn-arxiv,PairSim-MCE,575,10,0.6,0.6,0.75
definition,ogbn-arxiv,PairSim-MCE,576,10,0.6,0.6,0.75
definition,ogbn-arxiv,PairSim-MCE,577,10,0.7,0.5833333333333334,0.7368421052631579
definition,ogbn-arxiv,PairSim-MCE,578,10,0.6,0.46153846153846156,0.631578947368421
definition,ogbn-arxiv,PairSim-MCE,579,10,0.8,0.7272727272727273,0.8421052631578947
definition,ogbn-arxiv,PairSim-MCE,580,10,0.7,0.5833333333333334,0.7368421052631579
definition,ogbn-arxiv,PairSim-MCE,581,10,0.7,0.5833333333333334,0.7368421052631579
definition,ogbn-arxiv,PairSim-MCE,582,10,0.8,0.5714285714285714,0.7272727272727273
definition,ogbn-arxiv,PairSim-MCE,583,10,0.8,0.8,0.8888888888888888
definition,ogbn-arxiv,PairSim-MCE,584,10,0.9,0.9,0.9473684210526315
definition,ogbn-arxiv,PairSim-MCE,585,10,0.7,0.6363636363636364,0.7777777777777778
definition,ogbn-arxiv,PairSim-MCE,586,10,0.8,0.7272727272727273,0.8421052631578947
definition,ogbn-arxiv,PairSim-MCE,587,10,0.7,0.6363636363636364,0.7777777777777778
definition,ogbn-arxiv,PairSim-MCE,588,10,0.8,0.7272727272727273,0.8421052631578947
definition,ogbn-arxiv,PairSim-MCE,589,10,0.8,0.7272727272727273,0.8421052631578947
definition,ogbn-arxiv,PairSim-MCE,590,10,0.8,0.7272727272727273,0.8421052631578947
definition,ogbn-arxiv,PairSim-MCE,591,10,0.8,0.8,0.8888888888888888
definition,ogbn-arxiv,PairSim-MCE,592,10,0.8,0.8,0.8888888888888888
definition,ogbn-arxiv,PairSim-MCE,593,10,0.8,0.7272727272727273,0.8421052631578947
definition,ogbn-arxiv,PairSim-MCE,594,10,0.8,0.8,0.8888888888888888
definition,ogbn-arxiv,PairSim-MCE,595,10,0.8,0.8,0.8888888888888888
definition,ogbn-arxiv,PairSim-MCE,596,10,0.6,0.6,0.75
definition,ogbn-arxiv,PairSim-MCE,597,10,0.9,0.9,0.9473684210526315
definition,ogbn-arxiv,PairSim-MCE,598,10,0.9,0.9,0.9473684210526315
definition,ogbn-arxiv,PairSim-MCE,599,10,0.9,0.9,0.9473684210526315
definition,ogbn-arxiv,PairSim-MCE,600,10,0.8,0.8,0.8888888888888888
definition,ogbn-arxiv,PairSim-MCE,601,10,0.8,0.7272727272727273,0.8421052631578947
definition,ogbn-arxiv,PairSim-MCE,602,10,0.8,0.7272727272727273,0.8421052631578947
definition,ogbn-arxiv,PairSim-MCE,603,10,0.8,0.8,0.8888888888888888
definition,ogbn-arxiv,PairSim-MCE,604,10,0.8,0.8,0.8888888888888888
definition,ogbn-arxiv,PairSim-MCE,605,10,0.7,0.5384615384615384,0.7
definition,ogbn-arxiv,PairSim-MCE,606,10,0.7,0.6363636363636364,0.7777777777777778
definition,ogbn-arxiv,PairSim-MCE,607,10,0.7,0.6363636363636364,0.7777777777777778
definition,ogbn-arxiv,PairSim-MCE,608,10,0.9,0.8181818181818182,0.9
definition,ogbn-arxiv,PairSim-MCE,609,10,0.8,0.7272727272727273,0.8421052631578947
definition,ogbn-arxiv,PairSim-MCE,610,10,0.8,0.6666666666666666,0.8
definition,ogbn-arxiv,PairSim-MCE,611,10,0.7,0.5833333333333334,0.7368421052631579
definition,ogbn-arxiv,PairSim-MCE,612,10,0.6,0.6,0.75
definition,ogbn-arxiv,PairSim-MCE,613,10,0.7,0.6363636363636364,0.7777777777777778
definition,ogbn-arxiv,PairSim-MCE,614,10,0.6,0.6,0.75
definition,ogbn-arxiv,PairSim-MCE,615,10,0.6,0.6,0.75
definition,ogbn-arxiv,PairSim-MCE,616,10,0.8,0.8,0.8888888888888888
definition,ogbn-arxiv,PairSim-MCE,617,10,0.8,0.8,0.8888888888888888
definition,ogbn-arxiv,PairSim-MCE,618,10,0.8,0.8,0.8888888888888888
definition,ogbn-arxiv,PairSim-MCE,619,10,0.8,0.8,0.8888888888888888
definition,ogbn-arxiv,PairSim-MCE,620,10,0.9,0.9,0.9473684210526315
definition,ogbn-arxiv,PairSim-MCE,621,10,0.8,0.7272727272727273,0.8421052631578947
definition,ogbn-arxiv,PairSim-MCE,622,10,0.5,0.4166666666666667,0.5882352941176471
definition,ogbn-arxiv,PairSim-MCE,623,10,0.5,0.4166666666666667,0.5882352941176471
definition,ogbn-arxiv,PairSim-MCE,624,10,0.6,0.6,0.75
definition,ogbn-arxiv,PairSim-MCE,625,10,0.6,0.6,0.75
definition,ogbn-arxiv,PairSim-MCE,626,10,0.6,0.5454545454545454,0.7058823529411765
definition,ogbn-arxiv,PairSim-MCE,627,10,0.6,0.5454545454545454,0.7058823529411765
definition,ogbn-arxiv,PairSim-MCE,628,10,0.7,0.7,0.8235294117647058
definition,ogbn-arxiv,PairSim-MCE,629,10,0.6,0.6,0.75
definition,ogbn-arxiv,PairSim-MCE,630,10,0.5,0.5,0.6666666666666666
definition,ogbn-arxiv,PairSim-MCE,631,10,0.5,0.45454545454545453,0.625
definition,ogbn-arxiv,PairSim-MCE,632,10,0.5,0.5,0.6666666666666666
definition,ogbn-arxiv,PairSim-MCE,633,10,0.6,0.6,0.75
definition,ogbn-arxiv,PairSim-MCE,634,10,0.5,0.5,0.6666666666666666
definition,ogbn-arxiv,PairSim-MCE,635,10,0.5,0.5,0.6666666666666666
definition,ogbn-arxiv,PairSim-MCE,636,10,0.6,0.6,0.75
definition,ogbn-arxiv,PairSim-MCE,637,10,0.4,0.4,0.5714285714285714
definition,ogbn-arxiv,PairSim-MCE,638,10,0.6,0.6,0.75
definition,ogbn-arxiv,PairSim-MCE,639,10,0.6,0.5454545454545454,0.7058823529411765
definition,ogbn-arxiv,PairSim-MCE,640,10,0.6,0.5454545454545454,0.7058823529411765
definition,ogbn-arxiv,PairSim-MCE,641,10,0.6,0.5454545454545454,0.7058823529411765
definition,ogbn-arxiv,PairSim-MCE,642,10,0.6,0.5454545454545454,0.7058823529411765
definition,ogbn-arxiv,PairSim-MCE,643,10,0.6,0.5454545454545454,0.7058823529411765
definition,ogbn-arxiv,PairSim-MCE,644,10,0.6,0.6,0.75
definition,ogbn-arxiv,PairSim-MCE,645,10,0.6,0.6,0.75
definition,ogbn-arxiv,PairSim-MCE,646,10,0.6,0.6,0.75
definition,ogbn-arxiv,PairSim-MCE,647,10,0.6,0.6,0.75
definition,ogbn-arxiv,PairSim-MCE,648,10,0.5,0.45454545454545453,0.625
definition,ogbn-arxiv,PairSim-MCE,649,10,0.6,0.5454545454545454,0.7058823529411765
definition,ogbn-arxiv,PairSim-MCE,650,10,0.6,0.5454545454545454,0.7058823529411765
definition,ogbn-arxiv,PairSim-MCE,651,10,0.6,0.5454545454545454,0.7058823529411765
definition,ogbn-arxiv,PairSim-MCE,652,10,0.6,0.6,0.75
definition,ogbn-arxiv,PairSim-MCE,653,10,0.6,0.5454545454545454,0.7058823529411765
definition,ogbn-arxiv,PairSim-MCE,654,10,0.6,0.5454545454545454,0.7058823529411765
definition,ogbn-arxiv,PairSim-MCE,655,10,0.6,0.5454545454545454,0.7058823529411765
definition,ogbn-arxiv,PairSim-MCE,656,10,0.6,0.5454545454545454,0.7058823529411765
definition,ogbn-arxiv,PairSim-MCE,657,10,0.5,0.5,0.6666666666666666
definition,ogbn-arxiv,PairSim-MCE,658,10,0.6,0.6,0.75
definition,ogbn-arxiv,PairSim-MCE,659,10,0.6,0.6,0.75
definition,ogbn-arxiv,PairSim-MCE,660,10,0.5,0.45454545454545453,0.625
definition,ogbn-arxiv,PairSim-MCE,661,10,0.6,0.6,0.75
definition,ogbn-arxiv,PairSim-MCE,662,10,0.5,0.5,0.6666666666666666
definition,ogbn-arxiv,PairSim-MCE,663,10,0.6,0.6,0.75
definition,ogbn-arxiv,PairSim-MCE,664,10,0.6,0.6,0.75
definition,ogbn-arxiv,PairSim-MCE,665,10,0.8,0.7272727272727273,0.8421052631578947
definition,ogbn-arxiv,PairSim-MCE,666,10,0.7,0.6363636363636364,0.7777777777777778
definition,ogbn-arxiv,PairSim-MCE,667,10,0.8,0.8,0.8888888888888888
definition,ogbn-arxiv,PairSim-MCE,668,10,0.8,0.7272727272727273,0.8421052631578947
definition,ogbn-arxiv,PairSim-MCE,669,10,0.8,0.8,0.8888888888888888
definition,ogbn-arxiv,PairSim-MCE,670,10,0.7,0.7,0.8235294117647058
definition,ogbn-arxiv,PairSim-MCE,671,10,0.8,0.8,0.8888888888888888
definition,ogbn-arxiv,PairSim-MCE,672,10,0.7,0.7,0.8235294117647058
definition,ogbn-arxiv,PairSim-MCE,673,10,0.8,0.8,0.8888888888888888
definition,ogbn-arxiv,PairSim-MCE,674,10,0.8,0.7272727272727273,0.8421052631578947
definition,ogbn-arxiv,PairSim-MCE,675,10,0.7,0.5833333333333334,0.7368421052631579
definition,ogbn-arxiv,PairSim-MCE,676,10,0.7,0.6363636363636364,0.7777777777777778
definition,ogbn-arxiv,PairSim-MCE,677,10,0.7,0.7,0.8235294117647058
definition,ogbn-arxiv,PairSim-MCE,678,10,0.7,0.7,0.8235294117647058
definition,ogbn-arxiv,PairSim-MCE,679,10,0.7,0.7,0.8235294117647058
definition,ogbn-arxiv,PairSim-MCE,680,10,0.6,0.6,0.75
definition,ogbn-arxiv,PairSim-MCE,681,10,0.6,0.6,0.75
definition,ogbn-arxiv,PairSim-MCE,682,10,0.5,0.5,0.6666666666666666
definition,ogbn-arxiv,PairSim-MCE,683,10,0.6,0.6,0.75
definition,ogbn-arxiv,PairSim-MCE,684,10,0.7,0.7,0.8235294117647058
definition,ogbn-arxiv,PairSim-MCE,685,10,0.7,0.6363636363636364,0.7777777777777778
definition,ogbn-arxiv,PairSim-MCE,686,10,0.7,0.7,0.8235294117647058
definition,ogbn-arxiv,PairSim-MCE,687,10,0.7,0.7,0.8235294117647058
definition,ogbn-arxiv,PairSim-MCE,688,10,0.8,0.8,0.8888888888888888
definition,ogbn-arxiv,PairSim-MCE,689,10,0.7,0.7,0.8235294117647058
definition,ogbn-arxiv,PairSim-MCE,690,10,0.7,0.6363636363636364,0.7777777777777778
definition,ogbn-arxiv,PairSim-MCE,691,10,0.6,0.6,0.75
definition,ogbn-arxiv,PairSim-MCE,692,10,0.7,0.7,0.8235294117647058
definition,ogbn-arxiv,PairSim-MCE,693,10,0.8,0.8,0.8888888888888888
definition,ogbn-arxiv,PairSim-MCE,694,10,0.6,0.5,0.6666666666666666
definition,ogbn-arxiv,PairSim-MCE,695,10,0.7,0.7,0.8235294117647058
definition,ogbn-arxiv,PairSim-MCE,696,10,0.7,0.6363636363636364,0.7777777777777778
external,ogbn-arxiv,StructBK,0,18,1.0,1.0,1.0
external,ogbn-arxiv,StructBK,1,18,1.0,1.0,1.0
external,ogbn-arxiv,StructBK,2,18,1.0,1.0,1.0
external,ogbn-arxiv,StructBK,3,18,1.0,1.0,1.0
external,ogbn-arxiv,StructBK,4,18,1.0,1.0,1.0
external,ogbn-arxiv,StructBK,5,18,1.0,1.0,1.0
external,ogbn-arxiv,StructBK,6,18,1.0,1.0,1.0
external,ogbn-arxiv,StructBK,7,18,1.0,1.0,1.0
external,ogbn-arxiv,StructBK,8,18,1.0,1.0,1.0
external,ogbn-arxiv,StructBK,9,18,1.0,1.0,1.0
external,ogbn-arxiv,StructBK,10,18,1.0,1.0,1.0
external,ogbn-arxiv,StructBK,11,18,1.0,1.0,1.0
external,ogbn-arxiv,StructBK,12,17,1.0,1.0,1.0
external,ogbn-arxiv,StructBK,13,17,1.0,1.0,1.0
external,ogbn-arxiv,StructBK,14,17,1.0,1.0,1.0
external,ogbn-arxiv,StructBK,15,17,1.0,1.0,1.0
external,ogbn-arxiv,StructBK,16,17,1.0,1.0,1.0
external,ogbn-arxiv,StructBK,17,17,1.0,1.0,1.0
external,ogbn-arxiv,StructBK,18,17,1.0,1.0,1.0
external,ogbn-arxiv,StructBK,19,17,1.0,1.0,1.0
external,ogbn-arxiv,StructBK,20,17,1.0,1.0,1.0
external,ogbn-arxiv,StructBK,21,17,1.0,1.0,1.0
external,ogbn-arxiv,StructBK,22,17,1.0,1.0,1.0
external,ogbn-arxiv,StructBK,23,17,1.0,1.0,1.0
external,ogbn-arxiv,StructBK,24,17,1.0,1.0,1.0
external,ogbn-arxiv,StructBK,25,17,1.0,1.0,1.0
external,ogbn-arxiv,StructBK,26,17,1.0,1.0,1.0
external,ogbn-arxiv,StructBK,27,17,1.0,1.0,1.0
external,ogbn-arxiv,StructBK,28,17,1.0,1.0,1.0
external,ogbn-arxiv,StructBK,29,17,1.0,1.0,1.0
external,ogbn-arxiv,StructBK,30,17,1.0,1.0,1.0
external,ogbn-arxiv,StructBK,31,17,1.0,1.0,1.0
external,ogbn-arxiv,StructBK,32,17,1.0,1.0,1.0
external,ogbn-arxiv,StructBK,33,17,1.0,1.0,1.0
external,ogbn-arxiv,StructBK,34,17,1.0,1.0,1.0
external,ogbn-arxiv,StructBK,35,17,1.0,1.0,1.0
external,ogbn-arxiv,StructBK,36,17,1.0,1.0,1.0
external,ogbn-arxiv,StructBK,37,17,1.0,1.0,1.0
external,ogbn-arxiv,StructBK,38,17,1.0,1.0,1.0
external,ogbn-arxiv,StructBK,39,17,1.0,1.0,1.0
external,ogbn-arxiv,StructBK,40,17,1.0,1.0,1.0
external,ogbn-arxiv,StructBK,41,17,1.0,1.0,1.0
external,ogbn-arxiv,StructBK,42,17,1.0,1.0,1.0
external,ogbn-arxiv,StructBK,43,17,1.0,1.0,1.0
external,ogbn-arxiv,StructBK,44,17,1.0,1.0,1.0
external,ogbn-arxiv,StructBK,45,17,1.0,1.0,1.0
external,ogbn-arxiv,StructBK,46,17,1.0,1.0,1.0
external,ogbn-arxiv,StructBK,47,17,1.0,1.0,1.0
external,ogbn-arxiv,StructBK,48,17,1.0,1.0,1.0
external,ogbn-arxiv,StructBK,49,17,1.0,1.0,1.0
external,ogbn-arxiv,StructBK,50,17,1.0,1.0,1.0
external,ogbn-arxiv,StructBK,51,17,1.0,1.0,1.0
external,ogbn-arxiv,StructBK,52,17,1.0,1.0,1.0
external,ogbn-arxiv,StructBK,53,17,1.0,1.0,1.0
external,ogbn-arxiv,StructBK,54,17,1.0,1.0,1.0
external,ogbn-arxiv,StructBK,55,17,1.0,1.0,1.0
external,ogbn-arxiv,StructBK,56,17,1.0,1.0,1.0
external,ogbn-arxiv,StructBK,57,17,1.0,1.0,1.0
external,ogbn-arxiv,StructBK,58,17,1.0,1.0,1.0
external,ogbn-arxiv,StructBK,59,17,1.0,1.0,1.0
external,ogbn-arxiv,StructBK,60,17,1.0,1.0,1.0
external,ogbn-arxiv,StructBK,61,17,1.0,1.0,1.0
external,ogbn-arxiv,StructBK,62,17,1.0,1.0,1.0
external,ogbn-arxiv,StructBK,63,17,1.0,1.0,1.0
external,ogbn-arxiv,StructBK,64,16,1.0,1.0,1.0
external,ogbn-arxiv,StructBK,65,16,1.0,1.0,1.0
external,ogbn-arxiv,StructBK,66,16,1.0,1.0,1.0
external,ogbn-arxiv,StructBK,67,16,1.0,1.0,1.0
external,ogbn-arxiv,StructBK,68,16,1.0,1.0,1.0
external,ogbn-arxiv,StructBK,69,16,1.0,1.0,1.0
external,ogbn-arxiv,StructBK,70,16,1.0,1.0,1.0
external,ogbn-arxiv,StructBK,71,16,1.0,1.0,1.0
external,ogbn-arxiv,StructBK,72,16,1.0,1.0,1.0
external,ogbn-arxiv,StructBK,73,16,1.0,1.0,1.0
external,ogbn-arxiv,StructBK,74,16,1.0,1.0,1.0
external,ogbn-arxiv,StructBK,75,16,1.0,1.0,1.0
external,ogbn-arxiv,StructBK,76,16,1.0,1.0,1.0
external,ogbn-arxiv,StructBK,77,16,1.0,1.0,1.0
external,ogbn-arxiv,StructBK,78,16,1.0,1.0,1.0
external,ogbn-arxiv,StructBK,79,16,1.0,1.0,1.0
external,ogbn-arxiv,StructBK,80,16,1.0,1.0,1.0
external,ogbn-arxiv,StructBK,81,16,1.0,1.0,1.0
external,ogbn-arxiv,StructBK,82,16,1.0,1.0,1.0
external,ogbn-arxiv,StructBK,83,16,1.0,1.0,1.0
external,ogbn-arxiv,StructBK,84,16,1.0,1.0,1.0
external,ogbn-arxiv,StructBK,85,16,1.0,1.0,1.0
external,ogbn-arxiv,StructBK,86,16,1.0,1.0,1.0
external,ogbn-arxiv,StructBK,87,16,1.0,1.0,1.0
external,ogbn-arxiv,StructBK,88,16,1.0,1.0,1.0
external,ogbn-arxiv,StructBK,89,16,1.0,1.0,1.0
external,ogbn-arxiv,StructBK,90,16,1.0,1.0,1.0
external,ogbn-arxiv,StructBK,91,16,1.0,1.0,1.0
external,ogbn-arxiv,StructBK,92,16,1.0,1.0,1.0
external,ogbn-arxiv,StructBK,93,16,1.0,1.0,1.0
external,ogbn-arxiv,StructBK,94,16,1.0,1.0,1.0
external,ogbn-arxiv,StructBK,95,16,1.0,1.0,1.0
external,ogbn-arxiv,StructBK,96,16,1.0,1.0,1.0
external,ogbn-arxiv,StructBK,97,16,1.0,1.0,1.0
external,ogbn-arxiv,StructBK,98,16,1.0,1.0,1.0
external,ogbn-arxiv,StructBK,99,16,1.0,1.0,1.0
external,ogbn-arxiv,StructBK,100,16,1.0,1.0,1.0
external,ogbn-arxiv,StructBK,101,16,1.0,1.0,1.0
external,ogbn-arxiv,StructBK,102,16,1.0,1.0,1.0
external,ogbn-arxiv,StructBK,103,16,1.0,1.0,1.0
external,ogbn-arxiv,StructBK,104,16,1.0,1.0,1.0
external,ogbn-arxiv,StructBK,105,16,1.0,1.0,1.0
external,ogbn-arxiv,StructBK,106,16,1.0,1.0,1.0
external,ogbn-arxiv,StructBK,107,16,1.0,1.0,1.0
external,ogbn-arxiv,StructBK,108,16,1.0,1.0,1.0
external,ogbn-arxiv,StructBK,109,16,1.0,1.0,1.0
external,ogbn-arxiv,StructBK,110,16,1.0,1.0,1.0
external,ogbn-arxiv,StructBK,111,16,1.0,1.0,1.0
external,ogbn-arxiv,StructBK,112,16,1.0,1.0,1.0
external,ogbn-arxiv,StructBK,113,16,1.0,1.0,1.0
external,ogbn-arxiv,StructBK,114,16,1.0,1.0,1.0
external,ogbn-arxiv,StructBK,115,16,1.0,1.0,1.0
external,ogbn-arxiv,StructBK,116,16,1.0,1.0,1.0
external,ogbn-arxiv,StructBK,117,16,1.0,1.0,1.0
external,ogbn-arxiv,StructBK,118,16,1.0,1.0,1.0
external,ogbn-arxiv,StructBK,119,16,1.0,1.0,1.0
external,ogbn-arxiv,StructBK,120,16,1.0,1.0,1.0
external,ogbn-arxiv,StructBK,121,16,1.0,1.0,1.0
external,ogbn-arxiv,StructBK,122,16,1.0,1.0,1.0
external,ogbn-arxiv,StructBK,123,16,1.0,1.0,1.0
external,ogbn-arxiv,StructBK,124,16,1.0,1.0,1.0
external,ogbn-arxiv,StructBK,125,16,1.0,1.0,1.0
external,ogbn-arxiv,StructBK,126,16,1.0,1.0,1.0
external,ogbn-arxiv,StructBK,127,16,1.0,1.0,1.0
external,ogbn-arxiv,StructBK,128,16,1.0,1.0,1.0
external,ogbn-arxiv,StructBK,129,16,1.0,1.0,1.0
external,ogbn-arxiv,StructBK,130,16,1.0,1.0,1.0
external,ogbn-arxiv,StructBK,131,16,1.0,1.0,1.0
external,ogbn-arxiv,StructBK,132,16,1.0,1.0,1.0
external,ogbn-arxiv,StructBK,133,16,1.0,1.0,1.0
external,ogbn-arxiv,StructBK,134,16,1.0,1.0,1.0
external,ogbn-arxiv,StructBK,135,16,1.0,1.0,1.0
external,ogbn-arxiv,StructBK,136,16,1.0,1.0,1.0
external,ogbn-arxiv,StructBK,137,16,1.0,1.0,1.0
external,ogbn-arxiv,StructBK,138,15,1.0,1.0,1.0
external,ogbn-arxiv,StructBK,139,15,1.0,1.0,1.0
external,ogbn-arxiv,StructBK,140,15,1.0,1.0,1.0
external,ogbn-arxiv,StructBK,141,15,1.0,1.0,1.0
external,ogbn-arxiv,StructBK,142,15,1.0,1.0,1.0
external,ogbn-arxiv,StructBK,143,15,1.0,1.0,1.0
external,ogbn-arxiv,StructBK,144,15,1.0,1.0,1.0
external,ogbn-arxiv,StructBK,145,15,1.0,1.0,1.0
external,ogbn-arxiv,StructBK,146,15,1.0,1.0,1.0
external,ogbn-arxiv,StructBK,147,15,1.0,1.0,1.0
external,ogbn-arxiv,StructBK,148,15,1.0,1.0,1.0
external,ogbn-arxiv,StructBK,149,15,1.0,1.0,1.0
external,ogbn-arxiv,StructBK,150,15,1.0,1.0,1.0
external,ogbn-arxiv,StructBK,151,15,1.0,1.0,1.0
external,ogbn-arxiv,StructBK,152,15,1.0,1.0,1.0
external,ogbn-arxiv,StructBK,153,15,1.0,1.0,1.0
external,ogbn-arxiv,StructBK,154,15,1.0,1.0,1.0
external,ogbn-arxiv,StructBK,155,15,1.0,1.0,1.0
external,ogbn-arxiv,StructBK,156,15,1.0,1.0,1.0
external,ogbn-arxiv,StructBK,157,15,1.0,1.0,1.0
external,ogbn-arxiv,StructBK,158,15,1.0,1.0,1.0
external,ogbn-arxiv,StructBK,159,15,1.0,1.0,1.0
external,ogbn-arxiv,StructBK,160,15,1.0,1.0,1.0
external,ogbn-arxiv,StructBK,161,15,1.0,1.0,1.0
external,ogbn-arxiv,StructBK,162,15,1.0,1.0,1.0
external,ogbn-arxiv,StructBK,163,15,1.0,1.0,1.0
external,ogbn-arxiv,StructBK,164,15,1.0,1.0,1.0
external,ogbn-arxiv,StructBK,165,15,1.0,1.0,1.0
external,ogbn-arxiv,StructBK,166,15,1.0,1.0,1.0
external,ogbn-arxiv,StructBK,167,15,1.0,1.0,1.0
external,ogbn-arxiv,StructBK,168,15,1.0,1.0,1.0
external,ogbn-arxiv,StructBK,169,15,1.0,1.0,1.0
external,ogbn-arxiv,StructBK,170,15,1.0,1.0,1.0
external,ogbn-arxiv,StructBK,171,15,1.0,1.0,1.0
external,ogbn-arxiv,StructBK,172,15,1.0,1.0,1.0
external,ogbn-arxiv,StructBK,173,15,1.0,1.0,1.0
external,ogbn-arxiv,StructBK,174,15,1.0,1.0,1.0
external,ogbn-arxiv,StructBK,175,15,1.0,1.0,1.0
external,ogbn-arxiv,StructBK,176,15,1.0,1.0,1.0
external,ogbn-arxiv,StructBK,177,15,1.0,1.0,1.0
external,ogbn-arxiv,StructBK,178,15,1.0,1.0,1.0
external,ogbn-arxiv,StructBK,179,15,1.0,1.0,1.0
external,ogbn-arxiv,StructBK,180,15,1.0,1.0,1.0
external,ogbn-arxiv,StructBK,181,15,1.0,1.0,1.0
external,ogbn-arxiv,StructBK,182,15,1.0,1.0,1.0
external,ogbn-arxiv,StructBK,183,15,1.0,1.0,1.0
external,ogbn-arxiv,StructBK,184,15,1.0,1.0,1.0
external,ogbn-arxiv,StructBK,185,15,1.0,1.0,1.0
external,ogbn-arxiv,StructBK,186,15,1.0,1.0,1.0
external,ogbn-arxiv,StructBK,187,15,1.0,1.0,1.0
external,ogbn-arxiv,StructBK,188,15,1.0,1.0,1.0
external,ogbn-arxiv,StructBK,189,15,1.0,1.0,1.0
external,ogbn-arxiv,StructBK,190,15,1.0,1.0,1.0
external,ogbn-arxiv,StructBK,191,15,1.0,1.0,1.0
external,ogbn-arxiv,StructBK,192,15,1.0,1.0,1.0
external,ogbn-arxiv,StructBK,193,15,1.0,1.0,1.0
external,ogbn-arxiv,StructBK,194,15,1.0,1.0,1.0
external,ogbn-arxiv,StructBK,195,15,1.0,1.0,1.0
external,ogbn-arxiv,StructBK,196,15,1.0,1.0,1.0
external,ogbn-arxiv,StructBK,197,15,1.0,1.0,1.0
external,ogbn-arxiv,StructBK,198,15,1.0,1.0,1.0
external,ogbn-arxiv,StructBK,199,15,1.0,1.0,1.0
external,ogbn-arxiv,StructBK,200,15,1.0,1.0,1.0
external,ogbn-arxiv,StructBK,201,15,1.0,1.0,1.0
external,ogbn-arxiv,StructBK,202,15,1.0,1.0,1.0
external,ogbn-arxiv,StructBK,203,15,1.0,1.0,1.0
external,ogbn-arxiv,StructBK,204,15,1.0,1.0,1.0
external,ogbn-arxiv,StructBK,205,15,1.0,1.0,1.0
external,ogbn-arxiv,StructBK,206,15,1.0,1.0,1.0
external,ogbn-arxiv,StructBK,207,15,1.0,1.0,1.0
external,ogbn-arxiv,StructBK,208,15,1.0,1.0,1.0
external,ogbn-arxiv,StructBK,209,14,1.0,1.0,1.0
external,ogbn-arxiv,StructBK,210,14,1.0,1.0,1.0
external,ogbn-arxiv,StructBK,211,14,1.0,1.0,1.0
external,ogbn-arxiv,StructBK,212,14,1.0,1.0,1.0
external,ogbn-arxiv,StructBK,213,14,1.0,1.0,1.0
external,ogbn-arxiv,StructBK,214,14,1.0,1.0,1.0
external,ogbn-arxiv,StructBK,215,14,1.0,1.0,1.0
external,ogbn-arxiv,StructBK,216,14,1.0,1.0,1.0
external,ogbn-arxiv,StructBK,217,14,1.0,1.0,1.0
external,ogbn-arxiv,StructBK,218,14,1.0,1.0,1.0
external,ogbn-arxiv,StructBK,219,14,1.0,1.0,1.0
external,ogbn-arxiv,StructBK,220,14,1.0,1.0,1.0
external,ogbn-arxiv,StructBK,221,14,1.0,1.0,1.0
external,ogbn-arxiv,StructBK,222,14,1.0,1.0,1.0
external,ogbn-arxiv,StructBK,223,14,1.0,1.0,1.0
external,ogbn-arxiv,StructBK,224,14,1.0,1.0,1.0
external,ogbn-arxiv,StructBK,225,14,1.0,1.0,1.0
external,ogbn-arxiv,StructBK,226,14,1.0,1.0,1.0
external,ogbn-arxiv,StructBK,227,14,1.0,1.0,1.0
external,ogbn-arxiv,StructBK,228,14,1.0,1.0,1.0
external,ogbn-arxiv,StructBK,229,14,1.0,1.0,1.0
external,ogbn-arxiv,StructBK,230,14,1.0,1.0,1.0
external,ogbn-arxiv,StructBK,231,14,1.0,1.0,1.0
external,ogbn-arxiv,StructBK,232,14,1.0,1.0,1.0
external,ogbn-arxiv,StructBK,233,14,1.0,1.0,1.0
external,ogbn-arxiv,StructBK,234,14,1.0,1.0,1.0
external,ogbn-arxiv,StructBK,235,14,1.0,1.0,1.0
external,ogbn-arxiv,StructBK,236,14,1.0,1.0,1.0
external,ogbn-arxiv,StructBK,237,14,1.0,1.0,1.0
external,ogbn-arxiv,StructBK,238,14,1.0,1.0,1.0
external,ogbn-arxiv,StructBK,239,14,1.0,1.0,1.0
external,ogbn-arxiv,StructBK,240,14,1.0,1.0,1.0
external,ogbn-arxiv,StructBK,241,14,1.0,1.0,1.0
external,ogbn-arxiv,StructBK,242,14,1.0,1.0,1.0
external,ogbn-arxiv,StructBK,243,14,1.0,1.0,1.0
external,ogbn-arxiv,StructBK,244,14,1.0,1.0,1.0
external,ogbn-arxiv,StructBK,245,14,1.0,1.0,1.0
external,ogbn-arxiv,StructBK,246,14,1.0,1.0,1.0
external,ogbn-arxiv,StructBK,247,14,1.0,1.0,1.0
external,ogbn-arxiv,StructBK,248,14,1.0,1.0,1.0
external,ogbn-arxiv,StructBK,249,14,1.0,1.0,1.0
external,ogbn-arxiv,StructBK,250,14,1.0,1.0,1.0
external,ogbn-arxiv,StructBK,251,14,1.0,1.0,1.0
external,ogbn-arxiv,StructBK,252,14,1.0,1.0,1.0
external,ogbn-arxiv,StructBK,253,14,1.0,1.0,1.0
external,ogbn-arxiv,StructBK,254,14,1.0,1.0,1.0
external,ogbn-arxiv,StructBK,255,14,1.0,1.0,1.0
external,ogbn-arxiv,StructBK,256,14,1.0,1.0,1.0
external,ogbn-arxiv,StructBK,257,14,1.0,1.0,1.0
external,ogbn-arxiv,StructBK,258,14,1.0,1.0,1.0
external,ogbn-arxiv,StructBK,259,14,1.0,1.0,1.0
external,ogbn-arxiv,StructBK,260,14,1.0,1.0,1.0
external,ogbn-arxiv,StructBK,261,14,1.0,1.0,1.0
external,ogbn-arxiv,StructBK,262,14,1.0,1.0,1.0
external,ogbn-arxiv,StructBK,263,13,1.0,1.0,1.0
external,ogbn-arxiv,StructBK,264,13,1.0,1.0,1.0
external,ogbn-arxiv,StructBK,265,13,1.0,1.0,1.0
external,ogbn-arxiv,StructBK,266,13,1.0,1.0,1.0
external,ogbn-arxiv,StructBK,267,13,1.0,1.0,1.0
external,ogbn-arxiv,StructBK,268,13,1.0,1.0,1.0
external,ogbn-arxiv,StructBK,269,13,1.0,1.0,1.0
external,ogbn-arxiv,StructBK,270,13,1.0,1.0,1.0
external,ogbn-arxiv,StructBK,271,13,1.0,1.0,1.0
external,ogbn-arxiv,StructBK,272,13,1.0,1.0,1.0
external,ogbn-arxiv,StructBK,273,13,1.0,1.0,1.0
external,ogbn-arxiv,StructBK,274,13,1.0,1.0,1.0
external,ogbn-arxiv,StructBK,275,13,1.0,1.0,1.0
external,ogbn-arxiv,StructBK,276,13,1.0,1.0,1.0
external,ogbn-arxiv,StructBK,277,13,1.0,1.0,1.0
external,ogbn-arxiv,StructBK,278,13,1.0,1.0,1.0
external,ogbn-arxiv,StructBK,279,13,1.0,1.0,1.0
external,ogbn-arxiv,StructBK,280,13,1.0,1.0,1.0
external,ogbn-arxiv,StructBK,281,13,1.0,1.0,1.0
external,ogbn-arxiv,StructBK,282,13,1.0,1.0,1.0
external,ogbn-arxiv,StructBK,283,13,1.0,1.0,1.0
external,ogbn-arxiv,StructBK,284,13,1.0,1.0,1.0
external,ogbn-arxiv,StructBK,285,13,1.0,1.0,1.0
external,ogbn-arxiv,StructBK,286,13,1.0,1.0,1.0
external,ogbn-arxiv,StructBK,287,13,1.0,1.0,1.0
external,ogbn-arxiv,StructBK,288,13,1.0,1.0,1.0
external,ogbn-arxiv,StructBK,289,13,1.0,1.0,1.0
external,ogbn-arxiv,StructBK,290,13,1.0,1.0,1.0
external,ogbn-arxiv,StructBK,291,13,1.0,1.0,1.0
external,ogbn-arxiv,StructBK,292,13,1.0,1.0,1.0
external,ogbn-arxiv,StructBK,293,13,1.0,1.0,1.0
external,ogbn-arxiv,StructBK,294,13,1.0,1.0,1.0
external,ogbn-arxiv,StructBK,295,13,1.0,1.0,1.0
external,ogbn-arxiv,StructBK,296,13,1.0,1.0,1.0
external,ogbn-arxiv,StructBK,297,13,1.0,1.0,1.0
external,ogbn-arxiv,StructBK,298,13,1.0,1.0,1.0
external,ogbn-arxiv,StructBK,299,13,1.0,1.0,1.0
external,ogbn-arxiv,StructBK,300,13,1.0,1.0,1.0
external,ogbn-arxiv,StructBK,301,13,1.0,1.0,1.0
external,ogbn-arxiv,StructBK,302,13,1.0,1.0,1.0
external,ogbn-arxiv,StructBK,303,13,1.0,0.8666666666666667,0.9285714285714286
external,ogbn-arxiv,StructBK,304,13,1.0,0.8666666666666667,0.9285714285714286
external,ogbn-arxiv,StructBK,305,13,1.0,0.8666666666666667,0.9285714285714286
external,ogbn-arxiv,StructBK,306,13,1.0,0.8666666666666667,0.9285714285714286
external,ogbn-arxiv,StructBK,307,13,1.0,0.8666666666666667,0.9285714285714286
external,ogbn-arxiv,StructBK,308,13,1.0,0.8666666666666667,0.9285714285714286
external,ogbn-arxiv,StructBK,309,13,1.0,0.8666666666666667,0.9285714285714286
external,ogbn-arxiv,StructBK,310,12,1.0,1.0,1.0
external,ogbn-arxiv,StructBK,311,12,1.0,1.0,1.0
external,ogbn-arxiv,StructBK,312,12,1.0,1.0,1.0
external,ogbn-arxiv,StructBK,313,12,1.0,1.0,1.0
external,ogbn-arxiv,StructBK,314,12,1.0,1.0,1.0
external,ogbn-arxiv,StructBK,315,12,1.0,1.0,1.0
external,ogbn-arxiv,StructBK,316,12,1.0,1.0,1.0
external,ogbn-arxiv,StructBK,317,12,1.0,1.0,1.0
external,ogbn-arxiv,StructBK,318,12,1.0,1.0,1.0
external,ogbn-arxiv,StructBK,319,12,1.0,1.0,1.0
external,ogbn-arxiv,StructBK,320,12,1.0,1.0,1.0
external,ogbn-arxiv,StructBK,321,12,1.0,1.0,1.0
external,ogbn-arxiv,StructBK,322,12,1.0,1.0,1.0
external,ogbn-arxiv,StructBK,323,12,1.0,1.0,1.0
external,ogbn-arxiv,StructBK,324,12,1.0,1.0,1.0
external,ogbn-arxiv,StructBK,325,12,1.0,1.0,1.0
external,ogbn-arxiv,StructBK,326,12,1.0,1.0,1.0
external,ogbn-arxiv,StructBK,327,12,1.0,1.0,1.0
external,ogbn-arxiv,StructBK,328,12,1.0,1.0,1.0
external,ogbn-arxiv,StructBK,329,12,1.0,1.0,1.0
external,ogbn-arxiv,StructBK,330,12,1.0,1.0,1.0
external,ogbn-arxiv,StructBK,331,12,1.0,1.0,1.0
external,ogbn-arxiv,StructBK,332,12,1.0,1.0,1.0
external,ogbn-arxiv,StructBK,333,12,1.0,1.0,1.0
external,ogbn-arxiv,StructBK,334,12,1.0,1.0,1.0
external,ogbn-arxiv,StructBK,335,12,1.0,1.0,1.0
external,ogbn-arxiv,StructBK,336,12,1.0,1.0,1.0
external,ogbn-arxiv,StructBK,337,12,1.0,1.0,1.0
external,ogbn-arxiv,StructBK,338,12,1.0,1.0,1.0
external,ogbn-arxiv,StructBK,339,12,1.0,1.0,1.0
external,ogbn-arxiv,StructBK,340,12,1.0,0.9230769230769231,0.96
external,ogbn-arxiv,StructBK,341,12,1.0,1.0,1.0
external,ogbn-arxiv,StructBK,342,12,1.0,1.0,1.0
external,ogbn-arxiv,StructBK,343,12,1.0,1.0,1.0
external,ogbn-arxiv,StructBK,344,12,1.0,1.0,1.0
external,ogbn-arxiv,StructBK,345,12,1.0,1.0,1.0
external,ogbn-arxiv,StructBK,346,12,1.0,1.0,1.0
external,ogbn-arxiv,StructBK,347,12,1.0,1.0,1.0
external,ogbn-arxiv,StructBK,348,12,1.0,1.0,1.0
external,ogbn-arxiv,StructBK,349,12,1.0,1.0,1.0
external,ogbn-arxiv,StructBK,350,12,1.0,1.0,1.0
external,ogbn-arxiv,StructBK,351,12,1.0,1.0,1.0
external,ogbn-arxiv,StructBK,352,12,1.0,0.8,0.8888888888888888
external,ogbn-arxiv,StructBK,353,11,1.0,0.9166666666666666,0.9565217391304348
external,ogbn-arxiv,StructBK,354,11,1.0,0.8461538461538461,0.9166666666666666
external,ogbn-arxiv,StructBK,355,11,1.0,0.9166666666666666,0.9565217391304348
external,ogbn-arxiv,StructBK,356,11,1.0,0.9166666666666666,0.9565217391304348
external,ogbn-arxiv,StructBK,357,11,1.0,0.9166666666666666,0.9565217391304348
external,ogbn-arxiv,StructBK,358,11,1.0,1.0,1.0
external,ogbn-arxiv,StructBK,359,11,1.0,1.0,1.0
external,ogbn-arxiv,StructBK,360,11,1.0,1.0,1.0
external,ogbn-arxiv,StructBK,361,11,1.0,1.0,1.0
external,ogbn-arxiv,StructBK,362,11,1.0,1.0,1.0
external,ogbn-arxiv,StructBK,363,11,1.0,1.0,1.0
external,ogbn-arxiv,StructBK,364,11,1.0,1.0,1.0
external,ogbn-arxiv,StructBK,365,11,1.0,1.0,1.0
external,ogbn-arxiv,StructBK,366,11,1.0,1.0,1.0
external,ogbn-arxiv,StructBK,367,11,1.0,1.0,1.0
external,ogbn-arxiv,StructBK,368,11,1.0,1.0,1.0
external,ogbn-arxiv,StructBK,369,11,1.0,1.0,1.0
external,ogbn-arxiv,StructBK,370,11,1.0,1.0,1.0
external,ogbn-arxiv,StructBK,371,11,1.0,1.0,1.0
external,ogbn-arxiv,StructBK,372,11,1.0,1.0,1.0
external,ogbn-arxiv,StructBK,373,11,1.0,1.0,1.0
external,ogbn-arxiv,StructBK,374,11,1.0,1.0,1.0
external,ogbn-arxiv,StructBK,375,11,1.0,1.0,1.0
external,ogbn-arxiv,StructBK,376,11,1.0,1.0,1.0
external,ogbn-arxiv,StructBK,377,11,1.0,1.0,1.0
external,ogbn-arxiv,StructBK,378,11,1.0,1.0,1.0
external,ogbn-arxiv,StructBK,379,11,1.0,1.0,1.0
external,ogbn-arxiv,StructBK,380,11,1.0,1.0,1.0
external,ogbn-arxiv,StructBK,381,11,1.0,1.0,1.0
external,ogbn-arxiv,StructBK,382,11,1.0,1.0,1.0
external,ogbn-arxiv,StructBK,383,11,1.0,1.0,1.0
external,ogbn-arxiv,StructBK,384,11,1.0,1.0,1.0
external,ogbn-arxiv,StructBK,385,11,1.0,1.0,1.0
external,ogbn-arxiv,StructBK,386,11,1.0,1.0,1.0
external,ogbn-arxiv,StructBK,387,11,1.0,1.0,1.0
external,ogbn-arxiv,StructBK,388,11,1.0,1.0,1.0
external,ogbn-arxiv,StructBK,389,11,1.0,1.0,1.0
external,ogbn-arxiv,StructBK,390,11,1.0,1.0,1.0
external,ogbn-arxiv,StructBK,391,11,1.0,1.0,1.0
external,ogbn-arxiv,StructBK,392,11,1.0,1.0,1.0
external,ogbn-arxiv,StructBK,393,11,1.0,1.0,1.0
external,ogbn-arxiv,StructBK,394,11,1.0,1.0,1.0
external,ogbn-arxiv,StructBK,395,11,1.0,1.0,1.0
external,ogbn-arxiv,StructBK,396,11,1.0,1.0,1.0
external,ogbn-arxiv,StructBK,397,11,1.0,1.0,1.0
external,ogbn-arxiv,StructBK,398,11,1.0,1.0,1.0
external,ogbn-arxiv,StructBK,399,11,1.0,1.0,1.0
external,ogbn-arxiv,StructBK,400,11,1.0,1.0,1.0
external,ogbn-arxiv,StructBK,401,11,1.0,1.0,1.0
external,ogbn-arxiv,StructBK,402,11,1.0,1.0,1.0
external,ogbn-arxiv,StructBK,403,11,1.0,1.0,1.0
external,ogbn-arxiv,StructBK,404,11,1.0,1.0,1.0
external,ogbn-arxiv,StructBK,405,11,1.0,1.0,1.0
external,ogbn-arxiv,StructBK,406,11,1.0,1.0,1.0
external,ogbn-arxiv,StructBK,407,11,1.0,1.0,1.0
external,ogbn-arxiv,StructBK,408,11,1.0,1.0,1.0
external,ogbn-arxiv,StructBK,409,11,1.0,0.8461538461538461,0.9166666666666666
external,ogbn-arxiv,StructBK,410,11,1.0,0.8461538461538461,0.9166666666666666
external,ogbn-arxiv,StructBK,411,11,1.0,0.8461538461538461,0.9166666666666666
external,ogbn-arxiv,StructBK,412,11,1.0,1.0,1.0
external,ogbn-arxiv,StructBK,413,11,1.0,1.0,1.0
external,ogbn-arxiv,StructBK,414,11,1.0,1.0,1.0
external,ogbn-arxiv,StructBK,415,11,1.0,1.0,1.0
external,ogbn-arxiv,StructBK,416,11,1.0,1.0,1.0
external,ogbn-arxiv,StructBK,417,11,1.0,1.0,1.0
external,ogbn-arxiv,StructBK,418,11,1.0,1.0,1.0
external,ogbn-arxiv,StructBK,419,11,1.0,1.0,1.0
external,ogbn-arxiv,StructBK,420,11,1.0,1.0,1.0
external,ogbn-arxiv,StructBK,421,11,1.0,1.0,1.0
external,ogbn-arxiv,StructBK,422,11,1.0,1.0,1.0
external,ogbn-arxiv,StructBK,423,11,1.0,1.0,1.0
external,ogbn-arxiv,StructBK,424,11,1.0,1.0,1.0
external,ogbn-arxiv,StructBK,425,11,1.0,1.0,1.0
external,ogbn-arxiv,StructBK,426,11,1.0,1.0,1.0
external,ogbn-arxiv,StructBK,427,11,1.0,1.0,1.0
external,ogbn-arxiv,StructBK,428,11,1.0,1.0,1.0
external,ogbn-arxiv,StructBK,429,11,1.0,1.0,1.0
external,ogbn-arxiv,StructBK,430,11,1.0,1.0,1.0
external,ogbn-arxiv,StructBK,431,11,1.0,1.0,1.0
external,ogbn-arxiv,StructBK,432,11,1.0,1.0,1.0
external,ogbn-arxiv,StructBK,433,11,1.0,0.9166666666666666,0.9565217391304348
external,ogbn-arxiv,StructBK,434,11,1.0,0.9166666666666666,0.9565217391304348
external,ogbn-arxiv,StructBK,435,11,1.0,0.9166666666666666,0.9565217391304348
external,ogbn-arxiv,StructBK,436,11,1.0,1.0,1.0
external,ogbn-arxiv,StructBK,437,11,1.0,1.0,1.0
external,ogbn-arxiv,StructBK,438,11,1.0,1.0,1.0
external,ogbn-arxiv,StructBK,439,11,1.0,1.0,1.0
external,ogbn-arxiv,StructBK,440,11,1.0,1.0,1.0
external,ogbn-arxiv,StructBK,441,11,1.0,1.0,1.0
external,ogbn-arxiv,StructBK,442,11,1.0,0.9166666666666666,0.9565217391304348
external,ogbn-arxiv,StructBK,443,11,1.0,1.0,1.0
external,ogbn-arxiv,StructBK,444,11,1.0,1.0,1.0
external,ogbn-arxiv,StructBK,445,11,1.0,1.0,1.0
external,ogbn-arxiv,StructBK,446,11,1.0,1.0,1.0
external,ogbn-arxiv,StructBK,447,11,1.0,1.0,1.0
external,ogbn-arxiv,StructBK,448,11,1.0,1.0,1.0
external,ogbn-arxiv,StructBK,449,11,1.0,1.0,1.0
external,ogbn-arxiv,StructBK,450,11,1.0,1.0,1.0
external,ogbn-arxiv,StructBK,451,11,1.0,1.0,1.0
external,ogbn-arxiv,StructBK,452,11,1.0,1.0,1.0
external,ogbn-arxiv,StructBK,453,11,1.0,1.0,1.0
external,ogbn-arxiv,StructBK,454,11,1.0,1.0,1.0
external,ogbn-arxiv,StructBK,455,11,1.0,0.9166666666666666,0.9565217391304348
external,ogbn-arxiv,StructBK,456,11,1.0,0.9166666666666666,0.9565217391304348
external,ogbn-arxiv,StructBK,457,11,1.0,0.9166666666666666,0.9565217391304348
external,ogbn-arxiv,StructBK,458,11,1.0,1.0,1.0
external,ogbn-arxiv,StructBK,459,10,1.0,1.0,1.0
external,ogbn-arxiv,StructBK,460,10,1.0,1.0,1.0
external,ogbn-arxiv,StructBK,461,10,1.0,1.0,1.0
external,ogbn-arxiv,StructBK,462,10,1.0,1.0,1.0
external,ogbn-arxiv,StructBK,463,10,1.0,1.0,1.0
external,ogbn-arxiv,StructBK,464,10,1.0,1.0,1.0
external,ogbn-arxiv,StructBK,465,10,1.0,1.0,1.0
external,ogbn-arxiv,StructBK,466,10,1.0,1.0,1.0
external,ogbn-arxiv,StructBK,467,10,1.0,1.0,1.0
external,ogbn-arxiv,StructBK,468,10,1.0,1.0,1.0
external,ogbn-arxiv,StructBK,469,10,1.0,1.0,1.0
external,ogbn-arxiv,StructBK,470,10,1.0,1.0,1.0
external,ogbn-arxiv,StructBK,471,10,1.0,1.0,1.0
external,ogbn-arxiv,StructBK,472,10,1.0,1.0,1.0
external,ogbn-arxiv,StructBK,473,10,1.0,1.0,1.0
external,ogbn-arxiv,StructBK,474,10,1.0,1.0,1.0
external,ogbn-arxiv,StructBK,475,10,1.0,1.0,1.0
external,ogbn-arxiv,StructBK,476,10,1.0,1.0,1.0
external,ogbn-arxiv,StructBK,477,10,1.0,1.0,1.0
external,ogbn-arxiv,StructBK,478,10,1.0,1.0,1.0
external,ogbn-arxiv,StructBK,479,10,1.0,1.0,1.0
external,ogbn-arxiv,StructBK,480,10,1.0,1.0,1.0
external,ogbn-arxiv,StructBK,481,10,1.0,1.0,1.0
external,ogbn-arxiv,StructBK,482,10,1.0,1.0,1.0
external,ogbn-arxiv,StructBK,483,10,1.0,0.9090909090909091,0.9523809523809523
external,ogbn-arxiv,StructBK,484,10,1.0,0.9090909090909091,0.9523809523809523
external,ogbn-arxiv,StructBK,485,10,1.0,0.8333333333333334,0.9090909090909091
external,ogbn-arxiv,StructBK,486,10,1.0,0.7692307692307693,0.8695652173913043
external,ogbn-arxiv,StructBK,487,10,1.0,0.7692307692307693,0.8695652173913043
external,ogbn-arxiv,StructBK,488,10,1.0,0.7692307692307693,0.8695652173913043
external,ogbn-arxiv,StructBK,489,10,1.0,0.7692307692307693,0.8695652173913043
external,ogbn-arxiv,StructBK,490,10,1.0,0.7692307692307693,0.8695652173913043
external,ogbn-arxiv,StructBK,491,10,1.0,0.7692307692307693,0.8695652173913043
external,ogbn-arxiv,StructBK,492,10,1.0,0.7692307692307693,0.8695652173913043
external,ogbn-arxiv,StructBK,493,10,1.0,0.8333333333333334,0.9090909090909091
external,ogbn-arxiv,StructBK,494,10,1.0,0.7692307692307693,0.8695652173913043
external,ogbn-arxiv,StructBK,495,10,1.0,0.7692307692307693,0.8695652173913043
external,ogbn-arxiv,StructBK,496,10,1.0,0.7692307692307693,0.8695652173913043
external,ogbn-arxiv,StructBK,497,10,1.0,0.7692307692307693,0.8695652173913043
external,ogbn-arxiv,StructBK,498,10,1.0,1.0,1.0
external,ogbn-arxiv,StructBK,499,10,1.0,1.0,1.0
external,ogbn-arxiv,StructBK,500,10,1.0,1.0,1.0
external,ogbn-arxiv,StructBK,501,10,1.0,1.0,1.0
external,ogbn-arxiv,StructBK,502,10,1.0,1.0,1.0
external,ogbn-arxiv,StructBK,503,10,1.0,1.0,1.0
external,ogbn-arxiv,StructBK,504,10,1.0,0.8333333333333334,0.9090909090909091
external,ogbn-arxiv,StructBK,505,10,1.0,0.9090909090909091,0.9523809523809523
external,ogbn-arxiv,StructBK,506,10,1.0,0.9090909090909091,0.9523809523809523
external,ogbn-arxiv,StructBK,507,10,1.0,1.0,1.0
external,ogbn-arxiv,StructBK,508,10,1.0,0.9090909090909091,0.9523809523809523
external,ogbn-arxiv,StructBK,509,10,1.0,0.8333333333333334,0.9090909090909091
external,ogbn-arxiv,StructBK,510,10,1.0,0.9090909090909091,0.9523809523809523
external,ogbn-arxiv,StructBK,511,10,1.0,0.9090909090909091,0.9523809523809523
external,ogbn-arxiv,StructBK,512,10,1.0,0.9090909090909091,0.9523809523809523
external,ogbn-arxiv,StructBK,513,10,1.0,0.7692307692307693,0.8695652173913043
external,ogbn-arxiv,StructBK,514,10,1.0,0.9090909090909091,0.9523809523809523
external,ogbn-arxiv,StructBK,515,10,1.0,0.7692307692307693,0.8695652173913043
external,ogbn-arxiv,StructBK,516,10,1.0,0.7692307692307693,0.8695652173913043
external,ogbn-arxiv,StructBK,517,10,1.0,1.0,1.0
external,ogbn-arxiv,StructBK,518,10,1.0,1.0,1.0
external,ogbn-arxiv,StructBK,519,10,1.0,1.0,1.0
external,ogbn-arxiv,StructBK,520,10,1.0,1.0,1.0
external,ogbn-arxiv,StructBK,521,10,1.0,1.0,1.0
external,ogbn-arxiv,StructBK,522,10,1.0,1.0,1.0
external,ogbn-arxiv,StructBK,523,10,1.0,1.0,1.0
external,ogbn-arxiv,StructBK,524,10,1.0,1.0,1.0
external,ogbn-arxiv,StructBK,525,10,1.0,1.0,1.0
external,ogbn-arxiv,StructBK,526,10,1.0,1.0,1.0
external,ogbn-arxiv,StructBK,527,10,1.0,1.0,1.0
external,ogbn-arxiv,StructBK,528,10,1.0,1.0,1.0
external,ogbn-arxiv,StructBK,529,10,1.0,0.9090909090909091,0.9523809523809523
external,ogbn-arxiv,StructBK,530,10,1.0,0.9090909090909091,0.9523809523809523
external,ogbn-arxiv,StructBK,531,10,1.0,0.8333333333333334,0.9090909090909091
external,ogbn-arxiv,StructBK,532,10,1.0,0.8333333333333334,0.9090909090909091
external,ogbn-arxiv,StructBK,533,10,1.0,0.8333333333333334,0.9090909090909091
external,ogbn-arxiv,StructBK,534,10,1.0,0.9090909090909091,0.9523809523809523
external,ogbn-arxiv,StructBK,535,10,1.0,0.9090909090909091,0.9523809523809523
external,ogbn-arxiv,StructBK,536,10,1.0,0.9090909090909091,0.9523809523809523
external,ogbn-arxiv,StructBK,537,10,1.0,0.8333333333333334,0.9090909090909091
external,ogbn-arxiv,StructBK,538,10,1.0,0.9090909090909091,0.9523809523809523
external,ogbn-arxiv,StructBK,539,10,1.0,0.9090909090909091,0.9523809523809523
external,ogbn-arxiv,StructBK,540,10,1.0,0.9090909090909091,0.9523809523809523
external,ogbn-arxiv,StructBK,541,10,1.0,0.9090909090909091,0.9523809523809523
external,ogbn-arxiv,StructBK,542,10,1.0,0.9090909090909091,0.9523809523809523
external,ogbn-arxiv,StructBK,543,10,1.0,0.9090909090909091,0.9523809523809523
external,ogbn-arxiv,StructBK,544,10,1.0,1.0,1.0
external,ogbn-arxiv,StructBK,545,10,1.0,1.0,1.0
external,ogbn-arxiv,StructBK,546,10,1.0,0.9090909090909091,0.9523809523809523
external,ogbn-arxiv,StructBK,547,10,1.0,1.0,1.0
external,ogbn-arxiv,StructBK,548,10,1.0,1.0,1.0
external,ogbn-arxiv,StructBK,549,10,1.0,1.0,1.0
external,ogbn-arxiv,StructBK,550,10,1.0,1.0,1.0
external,ogbn-arxiv,StructBK,551,10,1.0,1.0,1.0
external,ogbn-arxiv,StructBK,552,10,1.0,1.0,1.0
external,ogbn-arxiv,StructBK,553,10,1.0,0.8333333333333334,0.9090909090909091
external,ogbn-arxiv,StructBK,554,10,1.0,0.8333333333333334,0.9090909090909091
external,ogbn-arxiv,StructBK,555,10,1.0,0.8333333333333334,0.9090909090909091
external,ogbn-arxiv,StructBK,556,10,1.0,0.8333333333333334,0.9090909090909091
external,ogbn-arxiv,StructBK,557,10,1.0,1.0,1.0
external,ogbn-arxiv,StructBK,558,10,1.0,1.0,1.0
external,ogbn-arxiv,StructBK,559,10,1.0,1.0,1.0
external,ogbn-arxiv,StructBK,560,10,1.0,0.9090909090909091,0.9523809523809523
external,ogbn-arxiv,StructBK,561,10,1.0,0.9090909090909091,0.9523809523809523
external,ogbn-arxiv,StructBK,562,10,1.0,1.0,1.0
external,ogbn-arxiv,StructBK,563,10,1.0,1.0,1.0
external,ogbn-arxiv,StructBK,564,10,1.0,0.9090909090909091,0.9523809523809523
external,ogbn-arxiv,StructBK,565,10,1.0,1.0,1.0
external,ogbn-arxiv,StructBK,566,10,1.0,1.0,1.0
external,ogbn-arxiv,StructBK,567,10,1.0,1.0,1.0
external,ogbn-arxiv,StructBK,568,10,1.0,1.0,1.0
external,ogbn-arxiv,StructBK,569,10,1.0,1.0,1.0
external,ogbn-arxiv,StructBK,570,10,1.0,1.0,1.0
external,ogbn-arxiv,StructBK,571,10,1.0,1.0,1.0
external,ogbn-arxiv,StructBK,572,10,1.0,1.0,1.0
external,ogbn-arxiv,StructBK,573,10,1.0,1.0,1.0
external,ogbn-arxiv,StructBK,574,10,1.0,1.0,1.0
external,ogbn-arxiv,StructBK,575,10,1.0,1.0,1.0
external,ogbn-arxiv,StructBK,576,10,1.0,1.0,1.0
external,ogbn-arxiv,StructBK,577,10,1.0,1.0,1.0
external,ogbn-arxiv,StructBK,578,10,1.0,1.0,1.0
external,ogbn-arxiv,StructBK,579,10,1.0,1.0,1.0
external,ogbn-arxiv,StructBK,580,10,1.0,1.0,1.0
external,ogbn-arxiv,StructBK,581,10,1.0,1.0,1.0
external,ogbn-arxiv,StructBK,582,10,1.0,1.0,1.0
external,ogbn-arxiv,StructBK,583,10,1.0,1.0,1.0
external,ogbn-arxiv,StructBK,584,10,1.0,1.0,1.0
external,ogbn-arxiv,StructBK,585,10,1.0,1.0,1.0
external,ogbn-arxiv,StructBK,586,10,1.0,1.0,1.0
external,ogbn-arxiv,StructBK,587,10,1.0,1.0,1.0
external,ogbn-arxiv,StructBK,588,10,1.0,1.0,1.0
external,ogbn-arxiv,StructBK,589,10,1.0,1.0,1.0
external,ogbn-arxiv,StructBK,590,10,1.0,1.0,1.0
external,ogbn-arxiv,StructBK,591,10,1.0,1.0,1.0
external,ogbn-arxiv,StructBK,592,10,1.0,1.0,1.0
external,ogbn-arxiv,StructBK,593,10,1.0,1.0,1.0
external,ogbn-arxiv,StructBK,594,10,1.0,1.0,1.0
external,ogbn-arxiv,StructBK,595,10,1.0,1.0,1.0
external,ogbn-arxiv,StructBK,596,10,1.0,1.0,1.0
external,ogbn-arxiv,StructBK,597,10,1.0,1.0,1.0
external,ogbn-arxiv,StructBK,598,10,1.0,1.0,1.0
external,ogbn-arxiv,StructBK,599,10,1.0,1.0,1.0
external,ogbn-arxiv,StructBK,600,10,1.0,1.0,1.0
external,ogbn-arxiv,StructBK,601,10,1.0,1.0,1.0
external,ogbn-arxiv,StructBK,602,10,1.0,1.0,1.0
external,ogbn-arxiv,StructBK,603,10,1.0,1.0,1.0
external,ogbn-arxiv,StructBK,604,10,1.0,1.0,1.0
external,ogbn-arxiv,StructBK,605,10,1.0,1.0,1.0
external,ogbn-arxiv,StructBK,606,10,1.0,1.0,1.0
external,ogbn-arxiv,StructBK,607,10,1.0,1.0,1.0
external,ogbn-arxiv,StructBK,608,10,1.0,1.0,1.0
external,ogbn-arxiv,StructBK,609,10,1.0,1.0,1.0
external,ogbn-arxiv,StructBK,610,10,1.0,1.0,1.0
external,ogbn-arxiv,StructBK,611,10,1.0,1.0,1.0
external,ogbn-arxiv,StructBK,612,10,1.0,1.0,1.0
external,ogbn-arxiv,StructBK,613,10,1.0,1.0,1.0
external,ogbn-arxiv,StructBK,614,10,1.0,1.0,1.0
external,ogbn-arxiv,StructBK,615,10,1.0,1.0,1.0
external,ogbn-arxiv,StructBK,616,10,1.0,1.0,1.0
external,ogbn-arxiv,StructBK,617,10,1.0,1.0,1.0
external,ogbn-arxiv,StructBK,618,10,1.0,1.0,1.0
external,ogbn-arxiv,StructBK,619,10,1.0,1.0,1.0
external,ogbn-arxiv,StructBK,620,10,1.0,1.0,1.0
external,ogbn-arxiv,StructBK,621,10,1.0,1.0,1.0
external,ogbn-arxiv,StructBK,622,10,1.0,1.0,1.0
external,ogbn-arxiv,StructBK,623,10,1.0,1.0,1.0
external,ogbn-arxiv,StructBK,624,10,1.0,0.9090909090909091,0.9523809523809523
external,ogbn-arxiv,StructBK,625,10,1.0,0.9090909090909091,0.9523809523809523
external,ogbn-arxiv,StructBK,626,10,1.0,1.0,1.0
external,ogbn-arxiv,StructBK,627,10,1.0,1.0,1.0
external,ogbn-arxiv,StructBK,628,10,1.0,1.0,1.0
external,ogbn-arxiv,StructBK,629,10,1.0,0.9090909090909091,0.9523809523809523
external,ogbn-arxiv,StructBK,630,10,1.0,1.0,1.0
external,ogbn-arxiv,StructBK,631,10,1.0,1.0,1.0
external,ogbn-arxiv,StructBK,632,10,1.0,1.0,1.0
external,ogbn-arxiv,StructBK,633,10,1.0,1.0,1.0
external,ogbn-arxiv,StructBK,634,10,1.0,1.0,1.0
external,ogbn-arxiv,StructBK,635,10,1.0,1.0,1.0
external,ogbn-arxiv,StructBK,636,10,1.0,1.0,1.0
external,ogbn-arxiv,StructBK,637,10,1.0,0.9090909090909091,0.9523809523809523
external,ogbn-arxiv,StructBK,638,10,1.0,1.0,1.0
external,ogbn-arxiv,StructBK,639,10,1.0,0.9090909090909091,0.9523809523809523
external,ogbn-arxiv,StructBK,640,10,1.0,0.9090909090909091,0.9523809523809523
external,ogbn-arxiv,StructBK,641,10,1.0,0.9090909090909091,0.9523809523809523
external,ogbn-arxiv,StructBK,642,10,1.0,0.9090909090909091,0.9523809523809523
external,ogbn-arxiv,StructBK,643,10,1.0,0.9090909090909091,0.9523809523809523
external,ogbn-arxiv,StructBK,644,10,1.0,0.8333333333333334,0.9090909090909091
external,ogbn-arxiv,StructBK,645,10,1.0,0.8333333333333334,0.9090909090909091
external,ogbn-arxiv,StructBK,646,10,1.0,0.8333333333333334,0.9090909090909091
external,ogbn-arxiv,StructBK,647,10,1.0,0.8333333333333334,0.9090909090909091
external,ogbn-arxiv,StructBK,648,10,1.0,1.0,1.0
external,ogbn-arxiv,StructBK,649,10,1.0,0.9090909090909091,0.9523809523809523
external,ogbn-arxiv,StructBK,650,10,1.0,0.8333333333333334,0.9090909090909091
external,ogbn-arxiv,StructBK,651,10,1.0,0.8333333333333334,0.9090909090909091
external,ogbn-arxiv,StructBK,652,10,1.0,0.9090909090909091,0.9523809523809523
external,ogbn-arxiv,StructBK,653,10,1.0,0.8333333333333334,0.9090909090909091
external,ogbn-arxiv,StructBK,654,10,1.0,0.9090909090909091,0.9523809523809523
external,ogbn-arxiv,StructBK,655,10,1.0,0.8333333333333334,0.9090909090909091
external,ogbn-arxiv,StructBK,656,10,1.0,0.9090909090909091,0.9523809523809523
external,ogbn-arxiv,StructBK,657,10,1.0,1.0,1.0
external,ogbn-arxiv,StructBK,658,10,1.0,1.0,1.0
external,ogbn-arxiv,StructBK,659,10,1.0,1.0,1.0
external,ogbn-arxiv,StructBK,660,10,1.0,1.0,1.0
external,ogbn-arxiv,StructBK,661,10,1.0,1.0,1.0
external,ogbn-arxiv,StructBK,662,10,1.0,1.0,1.0
external,ogbn-arxiv,StructBK,663,10,1.0,1.0,1.0
external,ogbn-arxiv,StructBK,664,10,1.0,1.0,1.0
external,ogbn-arxiv,StructBK,665,10,1.0,1.0,1.0
external,ogbn-arxiv,StructBK,666,10,1.0,1.0,1.0
external,ogbn-arxiv,StructBK,667,10,1.0,1.0,1.0
external,ogbn-arxiv,StructBK,668,10,1.0,1.0,1.0
external,ogbn-arxiv,StructBK,669,10,1.0,1.0,1.0
external,ogbn-arxiv,StructBK,670,10,1.0,1.0,1.0
external,ogbn-arxiv,StructBK,671,10,1.0,1.0,1.0
external,ogbn-arxiv,StructBK,672,10,1.0,1.0,1.0
external,ogbn-arxiv,StructBK,673,10,1.0,1.0,1.0
external,ogbn-arxiv,StructBK,674,10,1.0,1.0,1.0
external,ogbn-arxiv,StructBK,675,10,1.0,1.0,1.0
external,ogbn-arxiv,StructBK,676,10,1.0,1.0,1.0
external,ogbn-arxiv,StructBK,677,10,1.0,1.0,1.0
external,ogbn-arxiv,StructBK,678,10,1.0,1.0,1.0
external,ogbn-arxiv,StructBK,679,10,1.0,1.0,1.0
external,ogbn-arxiv,StructBK,680,10,1.0,0.9090909090909091,0.9523809523809523
external,ogbn-arxiv,StructBK,681,10,1.0,0.9090909090909091,0.9523809523809523
external,ogbn-arxiv,StructBK,682,10,1.0,0.9090909090909091,0.9523809523809523
external,ogbn-arxiv,StructBK,683,10,1.0,1.0,1.0
external,ogbn-arxiv,StructBK,684,10,1.0,1.0,1.0
external,ogbn-arxiv,StructBK,685,10,1.0,1.0,1.0
external,ogbn-arxiv,StructBK,686,10,1.0,1.0,1.0
external,ogbn-arxiv,StructBK,687,10,1.0,1.0,1.0
external,ogbn-arxiv,StructBK,688,10,1.0,1.0,1.0
external,ogbn-arxiv,StructBK,689,10,1.0,1.0,1.0
external,ogbn-arxiv,StructBK,690,10,1.0,1.0,1.0
external,ogbn-arxiv,StructBK,691,10,1.0,1.0,1.0
external,ogbn-arxiv,StructBK,692,10,1.0,1.0,1.0
external,ogbn-arxiv,StructBK,693,10,1.0,1.0,1.0
external,ogbn-arxiv,StructBK,694,10,1.0,0.8333333333333334,0.9090909090909091
external,ogbn-arxiv,StructBK,695,10,1.0,1.0,1.0
external,ogbn-arxiv,StructBK,696,10,1.0,1.0,1.0
external,ogbn-arxiv,FastQC,0,18,1.0,0.8947368421052632,0.9444444444444444
external,ogbn-arxiv,FastQC,1,18,1.0,0.8947368421052632,0.9444444444444444
external,ogbn-arxiv,FastQC,2,18,1.0,1.0,1.0
external,ogbn-arxiv,FastQC,3,18,1.0,1.0,1.0
external,ogbn-arxiv,FastQC,4,18,1.0,0.8947368421052632,0.9444444444444444
external,ogbn-arxiv,FastQC,5,18,1.0,0.8947368421052632,0.9444444444444444
external,ogbn-arxiv,FastQC,6,18,1.0,1.0,1.0
external,ogbn-arxiv,FastQC,7,18,1.0,1.0,1.0
external,ogbn-arxiv,FastQC,8,18,1.0,0.8571428571428571,0.9230769230769231
external,ogbn-arxiv,FastQC,9,18,1.0,0.8571428571428571,0.9230769230769231
external,ogbn-arxiv,FastQC,10,18,1.0,0.8571428571428571,0.9230769230769231
external,ogbn-arxiv,FastQC,11,18,1.0,0.8571428571428571,0.9230769230769231
external,ogbn-arxiv,FastQC,12,17,1.0,1.0,1.0
external,ogbn-arxiv,FastQC,13,17,1.0,1.0,1.0
external,ogbn-arxiv,FastQC,14,17,1.0,1.0,1.0
external,ogbn-arxiv,FastQC,15,17,1.0,1.0,1.0
external,ogbn-arxiv,FastQC,16,17,1.0,1.0,1.0
external,ogbn-arxiv,FastQC,17,17,1.0,1.0,1.0
external,ogbn-arxiv,FastQC,18,17,1.0,1.0,1.0
external,ogbn-arxiv,FastQC,19,17,1.0,1.0,1.0
external,ogbn-arxiv,FastQC,20,17,1.0,1.0,1.0
external,ogbn-arxiv,FastQC,21,17,1.0,1.0,1.0
external,ogbn-arxiv,FastQC,22,17,1.0,1.0,1.0
external,ogbn-arxiv,FastQC,23,17,1.0,1.0,1.0
external,ogbn-arxiv,FastQC,24,17,1.0,0.8333333333333334,0.9090909090909091
external,ogbn-arxiv,FastQC,25,17,1.0,0.8333333333333334,0.9090909090909091
external,ogbn-arxiv,FastQC,26,17,1.0,1.0,1.0
external,ogbn-arxiv,FastQC,27,17,1.0,0.8888888888888888,0.9411764705882353
external,ogbn-arxiv,FastQC,28,17,1.0,0.8888888888888888,0.9411764705882353
external,ogbn-arxiv,FastQC,29,17,1.0,0.8888888888888888,0.9411764705882353
external,ogbn-arxiv,FastQC,30,17,1.0,0.8888888888888888,0.9411764705882353
external,ogbn-arxiv,FastQC,31,17,1.0,1.0,1.0
external,ogbn-arxiv,FastQC,32,17,1.0,0.8888888888888888,0.9411764705882353
external,ogbn-arxiv,FastQC,33,17,1.0,0.8888888888888888,0.9411764705882353
external,ogbn-arxiv,FastQC,34,17,1.0,1.0,1.0
external,ogbn-arxiv,FastQC,35,17,1.0,1.0,1.0
external,ogbn-arxiv,FastQC,36,17,1.0,1.0,1.0
external,ogbn-arxiv,FastQC,37,17,1.0,1.0,1.0
external,ogbn-arxiv,FastQC,38,17,1.0,1.0,1.0
external,ogbn-arxiv,FastQC,39,17,1.0,1.0,1.0
external,ogbn-arxiv,FastQC,40,17,1.0,1.0,1.0
external,ogbn-arxiv,FastQC,41,17,1.0,1.0,1.0
external,ogbn-arxiv,FastQC,42,17,1.0,1.0,1.0
external,ogbn-arxiv,FastQC,43,17,1.0,1.0,1.0
external,ogbn-arxiv,FastQC,44,17,1.0,1.0,1.0
external,ogbn-arxiv,FastQC,45,17,1.0,1.0,1.0
external,ogbn-arxiv,FastQC,46,17,1.0,0.8888888888888888,0.9411764705882353
external,ogbn-arxiv,FastQC,47,17,1.0,0.8888888888888888,0.9411764705882353
external,ogbn-arxiv,FastQC,48,17,1.0,1.0,1.0
external,ogbn-arxiv,FastQC,49,17,1.0,0.8888888888888888,0.9411764705882353
external,ogbn-arxiv,FastQC,50,17,1.0,0.8888888888888888,0.9411764705882353
external,ogbn-arxiv,FastQC,51,17,1.0,1.0,1.0
external,ogbn-arxiv,FastQC,52,17,1.0,1.0,1.0
external,ogbn-arxiv,FastQC,53,17,1.0,1.0,1.0
external,ogbn-arxiv,FastQC,54,17,1.0,1.0,1.0
external,ogbn-arxiv,FastQC,55,17,1.0,1.0,1.0
external,ogbn-arxiv,FastQC,56,17,1.0,1.0,1.0
external,ogbn-arxiv,FastQC,57,17,1.0,1.0,1.0
external,ogbn-arxiv,FastQC,58,17,1.0,1.0,1.0
external,ogbn-arxiv,FastQC,59,17,1.0,1.0,1.0
external,ogbn-arxiv,FastQC,60,17,1.0,1.0,1.0
external,ogbn-arxiv,FastQC,61,17,1.0,1.0,1.0
external,ogbn-arxiv,FastQC,62,17,1.0,1.0,1.0
external,ogbn-arxiv,FastQC,63,17,1.0,1.0,1.0
external,ogbn-arxiv,FastQC,64,16,1.0,1.0,1.0
external,ogbn-arxiv,FastQC,65,16,1.0,1.0,1.0
external,ogbn-arxiv,FastQC,66,16,1.0,1.0,1.0
external,ogbn-arxiv,FastQC,67,16,1.0,1.0,1.0
external,ogbn-arxiv,FastQC,68,16,1.0,1.0,1.0
external,ogbn-arxiv,FastQC,69,16,1.0,1.0,1.0
external,ogbn-arxiv,FastQC,70,16,1.0,1.0,1.0
external,ogbn-arxiv,FastQC,71,16,1.0,1.0,1.0
external,ogbn-arxiv,FastQC,72,16,1.0,1.0,1.0
external,ogbn-arxiv,FastQC,73,16,1.0,1.0,1.0
external,ogbn-arxiv,FastQC,74,16,1.0,1.0,1.0
external,ogbn-arxiv,FastQC,75,16,1.0,1.0,1.0
external,ogbn-arxiv,FastQC,76,16,1.0,1.0,1.0
external,ogbn-arxiv,FastQC,77,16,1.0,1.0,1.0
external,ogbn-arxiv,FastQC,78,16,1.0,1.0,1.0
external,ogbn-arxiv,FastQC,79,16,1.0,1.0,1.0
external,ogbn-arxiv,FastQC,80,16,1.0,1.0,1.0
external,ogbn-arxiv,FastQC,81,16,1.0,1.0,1.0
external,ogbn-arxiv,FastQC,82,16,1.0,1.0,1.0
external,ogbn-arxiv,FastQC,83,16,1.0,1.0,1.0
external,ogbn-arxiv,FastQC,84,16,1.0,1.0,1.0
external,ogbn-arxiv,FastQC,85,16,1.0,1.0,1.0
external,ogbn-arxiv,FastQC,86,16,1.0,1.0,1.0
external,ogbn-arxiv,FastQC,87,16,1.0,1.0,1.0
external,ogbn-arxiv,FastQC,88,16,1.0,1.0,1.0
external,ogbn-arxiv,FastQC,89,16,1.0,1.0,1.0
external,ogbn-arxiv,FastQC,90,16,1.0,1.0,1.0
external,ogbn-arxiv,FastQC,91,16,1.0,1.0,1.0
external,ogbn-arxiv,FastQC,92,16,1.0,1.0,1.0
external,ogbn-arxiv,FastQC,93,16,1.0,1.0,1.0
external,ogbn-arxiv,FastQC,94,16,1.0,1.0,1.0
external,ogbn-arxiv,FastQC,95,16,1.0,1.0,1.0
external,ogbn-arxiv,FastQC,96,16,1.0,1.0,1.0
external,ogbn-arxiv,FastQC,97,16,1.0,1.0,1.0
external,ogbn-arxiv,FastQC,98,16,1.0,1.0,1.0
external,ogbn-arxiv,FastQC,99,16,1.0,1.0,1.0
external,ogbn-arxiv,FastQC,100,16,1.0,1.0,1.0
external,ogbn-arxiv,FastQC,101,16,1.0,1.0,1.0
external,ogbn-arxiv,FastQC,102,16,1.0,1.0,1.0
external,ogbn-arxiv,FastQC,103,16,1.0,1.0,1.0
external,ogbn-arxiv,FastQC,104,16,1.0,1.0,1.0
external,ogbn-arxiv,FastQC,105,16,1.0,1.0,1.0
external,ogbn-arxiv,FastQC,106,16,1.0,1.0,1.0
external,ogbn-arxiv,FastQC,107,16,1.0,1.0,1.0
external,ogbn-arxiv,FastQC,108,16,1.0,1.0,1.0
external,ogbn-arxiv,FastQC,109,16,1.0,1.0,1.0
external,ogbn-arxiv,FastQC,110,16,1.0,1.0,1.0
external,ogbn-arxiv,FastQC,111,16,1.0,1.0,1.0
external,ogbn-arxiv,FastQC,112,16,1.0,1.0,1.0
external,ogbn-arxiv,FastQC,113,16,1.0,1.0,1.0
external,ogbn-arxiv,FastQC,114,16,1.0,1.0,1.0
external,ogbn-arxiv,FastQC,115,16,1.0,1.0,1.0
external,ogbn-arxiv,FastQC,116,16,1.0,1.0,1.0
external,ogbn-arxiv,FastQC,117,16,1.0,1.0,1.0
external,ogbn-arxiv,FastQC,118,16,1.0,1.0,1.0
external,ogbn-arxiv,FastQC,119,16,1.0,1.0,1.0
external,ogbn-arxiv,FastQC,120,16,1.0,1.0,1.0
external,ogbn-arxiv,FastQC,121,16,1.0,1.0,1.0
external,ogbn-arxiv,FastQC,122,16,1.0,1.0,1.0
external,ogbn-arxiv,FastQC,123,16,1.0,1.0,1.0
external,ogbn-arxiv,FastQC,124,16,1.0,1.0,1.0
external,ogbn-arxiv,FastQC,125,16,1.0,1.0,1.0
external,ogbn-arxiv,FastQC,126,16,1.0,1.0,1.0
external,ogbn-arxiv,FastQC,127,16,1.0,1.0,1.0
external,ogbn-arxiv,FastQC,128,16,1.0,1.0,1.0
external,ogbn-arxiv,FastQC,129,16,1.0,1.0,1.0
external,ogbn-arxiv,FastQC,130,16,1.0,1.0,1.0
external,ogbn-arxiv,FastQC,131,16,1.0,1.0,1.0
external,ogbn-arxiv,FastQC,132,16,1.0,1.0,1.0
external,ogbn-arxiv,FastQC,133,16,1.0,1.0,1.0
external,ogbn-arxiv,FastQC,134,16,1.0,1.0,1.0
external,ogbn-arxiv,FastQC,135,16,1.0,1.0,1.0
external,ogbn-arxiv,FastQC,136,16,1.0,1.0,1.0
external,ogbn-arxiv,FastQC,137,16,1.0,1.0,1.0
external,ogbn-arxiv,FastQC,138,15,1.0,1.0,1.0
external,ogbn-arxiv,FastQC,139,15,1.0,1.0,1.0
external,ogbn-arxiv,FastQC,140,15,1.0,1.0,1.0
external,ogbn-arxiv,FastQC,141,15,1.0,1.0,1.0
external,ogbn-arxiv,FastQC,142,15,1.0,1.0,1.0
external,ogbn-arxiv,FastQC,143,15,1.0,1.0,1.0
external,ogbn-arxiv,FastQC,144,15,1.0,1.0,1.0
external,ogbn-arxiv,FastQC,145,15,1.0,1.0,1.0
external,ogbn-arxiv,FastQC,146,15,1.0,1.0,1.0
external,ogbn-arxiv,FastQC,147,15,1.0,1.0,1.0
external,ogbn-arxiv,FastQC,148,15,1.0,1.0,1.0
external,ogbn-arxiv,FastQC,149,15,1.0,1.0,1.0
external,ogbn-arxiv,FastQC,150,15,1.0,1.0,1.0
external,ogbn-arxiv,FastQC,151,15,1.0,1.0,1.0
external,ogbn-arxiv,FastQC,152,15,1.0,1.0,1.0
external,ogbn-arxiv,FastQC,153,15,1.0,1.0,1.0
external,ogbn-arxiv,FastQC,154,15,1.0,1.0,1.0
external,ogbn-arxiv,FastQC,155,15,1.0,1.0,1.0
external,ogbn-arxiv,FastQC,156,15,1.0,1.0,1.0
external,ogbn-arxiv,FastQC,157,15,1.0,1.0,1.0
external,ogbn-arxiv,FastQC,158,15,1.0,1.0,1.0
external,ogbn-arxiv,FastQC,159,15,1.0,1.0,1.0
external,ogbn-arxiv,FastQC,160,15,1.0,1.0,1.0
external,ogbn-arxiv,FastQC,161,15,1.0,1.0,1.0
external,ogbn-arxiv,FastQC,162,15,1.0,1.0,1.0
external,ogbn-arxiv,FastQC,163,15,1.0,1.0,1.0
external,ogbn-arxiv,FastQC,164,15,1.0,1.0,1.0
external,ogbn-arxiv,FastQC,165,15,1.0,1.0,1.0
external,ogbn-arxiv,FastQC,166,15,1.0,1.0,1.0
external,ogbn-arxiv,FastQC,167,15,1.0,1.0,1.0
external,ogbn-arxiv,FastQC,168,15,1.0,1.0,1.0
external,ogbn-arxiv,FastQC,169,15,1.0,1.0,1.0
external,ogbn-arxiv,FastQC,170,15,1.0,1.0,1.0
external,ogbn-arxiv,FastQC,171,15,1.0,1.0,1.0
external,ogbn-arxiv,FastQC,172,15,1.0,1.0,1.0
external,ogbn-arxiv,FastQC,173,15,1.0,1.0,1.0
external,ogbn-arxiv,FastQC,174,15,1.0,1.0,1.0
external,ogbn-arxiv,FastQC,175,15,1.0,1.0,1.0
external,ogbn-arxiv,FastQC,176,15,1.0,1.0,1.0
external,ogbn-arxiv,FastQC,177,15,1.0,1.0,1.0
external,ogbn-arxiv,FastQC,178,15,1.0,1.0,1.0
external,ogbn-arxiv,FastQC,179,15,1.0,1.0,1.0
external,ogbn-arxiv,FastQC,180,15,1.0,1.0,1.0
external,ogbn-arxiv,FastQC,181,15,1.0,1.0,1.0
external,ogbn-arxiv,FastQC,182,15,1.0,1.0,1.0
external,ogbn-arxiv,FastQC,183,15,1.0,1.0,1.0
external,ogbn-arxiv,FastQC,184,15,1.0,1.0,1.0
external,ogbn-arxiv,FastQC,185,15,1.0,1.0,1.0
external,ogbn-arxiv,FastQC,186,15,1.0,1.0,1.0
external,ogbn-arxiv,FastQC,187,15,1.0,1.0,1.0
external,ogbn-arxiv,FastQC,188,15,1.0,1.0,1.0
external,ogbn-arxiv,FastQC,189,15,1.0,1.0,1.0
external,ogbn-arxiv,FastQC,190,15,1.0,1.0,1.0
external,ogbn-arxiv,FastQC,191,15,1.0,1.0,1.0
external,ogbn-arxiv,FastQC,192,15,1.0,1.0,1.0
external,ogbn-arxiv,FastQC,193,15,1.0,1.0,1.0
external,ogbn-arxiv,FastQC,194,15,1.0,1.0,1.0
external,ogbn-arxiv,FastQC,195,15,1.0,1.0,1.0
external,ogbn-arxiv,FastQC,196,15,1.0,1.0,1.0
external,ogbn-arxiv,FastQC,197,15,1.0,1.0,1.0
external,ogbn-arxiv,FastQC,198,15,1.0,1.0,1.0
external,ogbn-arxiv,FastQC,199,15,1.0,1.0,1.0
external,ogbn-arxiv,FastQC,200,15,1.0,1.0,1.0
external,ogbn-arxiv,FastQC,201,15,1.0,1.0,1.0
external,ogbn-arxiv,FastQC,202,15,1.0,1.0,1.0
external,ogbn-arxiv,FastQC,203,15,1.0,1.0,1.0
external,ogbn-arxiv,FastQC,204,15,1.0,1.0,1.0
external,ogbn-arxiv,FastQC,205,15,1.0,1.0,1.0
external,ogbn-arxiv,FastQC,206,15,1.0,1.0,1.0
external,ogbn-arxiv,FastQC,207,15,1.0,1.0,1.0
external,ogbn-arxiv,FastQC,208,15,1.0,1.0,1.0
external,ogbn-arxiv,FastQC,209,14,1.0,1.0,1.0
external,ogbn-arxiv,FastQC,210,14,1.0,1.0,1.0
external,ogbn-arxiv,FastQC,211,14,1.0,1.0,1.0
external,ogbn-arxiv,FastQC,212,14,1.0,1.0,1.0
external,ogbn-arxiv,FastQC,213,14,1.0,1.0,1.0
external,ogbn-arxiv,FastQC,214,14,1.0,1.0,1.0
external,ogbn-arxiv,FastQC,215,14,1.0,1.0,1.0
external,ogbn-arxiv,FastQC,216,14,1.0,1.0,1.0
external,ogbn-arxiv,FastQC,217,14,1.0,1.0,1.0
external,ogbn-arxiv,FastQC,218,14,1.0,1.0,1.0
external,ogbn-arxiv,FastQC,219,14,1.0,1.0,1.0
external,ogbn-arxiv,FastQC,220,14,1.0,1.0,1.0
external,ogbn-arxiv,FastQC,221,14,1.0,1.0,1.0
external,ogbn-arxiv,FastQC,222,14,1.0,1.0,1.0
external,ogbn-arxiv,FastQC,223,14,1.0,1.0,1.0
external,ogbn-arxiv,FastQC,224,14,1.0,1.0,1.0
external,ogbn-arxiv,FastQC,225,14,1.0,1.0,1.0
external,ogbn-arxiv,FastQC,226,14,1.0,1.0,1.0
external,ogbn-arxiv,FastQC,227,14,1.0,1.0,1.0
external,ogbn-arxiv,FastQC,228,14,1.0,1.0,1.0
external,ogbn-arxiv,FastQC,229,14,1.0,1.0,1.0
external,ogbn-arxiv,FastQC,230,14,1.0,1.0,1.0
external,ogbn-arxiv,FastQC,231,14,1.0,1.0,1.0
external,ogbn-arxiv,FastQC,232,14,1.0,1.0,1.0
external,ogbn-arxiv,FastQC,233,14,1.0,1.0,1.0
external,ogbn-arxiv,FastQC,234,14,1.0,1.0,1.0
external,ogbn-arxiv,FastQC,235,14,1.0,1.0,1.0
external,ogbn-arxiv,FastQC,236,14,1.0,1.0,1.0
external,ogbn-arxiv,FastQC,237,14,1.0,1.0,1.0
external,ogbn-arxiv,FastQC,238,14,1.0,1.0,1.0
external,ogbn-arxiv,FastQC,239,14,1.0,1.0,1.0
external,ogbn-arxiv,FastQC,240,14,1.0,1.0,1.0
external,ogbn-arxiv,FastQC,241,14,1.0,1.0,1.0
external,ogbn-arxiv,FastQC,242,14,1.0,1.0,1.0
external,ogbn-arxiv,FastQC,243,14,1.0,1.0,1.0
external,ogbn-arxiv,FastQC,244,14,1.0,1.0,1.0
external,ogbn-arxiv,FastQC,245,14,1.0,1.0,1.0
external,ogbn-arxiv,FastQC,246,14,1.0,1.0,1.0
external,ogbn-arxiv,FastQC,247,14,1.0,1.0,1.0
external,ogbn-arxiv,FastQC,248,14,1.0,1.0,1.0
external,ogbn-arxiv,FastQC,249,14,1.0,1.0,1.0
external,ogbn-arxiv,FastQC,250,14,1.0,1.0,1.0
external,ogbn-arxiv,FastQC,251,14,1.0,1.0,1.0
external,ogbn-arxiv,FastQC,252,14,1.0,1.0,1.0
external,ogbn-arxiv,FastQC,253,14,1.0,1.0,1.0
external,ogbn-arxiv,FastQC,254,14,1.0,1.0,1.0
external,ogbn-arxiv,FastQC,255,14,1.0,1.0,1.0
external,ogbn-arxiv,FastQC,256,14,1.0,1.0,1.0
external,ogbn-arxiv,FastQC,257,14,1.0,1.0,1.0
external,ogbn-arxiv,FastQC,258,14,1.0,1.0,1.0
external,ogbn-arxiv,FastQC,259,14,1.0,1.0,1.0
external,ogbn-arxiv,FastQC,260,14,1.0,1.0,1.0
external,ogbn-arxiv,FastQC,261,14,1.0,1.0,1.0
external,ogbn-arxiv,FastQC,262,14,1.0,1.0,1.0
external,ogbn-arxiv,FastQC,263,13,1.0,1.0,1.0
external,ogbn-arxiv,FastQC,264,13,1.0,1.0,1.0
external,ogbn-arxiv,FastQC,265,13,1.0,1.0,1.0
external,ogbn-arxiv,FastQC,266,13,1.0,1.0,1.0
external,ogbn-arxiv,FastQC,267,13,1.0,1.0,1.0
external,ogbn-arxiv,FastQC,268,13,1.0,1.0,1.0
external,ogbn-arxiv,FastQC,269,13,1.0,1.0,1.0
external,ogbn-arxiv,FastQC,270,13,1.0,1.0,1.0
external,ogbn-arxiv,FastQC,271,13,1.0,1.0,1.0
external,ogbn-arxiv,FastQC,272,13,1.0,1.0,1.0
external,ogbn-arxiv,FastQC,273,13,1.0,1.0,1.0
external,ogbn-arxiv,FastQC,274,13,1.0,1.0,1.0
external,ogbn-arxiv,FastQC,275,13,1.0,1.0,1.0
external,ogbn-arxiv,FastQC,276,13,1.0,1.0,1.0
external,ogbn-arxiv,FastQC,277,13,1.0,1.0,1.0
external,ogbn-arxiv,FastQC,278,13,1.0,1.0,1.0
external,ogbn-arxiv,FastQC,279,13,1.0,1.0,1.0
external,ogbn-arxiv,FastQC,280,13,1.0,1.0,1.0
external,ogbn-arxiv,FastQC,281,13,1.0,1.0,1.0
external,ogbn-arxiv,FastQC,282,13,1.0,1.0,1.0
external,ogbn-arxiv,FastQC,283,13,1.0,1.0,1.0
external,ogbn-arxiv,FastQC,284,13,1.0,1.0,1.0
external,ogbn-arxiv,FastQC,285,13,1.0,1.0,1.0
external,ogbn-arxiv,FastQC,286,13,1.0,1.0,1.0
external,ogbn-arxiv,FastQC,287,13,1.0,1.0,1.0
external,ogbn-arxiv,FastQC,288,13,1.0,1.0,1.0
external,ogbn-arxiv,FastQC,289,13,1.0,1.0,1.0
external,ogbn-arxiv,FastQC,290,13,1.0,1.0,1.0
external,ogbn-arxiv,FastQC,291,13,1.0,1.0,1.0
external,ogbn-arxiv,FastQC,292,13,1.0,1.0,1.0
external,ogbn-arxiv,FastQC,293,13,1.0,1.0,1.0
external,ogbn-arxiv,FastQC,294,13,1.0,1.0,1.0
external,ogbn-arxiv,FastQC,295,13,1.0,1.0,1.0
external,ogbn-arxiv,FastQC,296,13,1.0,1.0,1.0
external,ogbn-arxiv,FastQC,297,13,1.0,1.0,1.0
external,ogbn-arxiv,FastQC,298,13,1.0,1.0,1.0
external,ogbn-arxiv,FastQC,299,13,1.0,1.0,1.0
external,ogbn-arxiv,FastQC,300,13,1.0,1.0,1.0
external,ogbn-arxiv,FastQC,301,13,1.0,1.0,1.0
external,ogbn-arxiv,FastQC,302,13,1.0,1.0,1.0
external,ogbn-arxiv,FastQC,303,13,1.0,0.8666666666666667,0.9285714285714286
external,ogbn-arxiv,FastQC,304,13,1.0,0.8666666666666667,0.9285714285714286
external,ogbn-arxiv,FastQC,305,13,1.0,0.8666666666666667,0.9285714285714286
external,ogbn-arxiv,FastQC,306,13,1.0,0.8666666666666667,0.9285714285714286
external,ogbn-arxiv,FastQC,307,13,1.0,0.8666666666666667,0.9285714285714286
external,ogbn-arxiv,FastQC,308,13,1.0,0.8666666666666667,0.9285714285714286
external,ogbn-arxiv,FastQC,309,13,1.0,0.8666666666666667,0.9285714285714286
external,ogbn-arxiv,FastQC,310,12,1.0,1.0,1.0
external,ogbn-arxiv,FastQC,311,12,1.0,1.0,1.0
external,ogbn-arxiv,FastQC,312,12,1.0,1.0,1.0
external,ogbn-arxiv,FastQC,313,12,1.0,1.0,1.0
external,ogbn-arxiv,FastQC,314,12,1.0,1.0,1.0
external,ogbn-arxiv,FastQC,315,12,1.0,1.0,1.0
external,ogbn-arxiv,FastQC,316,12,1.0,1.0,1.0
external,ogbn-arxiv,FastQC,317,12,1.0,1.0,1.0
external,ogbn-arxiv,FastQC,318,12,1.0,1.0,1.0
external,ogbn-arxiv,FastQC,319,12,1.0,1.0,1.0
external,ogbn-arxiv,FastQC,320,12,1.0,1.0,1.0
external,ogbn-arxiv,FastQC,321,12,1.0,1.0,1.0
external,ogbn-arxiv,FastQC,322,12,1.0,1.0,1.0
external,ogbn-arxiv,FastQC,323,12,1.0,1.0,1.0
external,ogbn-arxiv,FastQC,324,12,1.0,1.0,1.0
external,ogbn-arxiv,FastQC,325,12,1.0,1.0,1.0
external,ogbn-arxiv,FastQC,326,12,1.0,1.0,1.0
external,ogbn-arxiv,FastQC,327,12,1.0,1.0,1.0
external,ogbn-arxiv,FastQC,328,12,1.0,1.0,1.0
external,ogbn-arxiv,FastQC,329,12,1.0,1.0,1.0
external,ogbn-arxiv,FastQC,330,12,1.0,1.0,1.0
external,ogbn-arxiv,FastQC,331,12,1.0,1.0,1.0
external,ogbn-arxiv,FastQC,332,12,1.0,1.0,1.0
external,ogbn-arxiv,FastQC,333,12,1.0,1.0,1.0
external,ogbn-arxiv,FastQC,334,12,1.0,1.0,1.0
external,ogbn-arxiv,FastQC,335,12,1.0,1.0,1.0
external,ogbn-arxiv,FastQC,336,12,1.0,1.0,1.0
external,ogbn-arxiv,FastQC,337,12,1.0,1.0,1.0
external,ogbn-arxiv,FastQC,338,12,1.0,1.0,1.0
external,ogbn-arxiv,FastQC,339,12,1.0,1.0,1.0
external,ogbn-arxiv,FastQC,340,12,1.0,0.9230769230769231,0.96
external,ogbn-arxiv,FastQC,341,12,1.0,1.0,1.0
external,ogbn-arxiv,FastQC,342,12,1.0,1.0,1.0
external,ogbn-arxiv,FastQC,343,12,1.0,1.0,1.0
external,ogbn-arxiv,FastQC,344,12,1.0,1.0,1.0
external,ogbn-arxiv,FastQC,345,12,1.0,1.0,1.0
external,ogbn-arxiv,FastQC,346,12,1.0,1.0,1.0
external,ogbn-arxiv,FastQC,347,12,1.0,1.0,1.0
external,ogbn-arxiv,FastQC,348,12,1.0,1.0,1.0
external,ogbn-arxiv,FastQC,349,12,1.0,1.0,1.0
external,ogbn-arxiv,FastQC,350,12,1.0,1.0,1.0
external,ogbn-arxiv,FastQC,351,12,1.0,1.0,1.0
external,ogbn-arxiv,FastQC,352,12,1.0,0.8,0.8888888888888888
external,ogbn-arxiv,FastQC,353,11,1.0,0.9166666666666666,0.9565217391304348
external,ogbn-arxiv,FastQC,354,11,1.0,0.8461538461538461,0.9166666666666666
external,ogbn-arxiv,FastQC,355,11,1.0,0.9166666666666666,0.9565217391304348
external,ogbn-arxiv,FastQC,356,11,1.0,0.9166666666666666,0.9565217391304348
external,ogbn-arxiv,FastQC,357,11,1.0,0.9166666666666666,0.9565217391304348
external,ogbn-arxiv,FastQC,358,11,1.0,1.0,1.0
external,ogbn-arxiv,FastQC,359,11,1.0,1.0,1.0
external,ogbn-arxiv,FastQC,360,11,1.0,1.0,1.0
external,ogbn-arxiv,FastQC,361,11,1.0,1.0,1.0
external,ogbn-arxiv,FastQC,362,11,1.0,1.0,1.0
external,ogbn-arxiv,FastQC,363,11,1.0,1.0,1.0
external,ogbn-arxiv,FastQC,364,11,1.0,1.0,1.0
external,ogbn-arxiv,FastQC,365,11,1.0,1.0,1.0
external,ogbn-arxiv,FastQC,366,11,1.0,1.0,1.0
external,ogbn-arxiv,FastQC,367,11,1.0,1.0,1.0
external,ogbn-arxiv,FastQC,368,11,1.0,1.0,1.0
external,ogbn-arxiv,FastQC,369,11,1.0,1.0,1.0
external,ogbn-arxiv,FastQC,370,11,1.0,1.0,1.0
external,ogbn-arxiv,FastQC,371,11,1.0,1.0,1.0
external,ogbn-arxiv,FastQC,372,11,1.0,1.0,1.0
external,ogbn-arxiv,FastQC,373,11,1.0,1.0,1.0
external,ogbn-arxiv,FastQC,374,11,1.0,1.0,1.0
external,ogbn-arxiv,FastQC,375,11,1.0,1.0,1.0
external,ogbn-arxiv,FastQC,376,11,1.0,1.0,1.0
external,ogbn-arxiv,FastQC,377,11,1.0,1.0,1.0
external,ogbn-arxiv,FastQC,378,11,1.0,1.0,1.0
external,ogbn-arxiv,FastQC,379,11,1.0,1.0,1.0
external,ogbn-arxiv,FastQC,380,11,1.0,1.0,1.0
external,ogbn-arxiv,FastQC,381,11,1.0,1.0,1.0
external,ogbn-arxiv,FastQC,382,11,1.0,1.0,1.0
external,ogbn-arxiv,FastQC,383,11,1.0,1.0,1.0
external,ogbn-arxiv,FastQC,384,11,1.0,1.0,1.0
external,ogbn-arxiv,FastQC,385,11,1.0,1.0,1.0
external,ogbn-arxiv,FastQC,386,11,1.0,1.0,1.0
external,ogbn-arxiv,FastQC,387,11,1.0,1.0,1.0
external,ogbn-arxiv,FastQC,388,11,1.0,1.0,1.0
external,ogbn-arxiv,FastQC,389,11,1.0,1.0,1.0
external,ogbn-arxiv,FastQC,390,11,1.0,1.0,1.0
external,ogbn-arxiv,FastQC,391,11,1.0,1.0,1.0
external,ogbn-arxiv,FastQC,392,11,1.0,1.0,1.0
external,ogbn-arxiv,FastQC,393,11,1.0,1.0,1.0
external,ogbn-arxiv,FastQC,394,11,1.0,1.0,1.0
external,ogbn-arxiv,FastQC,395,11,1.0,1.0,1.0
external,ogbn-arxiv,FastQC,396,11,1.0,1.0,1.0
external,ogbn-arxiv,FastQC,397,11,1.0,1.0,1.0
external,ogbn-arxiv,FastQC,398,11,1.0,1.0,1.0
external,ogbn-arxiv,FastQC,399,11,1.0,1.0,1.0
external,ogbn-arxiv,FastQC,400,11,1.0,1.0,1.0
external,ogbn-arxiv,FastQC,401,11,1.0,1.0,1.0
external,ogbn-arxiv,FastQC,402,11,1.0,1.0,1.0
external,ogbn-arxiv,FastQC,403,11,1.0,1.0,1.0
external,ogbn-arxiv,FastQC,404,11,1.0,1.0,1.0
external,ogbn-arxiv,FastQC,405,11,1.0,1.0,1.0
external,ogbn-arxiv,FastQC,406,11,1.0,1.0,1.0
external,ogbn-arxiv,FastQC,407,11,1.0,1.0,1.0
external,ogbn-arxiv,FastQC,408,11,1.0,1.0,1.0
external,ogbn-arxiv,FastQC,409,11,1.0,0.8461538461538461,0.9166666666666666
external,ogbn-arxiv,FastQC,410,11,1.0,0.8461538461538461,0.9166666666666666
external,ogbn-arxiv,FastQC,411,11,1.0,0.8461538461538461,0.9166666666666666
external,ogbn-arxiv,FastQC,412,11,1.0,1.0,1.0
external,ogbn-arxiv,FastQC,413,11,1.0,1.0,1.0
external,ogbn-arxiv,FastQC,414,11,1.0,1.0,1.0
external,ogbn-arxiv,FastQC,415,11,1.0,1.0,1.0
external,ogbn-arxiv,FastQC,416,11,1.0,1.0,1.0
external,ogbn-arxiv,FastQC,417,11,1.0,1.0,1.0
external,ogbn-arxiv,FastQC,418,11,1.0,1.0,1.0
external,ogbn-arxiv,FastQC,419,11,1.0,1.0,1.0
external,ogbn-arxiv,FastQC,420,11,1.0,1.0,1.0
external,ogbn-arxiv,FastQC,421,11,1.0,1.0,1.0
external,ogbn-arxiv,FastQC,422,11,1.0,1.0,1.0
external,ogbn-arxiv,FastQC,423,11,1.0,1.0,1.0
external,ogbn-arxiv,FastQC,424,11,1.0,1.0,1.0
external,ogbn-arxiv,FastQC,425,11,1.0,1.0,1.0
external,ogbn-arxiv,FastQC,426,11,1.0,1.0,1.0
external,ogbn-arxiv,FastQC,427,11,1.0,1.0,1.0
external,ogbn-arxiv,FastQC,428,11,1.0,1.0,1.0
external,ogbn-arxiv,FastQC,429,11,1.0,1.0,1.0
external,ogbn-arxiv,FastQC,430,11,1.0,1.0,1.0
external,ogbn-arxiv,FastQC,431,11,1.0,1.0,1.0
external,ogbn-arxiv,FastQC,432,11,1.0,1.0,1.0
external,ogbn-arxiv,FastQC,433,11,1.0,0.9166666666666666,0.9565217391304348
external,ogbn-arxiv,FastQC,434,11,1.0,0.9166666666666666,0.9565217391304348
external,ogbn-arxiv,FastQC,435,11,1.0,0.9166666666666666,0.9565217391304348
external,ogbn-arxiv,FastQC,436,11,1.0,1.0,1.0
external,ogbn-arxiv,FastQC,437,11,1.0,1.0,1.0
external,ogbn-arxiv,FastQC,438,11,1.0,1.0,1.0
external,ogbn-arxiv,FastQC,439,11,1.0,1.0,1.0
external,ogbn-arxiv,FastQC,440,11,1.0,1.0,1.0
external,ogbn-arxiv,FastQC,441,11,1.0,1.0,1.0
external,ogbn-arxiv,FastQC,442,11,1.0,0.9166666666666666,0.9565217391304348
external,ogbn-arxiv,FastQC,443,11,1.0,1.0,1.0
external,ogbn-arxiv,FastQC,444,11,1.0,1.0,1.0
external,ogbn-arxiv,FastQC,445,11,1.0,1.0,1.0
external,ogbn-arxiv,FastQC,446,11,1.0,1.0,1.0
external,ogbn-arxiv,FastQC,447,11,1.0,1.0,1.0
external,ogbn-arxiv,FastQC,448,11,1.0,1.0,1.0
external,ogbn-arxiv,FastQC,449,11,1.0,1.0,1.0
external,ogbn-arxiv,FastQC,450,11,1.0,1.0,1.0
external,ogbn-arxiv,FastQC,451,11,1.0,1.0,1.0
external,ogbn-arxiv,FastQC,452,11,1.0,1.0,1.0
external,ogbn-arxiv,FastQC,453,11,1.0,1.0,1.0
external,ogbn-arxiv,FastQC,454,11,1.0,1.0,1.0
external,ogbn-arxiv,FastQC,455,11,1.0,0.9166666666666666,0.9565217391304348
external,ogbn-arxiv,FastQC,456,11,1.0,0.9166666666666666,0.9565217391304348
external,ogbn-arxiv,FastQC,457,11,1.0,0.9166666666666666,0.9565217391304348
external,ogbn-arxiv,FastQC,458,11,1.0,1.0,1.0
external,ogbn-arxiv,FastQC,459,10,1.0,1.0,1.0
external,ogbn-arxiv,FastQC,460,10,1.0,1.0,1.0
external,ogbn-arxiv,FastQC,461,10,1.0,1.0,1.0
external,ogbn-arxiv,FastQC,462,10,1.0,1.0,1.0
external,ogbn-arxiv,FastQC,463,10,1.0,1.0,1.0
external,ogbn-arxiv,FastQC,464,10,1.0,1.0,1.0
external,ogbn-arxiv,FastQC,465,10,1.0,1.0,1.0
external,ogbn-arxiv,FastQC,466,10,1.0,1.0,1.0
external,ogbn-arxiv,FastQC,467,10,1.0,1.0,1.0
external,ogbn-arxiv,FastQC,468,10,1.0,1.0,1.0
external,ogbn-arxiv,FastQC,469,10,1.0,1.0,1.0
external,ogbn-arxiv,FastQC,470,10,1.0,1.0,1.0
external,ogbn-arxiv,FastQC,471,10,1.0,1.0,1.0
external,ogbn-arxiv,FastQC,472,10,1.0,1.0,1.0
external,ogbn-arxiv,FastQC,473,10,1.0,1.0,1.0
external,ogbn-arxiv,FastQC,474,10,1.0,1.0,1.0
external,ogbn-arxiv,FastQC,475,10,1.0,1.0,1.0
external,ogbn-arxiv,FastQC,476,10,1.0,1.0,1.0
external,ogbn-arxiv,FastQC,477,10,1.0,1.0,1.0
external,ogbn-arxiv,FastQC,478,10,1.0,1.0,1.0
external,ogbn-arxiv,FastQC,479,10,1.0,1.0,1.0
external,ogbn-arxiv,FastQC,480,10,1.0,1.0,1.0
external,ogbn-arxiv,FastQC,481,10,1.0,1.0,1.0
external,ogbn-arxiv,FastQC,482,10,1.0,1.0,1.0
external,ogbn-arxiv,FastQC,483,10,1.0,0.9090909090909091,0.9523809523809523
external,ogbn-arxiv,FastQC,484,10,1.0,0.9090909090909091,0.9523809523809523
external,ogbn-arxiv,FastQC,485,10,1.0,0.8333333333333334,0.9090909090909091
external,ogbn-arxiv,FastQC,486,10,1.0,0.7692307692307693,0.8695652173913043
external,ogbn-arxiv,FastQC,487,10,1.0,0.7692307692307693,0.8695652173913043
external,ogbn-arxiv,FastQC,488,10,1.0,0.7692307692307693,0.8695652173913043
external,ogbn-arxiv,FastQC,489,10,1.0,0.7692307692307693,0.8695652173913043
external,ogbn-arxiv,FastQC,490,10,1.0,0.7692307692307693,0.8695652173913043
external,ogbn-arxiv,FastQC,491,10,1.0,0.7692307692307693,0.8695652173913043
external,ogbn-arxiv,FastQC,492,10,1.0,0.7692307692307693,0.8695652173913043
external,ogbn-arxiv,FastQC,493,10,1.0,0.8333333333333334,0.9090909090909091
external,ogbn-arxiv,FastQC,494,10,1.0,0.7692307692307693,0.8695652173913043
external,ogbn-arxiv,FastQC,495,10,1.0,0.7692307692307693,0.8695652173913043
external,ogbn-arxiv,FastQC,496,10,1.0,0.7692307692307693,0.8695652173913043
external,ogbn-arxiv,FastQC,497,10,1.0,0.7692307692307693,0.8695652173913043
external,ogbn-arxiv,FastQC,498,10,1.0,1.0,1.0
external,ogbn-arxiv,FastQC,499,10,1.0,1.0,1.0
external,ogbn-arxiv,FastQC,500,10,1.0,1.0,1.0
external,ogbn-arxiv,FastQC,501,10,1.0,1.0,1.0
external,ogbn-arxiv,FastQC,502,10,1.0,1.0,1.0
external,ogbn-arxiv,FastQC,503,10,1.0,1.0,1.0
external,ogbn-arxiv,FastQC,504,10,1.0,0.8333333333333334,0.9090909090909091
external,ogbn-arxiv,FastQC,505,10,1.0,0.9090909090909091,0.9523809523809523
external,ogbn-arxiv,FastQC,506,10,1.0,0.9090909090909091,0.9523809523809523
external,ogbn-arxiv,FastQC,507,10,1.0,1.0,1.0
external,ogbn-arxiv,FastQC,508,10,1.0,0.9090909090909091,0.9523809523809523
external,ogbn-arxiv,FastQC,509,10,1.0,0.8333333333333334,0.9090909090909091
external,ogbn-arxiv,FastQC,510,10,1.0,0.9090909090909091,0.9523809523809523
external,ogbn-arxiv,FastQC,511,10,1.0,0.9090909090909091,0.9523809523809523
external,ogbn-arxiv,FastQC,512,10,1.0,0.9090909090909091,0.9523809523809523
external,ogbn-arxiv,FastQC,513,10,1.0,0.7692307692307693,0.8695652173913043
external,ogbn-arxiv,FastQC,514,10,1.0,0.9090909090909091,0.9523809523809523
external,ogbn-arxiv,FastQC,515,10,1.0,0.7692307692307693,0.8695652173913043
external,ogbn-arxiv,FastQC,516,10,1.0,0.7692307692307693,0.8695652173913043
external,ogbn-arxiv,FastQC,517,10,1.0,1.0,1.0
external,ogbn-arxiv,FastQC,518,10,1.0,1.0,1.0
external,ogbn-arxiv,FastQC,519,10,1.0,1.0,1.0
external,ogbn-arxiv,FastQC,520,10,1.0,1.0,1.0
external,ogbn-arxiv,FastQC,521,10,1.0,1.0,1.0
external,ogbn-arxiv,FastQC,522,10,1.0,1.0,1.0
external,ogbn-arxiv,FastQC,523,10,1.0,1.0,1.0
external,ogbn-arxiv,FastQC,524,10,1.0,1.0,1.0
external,ogbn-arxiv,FastQC,525,10,1.0,1.0,1.0
external,ogbn-arxiv,FastQC,526,10,1.0,1.0,1.0
external,ogbn-arxiv,FastQC,527,10,1.0,1.0,1.0
external,ogbn-arxiv,FastQC,528,10,1.0,1.0,1.0
external,ogbn-arxiv,FastQC,529,10,1.0,0.9090909090909091,0.9523809523809523
external,ogbn-arxiv,FastQC,530,10,1.0,0.9090909090909091,0.9523809523809523
external,ogbn-arxiv,FastQC,531,10,1.0,0.8333333333333334,0.9090909090909091
external,ogbn-arxiv,FastQC,532,10,1.0,0.8333333333333334,0.9090909090909091
external,ogbn-arxiv,FastQC,533,10,1.0,0.8333333333333334,0.9090909090909091
external,ogbn-arxiv,FastQC,534,10,1.0,0.9090909090909091,0.9523809523809523
external,ogbn-arxiv,FastQC,535,10,1.0,0.9090909090909091,0.9523809523809523
external,ogbn-arxiv,FastQC,536,10,1.0,0.9090909090909091,0.9523809523809523
external,ogbn-arxiv,FastQC,537,10,1.0,0.8333333333333334,0.9090909090909091
external,ogbn-arxiv,FastQC,538,10,1.0,0.9090909090909091,0.9523809523809523
external,ogbn-arxiv,FastQC,539,10,1.0,0.9090909090909091,0.9523809523809523
external,ogbn-arxiv,FastQC,540,10,1.0,0.9090909090909091,0.9523809523809523
external,ogbn-arxiv,FastQC,541,10,1.0,0.9090909090909091,0.9523809523809523
external,ogbn-arxiv,FastQC,542,10,1.0,0.9090909090909091,0.9523809523809523
external,ogbn-arxiv,FastQC,543,10,1.0,0.9090909090909091,0.9523809523809523
external,ogbn-arxiv,FastQC,544,10,1.0,1.0,1.0
external,ogbn-arxiv,FastQC,545,10,1.0,1.0,1.0
external,ogbn-arxiv,FastQC,546,10,1.0,0.9090909090909091,0.9523809523809523
external,ogbn-arxiv,FastQC,547,10,1.0,1.0,1.0
external,ogbn-arxiv,FastQC,548,10,1.0,1.0,1.0
external,ogbn-arxiv,FastQC,549,10,1.0,1.0,1.0
external,ogbn-arxiv,FastQC,550,10,1.0,1.0,1.0
external,ogbn-arxiv,FastQC,551,10,1.0,1.0,1.0
external,ogbn-arxiv,FastQC,552,10,1.0,1.0,1.0
external,ogbn-arxiv,FastQC,553,10,1.0,0.8333333333333334,0.9090909090909091
external,ogbn-arxiv,FastQC,554,10,1.0,0.8333333333333334,0.9090909090909091
external,ogbn-arxiv,FastQC,555,10,1.0,0.8333333333333334,0.9090909090909091
external,ogbn-arxiv,FastQC,556,10,1.0,0.8333333333333334,0.9090909090909091
external,ogbn-arxiv,FastQC,557,10,1.0,1.0,1.0
external,ogbn-arxiv,FastQC,558,10,1.0,1.0,1.0
external,ogbn-arxiv,FastQC,559,10,1.0,1.0,1.0
external,ogbn-arxiv,FastQC,560,10,1.0,0.9090909090909091,0.9523809523809523
external,ogbn-arxiv,FastQC,561,10,1.0,0.9090909090909091,0.9523809523809523
external,ogbn-arxiv,FastQC,562,10,1.0,1.0,1.0
external,ogbn-arxiv,FastQC,563,10,1.0,1.0,1.0
external,ogbn-arxiv,FastQC,564,10,1.0,0.9090909090909091,0.9523809523809523
external,ogbn-arxiv,FastQC,565,10,1.0,1.0,1.0
external,ogbn-arxiv,FastQC,566,10,1.0,1.0,1.0
external,ogbn-arxiv,FastQC,567,10,1.0,1.0,1.0
external,ogbn-arxiv,FastQC,568,10,1.0,1.0,1.0
external,ogbn-arxiv,FastQC,569,10,1.0,1.0,1.0
external,ogbn-arxiv,FastQC,570,10,1.0,1.0,1.0
external,ogbn-arxiv,FastQC,571,10,1.0,1.0,1.0
external,ogbn-arxiv,FastQC,572,10,1.0,1.0,1.0
external,ogbn-arxiv,FastQC,573,10,1.0,1.0,1.0
external,ogbn-arxiv,FastQC,574,10,1.0,1.0,1.0
external,ogbn-arxiv,FastQC,575,10,1.0,1.0,1.0
external,ogbn-arxiv,FastQC,576,10,1.0,1.0,1.0
external,ogbn-arxiv,FastQC,577,10,1.0,1.0,1.0
external,ogbn-arxiv,FastQC,578,10,1.0,1.0,1.0
external,ogbn-arxiv,FastQC,579,10,1.0,1.0,1.0
external,ogbn-arxiv,FastQC,580,10,1.0,1.0,1.0
external,ogbn-arxiv,FastQC,581,10,1.0,1.0,1.0
external,ogbn-arxiv,FastQC,582,10,1.0,1.0,1.0
external,ogbn-arxiv,FastQC,583,10,1.0,1.0,1.0
external,ogbn-arxiv,FastQC,584,10,1.0,1.0,1.0
external,ogbn-arxiv,FastQC,585,10,1.0,1.0,1.0
external,ogbn-arxiv,FastQC,586,10,1.0,1.0,1.0
external,ogbn-arxiv,FastQC,587,10,1.0,1.0,1.0
external,ogbn-arxiv,FastQC,588,10,1.0,1.0,1.0
external,ogbn-arxiv,FastQC,589,10,1.0,1.0,1.0
external,ogbn-arxiv,FastQC,590,10,1.0,1.0,1.0
external,ogbn-arxiv,FastQC,591,10,1.0,1.0,1.0
external,ogbn-arxiv,FastQC,592,10,1.0,1.0,1.0
external,ogbn-arxiv,FastQC,593,10,1.0,1.0,1.0
external,ogbn-arxiv,FastQC,594,10,1.0,1.0,1.0
external,ogbn-arxiv,FastQC,595,10,1.0,1.0,1.0
external,ogbn-arxiv,FastQC,596,10,1.0,1.0,1.0
external,ogbn-arxiv,FastQC,597,10,1.0,1.0,1.0
external,ogbn-arxiv,FastQC,598,10,1.0,1.0,1.0
external,ogbn-arxiv,FastQC,599,10,1.0,1.0,1.0
external,ogbn-arxiv,FastQC,600,10,1.0,1.0,1.0
external,ogbn-arxiv,FastQC,601,10,1.0,1.0,1.0
external,ogbn-arxiv,FastQC,602,10,1.0,1.0,1.0
external,ogbn-arxiv,FastQC,603,10,1.0,1.0,1.0
external,ogbn-arxiv,FastQC,604,10,1.0,1.0,1.0
external,ogbn-arxiv,FastQC,605,10,1.0,1.0,1.0
external,ogbn-arxiv,FastQC,606,10,1.0,1.0,1.0
external,ogbn-arxiv,FastQC,607,10,1.0,1.0,1.0
external,ogbn-arxiv,FastQC,608,10,1.0,1.0,1.0
external,ogbn-arxiv,FastQC,609,10,1.0,1.0,1.0
external,ogbn-arxiv,FastQC,610,10,1.0,1.0,1.0
external,ogbn-arxiv,FastQC,611,10,1.0,1.0,1.0
external,ogbn-arxiv,FastQC,612,10,1.0,1.0,1.0
external,ogbn-arxiv,FastQC,613,10,1.0,1.0,1.0
external,ogbn-arxiv,FastQC,614,10,1.0,1.0,1.0
external,ogbn-arxiv,FastQC,615,10,1.0,1.0,1.0
external,ogbn-arxiv,FastQC,616,10,1.0,1.0,1.0
external,ogbn-arxiv,FastQC,617,10,1.0,1.0,1.0
external,ogbn-arxiv,FastQC,618,10,1.0,1.0,1.0
external,ogbn-arxiv,FastQC,619,10,1.0,1.0,1.0
external,ogbn-arxiv,FastQC,620,10,1.0,1.0,1.0
external,ogbn-arxiv,FastQC,621,10,1.0,1.0,1.0
external,ogbn-arxiv,FastQC,622,10,1.0,1.0,1.0
external,ogbn-arxiv,FastQC,623,10,1.0,1.0,1.0
external,ogbn-arxiv,FastQC,624,10,1.0,0.9090909090909091,0.9523809523809523
external,ogbn-arxiv,FastQC,625,10,1.0,1.0,1.0
external,ogbn-arxiv,FastQC,626,10,1.0,1.0,1.0
external,ogbn-arxiv,FastQC,627,10,1.0,1.0,1.0
external,ogbn-arxiv,FastQC,628,10,1.0,1.0,1.0
external,ogbn-arxiv,FastQC,629,10,1.0,0.9090909090909091,0.9523809523809523
external,ogbn-arxiv,FastQC,630,10,1.0,1.0,1.0
external,ogbn-arxiv,FastQC,631,10,1.0,1.0,1.0
external,ogbn-arxiv,FastQC,632,10,1.0,1.0,1.0
external,ogbn-arxiv,FastQC,633,10,1.0,1.0,1.0
external,ogbn-arxiv,FastQC,634,10,1.0,1.0,1.0
external,ogbn-arxiv,FastQC,635,10,1.0,1.0,1.0
external,ogbn-arxiv,FastQC,636,10,1.0,1.0,1.0
external,ogbn-arxiv,FastQC,637,10,1.0,0.9090909090909091,0.9523809523809523
external,ogbn-arxiv,FastQC,638,10,1.0,1.0,1.0
external,ogbn-arxiv,FastQC,639,10,1.0,0.9090909090909091,0.9523809523809523
external,ogbn-arxiv,FastQC,640,10,1.0,0.9090909090909091,0.9523809523809523
external,ogbn-arxiv,FastQC,641,10,1.0,0.9090909090909091,0.9523809523809523
external,ogbn-arxiv,FastQC,642,10,1.0,0.9090909090909091,0.9523809523809523
external,ogbn-arxiv,FastQC,643,10,1.0,0.9090909090909091,0.9523809523809523
external,ogbn-arxiv,FastQC,644,10,1.0,0.8333333333333334,0.9090909090909091
external,ogbn-arxiv,FastQC,645,10,1.0,0.8333333333333334,0.9090909090909091
external,ogbn-arxiv,FastQC,646,10,1.0,0.8333333333333334,0.9090909090909091
external,ogbn-arxiv,FastQC,647,10,1.0,0.8333333333333334,0.9090909090909091
external,ogbn-arxiv,FastQC,648,10,1.0,1.0,1.0
external,ogbn-arxiv,FastQC,649,10,1.0,0.9090909090909091,0.9523809523809523
external,ogbn-arxiv,FastQC,650,10,1.0,0.9090909090909091,0.9523809523809523
external,ogbn-arxiv,FastQC,651,10,1.0,0.9090909090909091,0.9523809523809523
external,ogbn-arxiv,FastQC,652,10,1.0,0.9090909090909091,0.9523809523809523
external,ogbn-arxiv,FastQC,653,10,1.0,0.9090909090909091,0.9523809523809523
external,ogbn-arxiv,FastQC,654,10,1.0,0.9090909090909091,0.9523809523809523
external,ogbn-arxiv,FastQC,655,10,1.0,0.8333333333333334,0.9090909090909091
external,ogbn-arxiv,FastQC,656,10,1.0,0.9090909090909091,0.9523809523809523
external,ogbn-arxiv,FastQC,657,10,1.0,1.0,1.0
external,ogbn-arxiv,FastQC,658,10,1.0,1.0,1.0
external,ogbn-arxiv,FastQC,659,10,1.0,1.0,1.0
external,ogbn-arxiv,FastQC,660,10,1.0,1.0,1.0
external,ogbn-arxiv,FastQC,661,10,1.0,1.0,1.0
external,ogbn-arxiv,FastQC,662,10,1.0,1.0,1.0
external,ogbn-arxiv,FastQC,663,10,1.0,1.0,1.0
external,ogbn-arxiv,FastQC,664,10,1.0,1.0,1.0
external,ogbn-arxiv,FastQC,665,10,1.0,1.0,1.0
external,ogbn-arxiv,FastQC,666,10,1.0,1.0,1.0
external,ogbn-arxiv,FastQC,667,10,1.0,1.0,1.0
external,ogbn-arxiv,FastQC,668,10,1.0,1.0,1.0
external,ogbn-arxiv,FastQC,669,10,1.0,1.0,1.0
external,ogbn-arxiv,FastQC,670,10,1.0,1.0,1.0
external,ogbn-arxiv,FastQC,671,10,1.0,1.0,1.0
external,ogbn-arxiv,FastQC,672,10,1.0,1.0,1.0
external,ogbn-arxiv,FastQC,673,10,1.0,1.0,1.0
external,ogbn-arxiv,FastQC,674,10,1.0,1.0,1.0
external,ogbn-arxiv,FastQC,675,10,1.0,1.0,1.0
external,ogbn-arxiv,FastQC,676,10,1.0,1.0,1.0
external,ogbn-arxiv,FastQC,677,10,1.0,1.0,1.0
external,ogbn-arxiv,FastQC,678,10,1.0,1.0,1.0
external,ogbn-arxiv,FastQC,679,10,1.0,1.0,1.0
external,ogbn-arxiv,FastQC,680,10,1.0,0.9090909090909091,0.9523809523809523
external,ogbn-arxiv,FastQC,681,10,1.0,0.9090909090909091,0.9523809523809523
external,ogbn-arxiv,FastQC,682,10,1.0,0.9090909090909091,0.9523809523809523
external,ogbn-arxiv,FastQC,683,10,1.0,1.0,1.0
external,ogbn-arxiv,FastQC,684,10,1.0,1.0,1.0
external,ogbn-arxiv,FastQC,685,10,1.0,1.0,1.0
external,ogbn-arxiv,FastQC,686,10,1.0,1.0,1.0
external,ogbn-arxiv,FastQC,687,10,1.0,1.0,1.0
external,ogbn-arxiv,FastQC,688,10,1.0,1.0,1.0
external,ogbn-arxiv,FastQC,689,10,1.0,1.0,1.0
external,ogbn-arxiv,FastQC,690,10,1.0,1.0,1.0
external,ogbn-arxiv,FastQC,691,10,1.0,1.0,1.0
external,ogbn-arxiv,FastQC,692,10,1.0,1.0,1.0
external,ogbn-arxiv,FastQC,693,10,1.0,1.0,1.0
external,ogbn-arxiv,FastQC,694,10,1.0,0.8333333333333334,0.9090909090909091
external,ogbn-arxiv,FastQC,695,10,1.0,1.0,1.0
external,ogbn-arxiv,FastQC,696,10,1.0,1.0,1.0
external,ogbn-arxiv,FaPlex,0,18,1.0,0.8571428571428571,0.9230769230769231
external,ogbn-arxiv,FaPlex,1,18,1.0,0.8571428571428571,0.9230769230769231
external,ogbn-arxiv,FaPlex,2,18,1.0,0.8571428571428571,0.9230769230769231
external,ogbn-arxiv,FaPlex,3,18,1.0,0.8571428571428571,0.9230769230769231
external,ogbn-arxiv,FaPlex,4,18,1.0,0.8571428571428571,0.9230769230769231
external,ogbn-arxiv,FaPlex,5,18,1.0,0.8571428571428571,0.9230769230769231
external,ogbn-arxiv,FaPlex,6,18,1.0,0.8571428571428571,0.9230769230769231
external,ogbn-arxiv,FaPlex,7,18,1.0,0.8571428571428571,0.9230769230769231
external,ogbn-arxiv,FaPlex,8,18,1.0,0.8571428571428571,0.9230769230769231
external,ogbn-arxiv,FaPlex,9,18,1.0,0.8571428571428571,0.9230769230769231
external,ogbn-arxiv,FaPlex,10,18,1.0,0.8571428571428571,0.9230769230769231
external,ogbn-arxiv,FaPlex,11,18,1.0,0.8571428571428571,0.9230769230769231
external,ogbn-arxiv,FaPlex,12,17,0.9411764705882353,0.7619047619047619,0.8648648648648649
external,ogbn-arxiv,FaPlex,13,17,0.8823529411764706,0.6818181818181818,0.8108108108108109
external,ogbn-arxiv,FaPlex,14,17,0.9411764705882353,0.7619047619047619,0.8648648648648649
external,ogbn-arxiv,FaPlex,15,17,1.0,0.85,0.918918918918919
external,ogbn-arxiv,FaPlex,16,17,0.9411764705882353,0.7619047619047619,0.8648648648648649
external,ogbn-arxiv,FaPlex,17,17,1.0,0.85,0.918918918918919
external,ogbn-arxiv,FaPlex,18,17,1.0,0.85,0.918918918918919
external,ogbn-arxiv,FaPlex,19,17,0.9411764705882353,0.7619047619047619,0.8648648648648649
external,ogbn-arxiv,FaPlex,20,17,0.9411764705882353,0.7619047619047619,0.8648648648648649
external,ogbn-arxiv,FaPlex,21,17,1.0,0.85,0.918918918918919
external,ogbn-arxiv,FaPlex,22,17,1.0,0.85,0.918918918918919
external,ogbn-arxiv,FaPlex,23,17,1.0,0.85,0.918918918918919
external,ogbn-arxiv,FaPlex,24,17,1.0,0.8095238095238095,0.8947368421052632
external,ogbn-arxiv,FaPlex,25,17,1.0,0.8095238095238095,0.8947368421052632
external,ogbn-arxiv,FaPlex,26,17,1.0,0.85,0.918918918918919
external,ogbn-arxiv,FaPlex,27,17,1.0,0.85,0.918918918918919
external,ogbn-arxiv,FaPlex,28,17,1.0,0.85,0.918918918918919
external,ogbn-arxiv,FaPlex,29,17,1.0,0.8095238095238095,0.8947368421052632
external,ogbn-arxiv,FaPlex,30,17,1.0,0.8095238095238095,0.8947368421052632
external,ogbn-arxiv,FaPlex,31,17,1.0,0.85,0.918918918918919
external,ogbn-arxiv,FaPlex,32,17,1.0,0.85,0.918918918918919
external,ogbn-arxiv,FaPlex,33,17,1.0,0.8095238095238095,0.8947368421052632
external,ogbn-arxiv,FaPlex,34,17,1.0,0.85,0.918918918918919
external,ogbn-arxiv,FaPlex,35,17,1.0,0.85,0.918918918918919
external,ogbn-arxiv,FaPlex,36,17,0.9411764705882353,0.7619047619047619,0.8648648648648649
external,ogbn-arxiv,FaPlex,37,17,1.0,0.85,0.918918918918919
external,ogbn-arxiv,FaPlex,38,17,1.0,0.85,0.918918918918919
external,ogbn-arxiv,FaPlex,39,17,1.0,0.85,0.918918918918919
external,ogbn-arxiv,FaPlex,40,17,0.9411764705882353,0.7619047619047619,0.8648648648648649
external,ogbn-arxiv,FaPlex,41,17,1.0,0.85,0.918918918918919
external,ogbn-arxiv,FaPlex,42,17,0.9411764705882353,0.7272727272727273,0.8421052631578947
external,ogbn-arxiv,FaPlex,43,17,0.9411764705882353,0.7619047619047619,0.8648648648648649
external,ogbn-arxiv,FaPlex,44,17,0.9411764705882353,0.7272727272727273,0.8421052631578947
external,ogbn-arxiv,FaPlex,45,17,0.9411764705882353,0.7619047619047619,0.8648648648648649
external,ogbn-arxiv,FaPlex,46,17,1.0,0.8095238095238095,0.8947368421052632
external,ogbn-arxiv,FaPlex,47,17,1.0,0.8095238095238095,0.8947368421052632
external,ogbn-arxiv,FaPlex,48,17,1.0,0.85,0.918918918918919
external,ogbn-arxiv,FaPlex,49,17,1.0,0.85,0.918918918918919
external,ogbn-arxiv,FaPlex,50,17,1.0,0.85,0.918918918918919
external,ogbn-arxiv,FaPlex,51,17,1.0,0.85,0.918918918918919
external,ogbn-arxiv,FaPlex,52,17,1.0,0.85,0.918918918918919
external,ogbn-arxiv,FaPlex,53,17,1.0,0.85,0.918918918918919
external,ogbn-arxiv,FaPlex,54,17,1.0,0.85,0.918918918918919
external,ogbn-arxiv,FaPlex,55,17,1.0,0.85,0.918918918918919
external,ogbn-arxiv,FaPlex,56,17,1.0,0.85,0.918918918918919
external,ogbn-arxiv,FaPlex,57,17,1.0,0.85,0.918918918918919
external,ogbn-arxiv,FaPlex,58,17,1.0,0.8095238095238095,0.8947368421052632
external,ogbn-arxiv,FaPlex,59,17,1.0,0.8095238095238095,0.8947368421052632
external,ogbn-arxiv,FaPlex,60,17,1.0,0.85,0.918918918918919
external,ogbn-arxiv,FaPlex,61,17,1.0,0.85,0.918918918918919
external,ogbn-arxiv,FaPlex,62,17,1.0,0.8095238095238095,0.8947368421052632
external,ogbn-arxiv,FaPlex,63,17,1.0,0.85,0.918918918918919
external,ogbn-arxiv,FaPlex,64,16,0.875,0.6363636363636364,0.7777777777777778
external,ogbn-arxiv,FaPlex,65,16,0.9375,0.7142857142857143,0.8333333333333334
external,ogbn-arxiv,FaPlex,66,16,0.875,0.6363636363636364,0.7777777777777778
external,ogbn-arxiv,FaPlex,67,16,0.9375,0.7142857142857143,0.8333333333333334
external,ogbn-arxiv,FaPlex,68,16,1.0,0.8,0.8888888888888888
external,ogbn-arxiv,FaPlex,69,16,0.9375,0.7142857142857143,0.8333333333333334
external,ogbn-arxiv,FaPlex,70,16,0.9375,0.6818181818181818,0.8108108108108109
external,ogbn-arxiv,FaPlex,71,16,1.0,0.8,0.8888888888888888
external,ogbn-arxiv,FaPlex,72,16,1.0,0.8,0.8888888888888888
external,ogbn-arxiv,FaPlex,73,16,1.0,0.8,0.8888888888888888
external,ogbn-arxiv,FaPlex,74,16,0.9375,0.7142857142857143,0.8333333333333334
external,ogbn-arxiv,FaPlex,75,16,1.0,0.8,0.8888888888888888
external,ogbn-arxiv,FaPlex,76,16,1.0,0.8,0.8888888888888888
external,ogbn-arxiv,FaPlex,77,16,1.0,0.8,0.8888888888888888
external,ogbn-arxiv,FaPlex,78,16,1.0,0.8,0.8888888888888888
external,ogbn-arxiv,FaPlex,79,16,0.9375,0.6818181818181818,0.8108108108108109
external,ogbn-arxiv,FaPlex,80,16,0.9375,0.7142857142857143,0.8333333333333334
external,ogbn-arxiv,FaPlex,81,16,1.0,0.8,0.8888888888888888
external,ogbn-arxiv,FaPlex,82,16,1.0,0.8,0.8888888888888888
external,ogbn-arxiv,FaPlex,83,16,0.9375,0.6818181818181818,0.8108108108108109
external,ogbn-arxiv,FaPlex,84,16,1.0,0.8,0.8888888888888888
external,ogbn-arxiv,FaPlex,85,16,0.9375,0.7142857142857143,0.8333333333333334
external,ogbn-arxiv,FaPlex,86,16,0.9375,0.6818181818181818,0.8108108108108109
external,ogbn-arxiv,FaPlex,87,16,1.0,0.8,0.8888888888888888
external,ogbn-arxiv,FaPlex,88,16,1.0,0.8,0.8888888888888888
external,ogbn-arxiv,FaPlex,89,16,0.9375,0.7142857142857143,0.8333333333333334
external,ogbn-arxiv,FaPlex,90,16,1.0,0.8,0.8888888888888888
external,ogbn-arxiv,FaPlex,91,16,1.0,0.8,0.8888888888888888
external,ogbn-arxiv,FaPlex,92,16,0.9375,0.6818181818181818,0.8108108108108109
external,ogbn-arxiv,FaPlex,93,16,1.0,0.8,0.8888888888888888
external,ogbn-arxiv,FaPlex,94,16,0.9375,0.7142857142857143,0.8333333333333334
external,ogbn-arxiv,FaPlex,95,16,0.9375,0.6818181818181818,0.8108108108108109
external,ogbn-arxiv,FaPlex,96,16,1.0,0.8,0.8888888888888888
external,ogbn-arxiv,FaPlex,97,16,1.0,0.8,0.8888888888888888
external,ogbn-arxiv,FaPlex,98,16,0.9375,0.7142857142857143,0.8333333333333334
external,ogbn-arxiv,FaPlex,99,16,0.9375,0.6818181818181818,0.8108108108108109
external,ogbn-arxiv,FaPlex,100,16,0.9375,0.6818181818181818,0.8108108108108109
external,ogbn-arxiv,FaPlex,101,16,0.9375,0.7142857142857143,0.8333333333333334
external,ogbn-arxiv,FaPlex,102,16,1.0,0.8,0.8888888888888888
external,ogbn-arxiv,FaPlex,103,16,1.0,0.8,0.8888888888888888
external,ogbn-arxiv,FaPlex,104,16,1.0,0.8,0.8888888888888888
external,ogbn-arxiv,FaPlex,105,16,1.0,0.8,0.8888888888888888
external,ogbn-arxiv,FaPlex,106,16,1.0,0.8,0.8888888888888888
external,ogbn-arxiv,FaPlex,107,16,0.9375,0.7142857142857143,0.8333333333333334
external,ogbn-arxiv,FaPlex,108,16,0.9375,0.7142857142857143,0.8333333333333334
external,ogbn-arxiv,FaPlex,109,16,0.9375,0.7142857142857143,0.8333333333333334
external,ogbn-arxiv,FaPlex,110,16,1.0,0.8,0.8888888888888888
external,ogbn-arxiv,FaPlex,111,16,0.9375,0.7142857142857143,0.8333333333333334
external,ogbn-arxiv,FaPlex,112,16,0.9375,0.7142857142857143,0.8333333333333334
external,ogbn-arxiv,FaPlex,113,16,0.9375,0.7142857142857143,0.8333333333333334
external,ogbn-arxiv,FaPlex,114,16,0.9375,0.7142857142857143,0.8333333333333334
external,ogbn-arxiv,FaPlex,115,16,1.0,0.8,0.8888888888888888
external,ogbn-arxiv,FaPlex,116,16,1.0,0.8,0.8888888888888888
external,ogbn-arxiv,FaPlex,117,16,1.0,0.8,0.8888888888888888
external,ogbn-arxiv,FaPlex,118,16,1.0,0.8,0.8888888888888888
external,ogbn-arxiv,FaPlex,119,16,0.9375,0.7142857142857143,0.8333333333333334
external,ogbn-arxiv,FaPlex,120,16,0.9375,0.7142857142857143,0.8333333333333334
external,ogbn-arxiv,FaPlex,121,16,1.0,0.8,0.8888888888888888
external,ogbn-arxiv,FaPlex,122,16,1.0,0.8,0.8888888888888888
external,ogbn-arxiv,FaPlex,123,16,1.0,0.8,0.8888888888888888
external,ogbn-arxiv,FaPlex,124,16,1.0,0.8,0.8888888888888888
external,ogbn-arxiv,FaPlex,125,16,0.9375,0.7142857142857143,0.8333333333333334
external,ogbn-arxiv,FaPlex,126,16,0.9375,0.6818181818181818,0.8108108108108109
external,ogbn-arxiv,FaPlex,127,16,0.9375,0.7142857142857143,0.8333333333333334
external,ogbn-arxiv,FaPlex,128,16,1.0,0.8,0.8888888888888888
external,ogbn-arxiv,FaPlex,129,16,1.0,0.8,0.8888888888888888
external,ogbn-arxiv,FaPlex,130,16,1.0,0.8,0.8888888888888888
external,ogbn-arxiv,FaPlex,131,16,0.9375,0.7142857142857143,0.8333333333333334
external,ogbn-arxiv,FaPlex,132,16,1.0,0.8,0.8888888888888888
external,ogbn-arxiv,FaPlex,133,16,1.0,0.8,0.8888888888888888
external,ogbn-arxiv,FaPlex,134,16,1.0,0.8,0.8888888888888888
external,ogbn-arxiv,FaPlex,135,16,1.0,0.8,0.8888888888888888
external,ogbn-arxiv,FaPlex,136,16,0.9375,0.7142857142857143,0.8333333333333334
external,ogbn-arxiv,FaPlex,137,16,1.0,0.8,0.8888888888888888
external,ogbn-arxiv,FaPlex,138,15,0.8,0.5217391304347826,0.6857142857142857
external,ogbn-arxiv,FaPlex,139,15,0.8666666666666667,0.5909090909090909,0.7428571428571429
external,ogbn-arxiv,FaPlex,140,15,0.9333333333333333,0.6666666666666666,0.8
external,ogbn-arxiv,FaPlex,141,15,0.9333333333333333,0.6666666666666666,0.8
external,ogbn-arxiv,FaPlex,142,15,0.9333333333333333,0.6363636363636364,0.7777777777777778
external,ogbn-arxiv,FaPlex,143,15,0.9333333333333333,0.6666666666666666,0.8
external,ogbn-arxiv,FaPlex,144,15,0.9333333333333333,0.6666666666666666,0.8
external,ogbn-arxiv,FaPlex,145,15,0.9333333333333333,0.6666666666666666,0.8
external,ogbn-arxiv,FaPlex,146,15,0.9333333333333333,0.6666666666666666,0.8
external,ogbn-arxiv,FaPlex,147,15,0.9333333333333333,0.6666666666666666,0.8
external,ogbn-arxiv,FaPlex,148,15,0.9333333333333333,0.6666666666666666,0.8
external,ogbn-arxiv,FaPlex,149,15,0.9333333333333333,0.6666666666666666,0.8
external,ogbn-arxiv,FaPlex,150,15,0.9333333333333333,0.6666666666666666,0.8
external,ogbn-arxiv,FaPlex,151,15,0.9333333333333333,0.6666666666666666,0.8
external,ogbn-arxiv,FaPlex,152,15,0.9333333333333333,0.6666666666666666,0.8
external,ogbn-arxiv,FaPlex,153,15,0.8666666666666667,0.5909090909090909,0.7428571428571429
external,ogbn-arxiv,FaPlex,154,15,0.9333333333333333,0.6666666666666666,0.8
external,ogbn-arxiv,FaPlex,155,15,0.9333333333333333,0.6666666666666666,0.8
external,ogbn-arxiv,FaPlex,156,15,0.9333333333333333,0.6666666666666666,0.8
external,ogbn-arxiv,FaPlex,157,15,0.8666666666666667,0.5909090909090909,0.7428571428571429
external,ogbn-arxiv,FaPlex,158,15,0.9333333333333333,0.6666666666666666,0.8
external,ogbn-arxiv,FaPlex,159,15,0.9333333333333333,0.6666666666666666,0.8
external,ogbn-arxiv,FaPlex,160,15,0.8666666666666667,0.5909090909090909,0.7428571428571429
external,ogbn-arxiv,FaPlex,161,15,0.9333333333333333,0.6666666666666666,0.8
external,ogbn-arxiv,FaPlex,162,15,0.8666666666666667,0.5909090909090909,0.7428571428571429
external,ogbn-arxiv,FaPlex,163,15,0.9333333333333333,0.6666666666666666,0.8
external,ogbn-arxiv,FaPlex,164,15,0.9333333333333333,0.6666666666666666,0.8
external,ogbn-arxiv,FaPlex,165,15,0.9333333333333333,0.6666666666666666,0.8
external,ogbn-arxiv,FaPlex,166,15,0.8666666666666667,0.5909090909090909,0.7428571428571429
external,ogbn-arxiv,FaPlex,167,15,0.9333333333333333,0.6666666666666666,0.8
external,ogbn-arxiv,FaPlex,168,15,0.9333333333333333,0.6666666666666666,0.8
external,ogbn-arxiv,FaPlex,169,15,0.8666666666666667,0.5909090909090909,0.7428571428571429
external,ogbn-arxiv,FaPlex,170,15,0.9333333333333333,0.6666666666666666,0.8
external,ogbn-arxiv,FaPlex,171,15,0.8666666666666667,0.5909090909090909,0.7428571428571429
external,ogbn-arxiv,FaPlex,172,15,0.9333333333333333,0.6666666666666666,0.8
external,ogbn-arxiv,FaPlex,173,15,0.8666666666666667,0.5909090909090909,0.7428571428571429
external,ogbn-arxiv,FaPlex,174,15,0.8666666666666667,0.5909090909090909,0.7428571428571429
external,ogbn-arxiv,FaPlex,175,15,0.9333333333333333,0.6666666666666666,0.8
external,ogbn-arxiv,FaPlex,176,15,0.9333333333333333,0.6666666666666666,0.8
external,ogbn-arxiv,FaPlex,177,15,1.0,0.75,0.8571428571428571
external,ogbn-arxiv,FaPlex,178,15,0.9333333333333333,0.6363636363636364,0.7777777777777778
external,ogbn-arxiv,FaPlex,179,15,0.9333333333333333,0.6666666666666666,0.8
external,ogbn-arxiv,FaPlex,180,15,1.0,0.75,0.8571428571428571
external,ogbn-arxiv,FaPlex,181,15,0.9333333333333333,0.6666666666666666,0.8
external,ogbn-arxiv,FaPlex,182,15,1.0,0.75,0.8571428571428571
external,ogbn-arxiv,FaPlex,183,15,0.9333333333333333,0.6666666666666666,0.8
external,ogbn-arxiv,FaPlex,184,15,0.9333333333333333,0.6666666666666666,0.8
external,ogbn-arxiv,FaPlex,185,15,0.9333333333333333,0.6666666666666666,0.8
external,ogbn-arxiv,FaPlex,186,15,1.0,0.75,0.8571428571428571
external,ogbn-arxiv,FaPlex,187,15,0.9333333333333333,0.6666666666666666,0.8
external,ogbn-arxiv,FaPlex,188,15,0.9333333333333333,0.6666666666666666,0.8
external,ogbn-arxiv,FaPlex,189,15,0.9333333333333333,0.6666666666666666,0.8
external,ogbn-arxiv,FaPlex,190,15,0.9333333333333333,0.6666666666666666,0.8
external,ogbn-arxiv,FaPlex,191,15,0.9333333333333333,0.6666666666666666,0.8
external,ogbn-arxiv,FaPlex,192,15,0.9333333333333333,0.6666666666666666,0.8
external,ogbn-arxiv,FaPlex,193,15,0.9333333333333333,0.6666666666666666,0.8
external,ogbn-arxiv,FaPlex,194,15,0.9333333333333333,0.6666666666666666,0.8
external,ogbn-arxiv,FaPlex,195,15,0.9333333333333333,0.6666666666666666,0.8
external,ogbn-arxiv,FaPlex,196,15,0.9333333333333333,0.6666666666666666,0.8
external,ogbn-arxiv,FaPlex,197,15,0.9333333333333333,0.6666666666666666,0.8
external,ogbn-arxiv,FaPlex,198,15,0.9333333333333333,0.6666666666666666,0.8
external,ogbn-arxiv,FaPlex,199,15,0.9333333333333333,0.6666666666666666,0.8
external,ogbn-arxiv,FaPlex,200,15,0.9333333333333333,0.6666666666666666,0.8
external,ogbn-arxiv,FaPlex,201,15,0.9333333333333333,0.6666666666666666,0.8
external,ogbn-arxiv,FaPlex,202,15,0.9333333333333333,0.6666666666666666,0.8
external,ogbn-arxiv,FaPlex,203,15,0.9333333333333333,0.6666666666666666,0.8
external,ogbn-arxiv,FaPlex,204,15,0.9333333333333333,0.6666666666666666,0.8
external,ogbn-arxiv,FaPlex,205,15,0.9333333333333333,0.6666666666666666,0.8
external,ogbn-arxiv,FaPlex,206,15,0.9333333333333333,0.6666666666666666,0.8
external,ogbn-arxiv,FaPlex,207,15,0.8666666666666667,0.5909090909090909,0.7428571428571429
external,ogbn-arxiv,FaPlex,208,15,0.9333333333333333,0.6666666666666666,0.8
external,ogbn-arxiv,FaPlex,209,14,0.7857142857142857,0.4782608695652174,0.6470588235294118
external,ogbn-arxiv,FaPlex,210,14,0.8571428571428571,0.5454545454545454,0.7058823529411765
external,ogbn-arxiv,FaPlex,211,14,0.8571428571428571,0.5454545454545454,0.7058823529411765
external,ogbn-arxiv,FaPlex,212,14,0.8571428571428571,0.5454545454545454,0.7058823529411765
external,ogbn-arxiv,FaPlex,213,14,0.8571428571428571,0.5454545454545454,0.7058823529411765
external,ogbn-arxiv,FaPlex,214,14,0.8571428571428571,0.5454545454545454,0.7058823529411765
external,ogbn-arxiv,FaPlex,215,14,0.9285714285714286,0.6190476190476191,0.7647058823529411
external,ogbn-arxiv,FaPlex,216,14,0.8571428571428571,0.5454545454545454,0.7058823529411765
external,ogbn-arxiv,FaPlex,217,14,0.9285714285714286,0.5909090909090909,0.7428571428571429
external,ogbn-arxiv,FaPlex,218,14,0.9285714285714286,0.6190476190476191,0.7647058823529411
external,ogbn-arxiv,FaPlex,219,14,0.9285714285714286,0.6190476190476191,0.7647058823529411
external,ogbn-arxiv,FaPlex,220,14,0.9285714285714286,0.6190476190476191,0.7647058823529411
external,ogbn-arxiv,FaPlex,221,14,0.8571428571428571,0.5454545454545454,0.7058823529411765
external,ogbn-arxiv,FaPlex,222,14,0.9285714285714286,0.6190476190476191,0.7647058823529411
external,ogbn-arxiv,FaPlex,223,14,0.9285714285714286,0.6190476190476191,0.7647058823529411
external,ogbn-arxiv,FaPlex,224,14,0.8571428571428571,0.5454545454545454,0.7058823529411765
external,ogbn-arxiv,FaPlex,225,14,0.7857142857142857,0.4782608695652174,0.6470588235294118
external,ogbn-arxiv,FaPlex,226,14,0.9285714285714286,0.6190476190476191,0.7647058823529411
external,ogbn-arxiv,FaPlex,227,14,0.8571428571428571,0.5454545454545454,0.7058823529411765
external,ogbn-arxiv,FaPlex,228,14,0.8571428571428571,0.5454545454545454,0.7058823529411765
external,ogbn-arxiv,FaPlex,229,14,0.9285714285714286,0.6190476190476191,0.7647058823529411
external,ogbn-arxiv,FaPlex,230,14,0.9285714285714286,0.6190476190476191,0.7647058823529411
external,ogbn-arxiv,FaPlex,231,14,0.8571428571428571,0.5454545454545454,0.7058823529411765
external,ogbn-arxiv,FaPlex,232,14,0.8571428571428571,0.5454545454545454,0.7058823529411765
external,ogbn-arxiv,FaPlex,233,14,0.9285714285714286,0.6190476190476191,0.7647058823529411
external,ogbn-arxiv,FaPlex,234,14,0.9285714285714286,0.6190476190476191,0.7647058823529411
external,ogbn-arxiv,FaPlex,235,14,0.9285714285714286,0.6190476190476191,0.7647058823529411
external,ogbn-arxiv,FaPlex,236,14,0.9285714285714286,0.6190476190476191,0.7647058823529411
external,ogbn-arxiv,FaPlex,237,14,0.8571428571428571,0.5454545454545454,0.7058823529411765
external,ogbn-arxiv,FaPlex,238,14,0.8571428571428571,0.5454545454545454,0.7058823529411765
external,ogbn-arxiv,FaPlex,239,14,0.8571428571428571,0.5454545454545454,0.7058823529411765
external,ogbn-arxiv,FaPlex,240,14,0.9285714285714286,0.6190476190476191,0.7647058823529411
external,ogbn-arxiv,FaPlex,241,14,0.8571428571428571,0.5454545454545454,0.7058823529411765
external,ogbn-arxiv,FaPlex,242,14,0.8571428571428571,0.5454545454545454,0.7058823529411765
external,ogbn-arxiv,FaPlex,243,14,0.8571428571428571,0.5454545454545454,0.7058823529411765
external,ogbn-arxiv,FaPlex,244,14,0.8571428571428571,0.5454545454545454,0.7058823529411765
external,ogbn-arxiv,FaPlex,245,14,0.9285714285714286,0.6190476190476191,0.7647058823529411
external,ogbn-arxiv,FaPlex,246,14,0.9285714285714286,0.6190476190476191,0.7647058823529411
external,ogbn-arxiv,FaPlex,247,14,0.9285714285714286,0.6190476190476191,0.7647058823529411
external,ogbn-arxiv,FaPlex,248,14,0.9285714285714286,0.6190476190476191,0.7647058823529411
external,ogbn-arxiv,FaPlex,249,14,0.9285714285714286,0.6190476190476191,0.7647058823529411
external,ogbn-arxiv,FaPlex,250,14,0.9285714285714286,0.6190476190476191,0.7647058823529411
external,ogbn-arxiv,FaPlex,251,14,0.7857142857142857,0.4782608695652174,0.6470588235294118
external,ogbn-arxiv,FaPlex,252,14,0.8571428571428571,0.5454545454545454,0.7058823529411765
external,ogbn-arxiv,FaPlex,253,14,0.9285714285714286,0.6190476190476191,0.7647058823529411
external,ogbn-arxiv,FaPlex,254,14,0.9285714285714286,0.6190476190476191,0.7647058823529411
external,ogbn-arxiv,FaPlex,255,14,0.8571428571428571,0.5454545454545454,0.7058823529411765
external,ogbn-arxiv,FaPlex,256,14,0.9285714285714286,0.6190476190476191,0.7647058823529411
external,ogbn-arxiv,FaPlex,257,14,0.5,0.25925925925925924,0.4117647058823529
external,ogbn-arxiv,FaPlex,258,14,0.5,0.25925925925925924,0.4117647058823529
external,ogbn-arxiv,FaPlex,259,14,0.8571428571428571,0.5454545454545454,0.7058823529411765
external,ogbn-arxiv,FaPlex,260,14,0.8571428571428571,0.5454545454545454,0.7058823529411765
external,ogbn-arxiv,FaPlex,261,14,0.9285714285714286,0.6190476190476191,0.7647058823529411
external,ogbn-arxiv,FaPlex,262,14,0.9285714285714286,0.6190476190476191,0.7647058823529411
external,ogbn-arxiv,FaPlex,263,13,0.8461538461538461,0.5,0.6666666666666666
external,ogbn-arxiv,FaPlex,264,13,0.7692307692307693,0.43478260869565216,0.6060606060606061
external,ogbn-arxiv,FaPlex,265,13,0.8461538461538461,0.5,0.6666666666666666
external,ogbn-arxiv,FaPlex,266,13,0.8461538461538461,0.5,0.6666666666666666
external,ogbn-arxiv,FaPlex,267,13,0.8461538461538461,0.5,0.6666666666666666
external,ogbn-arxiv,FaPlex,268,13,0.8461538461538461,0.5,0.6666666666666666
external,ogbn-arxiv,FaPlex,269,13,0.8461538461538461,0.5,0.6666666666666666
external,ogbn-arxiv,FaPlex,270,13,0.8461538461538461,0.5,0.6666666666666666
external,ogbn-arxiv,FaPlex,271,13,0.8461538461538461,0.5,0.6666666666666666
external,ogbn-arxiv,FaPlex,272,13,0.9230769230769231,0.5714285714285714,0.7272727272727273
external,ogbn-arxiv,FaPlex,273,13,0.8461538461538461,0.5,0.6666666666666666
external,ogbn-arxiv,FaPlex,274,13,0.8461538461538461,0.5,0.6666666666666666
external,ogbn-arxiv,FaPlex,275,13,0.8461538461538461,0.5,0.6666666666666666
external,ogbn-arxiv,FaPlex,276,13,0.8461538461538461,0.5,0.6666666666666666
external,ogbn-arxiv,FaPlex,277,13,0.7692307692307693,0.43478260869565216,0.6060606060606061
external,ogbn-arxiv,FaPlex,278,13,0.8461538461538461,0.5,0.6666666666666666
external,ogbn-arxiv,FaPlex,279,13,0.9230769230769231,0.5714285714285714,0.7272727272727273
external,ogbn-arxiv,FaPlex,280,13,0.8461538461538461,0.5,0.6666666666666666
external,ogbn-arxiv,FaPlex,281,13,0.9230769230769231,0.5714285714285714,0.7272727272727273
external,ogbn-arxiv,FaPlex,282,13,0.8461538461538461,0.5,0.6666666666666666
external,ogbn-arxiv,FaPlex,283,13,0.8461538461538461,0.5,0.6666666666666666
external,ogbn-arxiv,FaPlex,284,13,0.7692307692307693,0.43478260869565216,0.6060606060606061
external,ogbn-arxiv,FaPlex,285,13,0.8461538461538461,0.5,0.6666666666666666
external,ogbn-arxiv,FaPlex,286,13,0.7692307692307693,0.43478260869565216,0.6060606060606061
external,ogbn-arxiv,FaPlex,287,13,0.8461538461538461,0.5,0.6666666666666666
external,ogbn-arxiv,FaPlex,288,13,0.9230769230769231,0.5714285714285714,0.7272727272727273
external,ogbn-arxiv,FaPlex,289,13,0.8461538461538461,0.5,0.6666666666666666
external,ogbn-arxiv,FaPlex,290,13,0.8461538461538461,0.5,0.6666666666666666
external,ogbn-arxiv,FaPlex,291,13,0.9230769230769231,0.5714285714285714,0.7272727272727273
external,ogbn-arxiv,FaPlex,292,13,0.8461538461538461,0.5,0.6666666666666666
external,ogbn-arxiv,FaPlex,293,13,0.7692307692307693,0.43478260869565216,0.6060606060606061
external,ogbn-arxiv,FaPlex,294,13,0.9230769230769231,0.5714285714285714,0.7272727272727273
external,ogbn-arxiv,FaPlex,295,13,0.7692307692307693,0.43478260869565216,0.6060606060606061
external,ogbn-arxiv,FaPlex,296,13,0.9230769230769231,0.5714285714285714,0.7272727272727273
external,ogbn-arxiv,FaPlex,297,13,0.8461538461538461,0.5,0.6666666666666666
external,ogbn-arxiv,FaPlex,298,13,0.8461538461538461,0.5,0.6666666666666666
external,ogbn-arxiv,FaPlex,299,13,0.9230769230769231,0.5714285714285714,0.7272727272727273
external,ogbn-arxiv,FaPlex,300,13,0.6153846153846154,0.32,0.48484848484848486
external,ogbn-arxiv,FaPlex,301,13,0.6153846153846154,0.32,0.48484848484848486
external,ogbn-arxiv,FaPlex,302,13,0.7692307692307693,0.43478260869565216,0.6060606060606061
external,ogbn-arxiv,FaPlex,303,13,0.8461538461538461,0.5,0.6666666666666666
external,ogbn-arxiv,FaPlex,304,13,0.8461538461538461,0.5,0.6666666666666666
external,ogbn-arxiv,FaPlex,305,13,0.8461538461538461,0.5,0.6666666666666666
external,ogbn-arxiv,FaPlex,306,13,0.8461538461538461,0.5,0.6666666666666666
external,ogbn-arxiv,FaPlex,307,13,0.8461538461538461,0.5,0.6666666666666666
external,ogbn-arxiv,FaPlex,308,13,0.8461538461538461,0.5,0.6666666666666666
external,ogbn-arxiv,FaPlex,309,13,0.8461538461538461,0.5,0.6666666666666666
external,ogbn-arxiv,FaPlex,310,12,0.6666666666666666,0.3333333333333333,0.5
external,ogbn-arxiv,FaPlex,311,12,0.6666666666666666,0.3333333333333333,0.5
external,ogbn-arxiv,FaPlex,312,12,0.75,0.391304347826087,0.5625
external,ogbn-arxiv,FaPlex,313,12,0.8333333333333334,0.45454545454545453,0.625
external,ogbn-arxiv,FaPlex,314,12,0.9166666666666666,0.5238095238095238,0.6875
external,ogbn-arxiv,FaPlex,315,12,0.75,0.391304347826087,0.5625
external,ogbn-arxiv,FaPlex,316,12,0.75,0.391304347826087,0.5625
external,ogbn-arxiv,FaPlex,317,12,0.8333333333333334,0.45454545454545453,0.625
external,ogbn-arxiv,FaPlex,318,12,0.9166666666666666,0.5238095238095238,0.6875
external,ogbn-arxiv,FaPlex,319,12,0.8333333333333334,0.45454545454545453,0.625
external,ogbn-arxiv,FaPlex,320,12,0.8333333333333334,0.45454545454545453,0.625
external,ogbn-arxiv,FaPlex,321,12,0.9166666666666666,0.5238095238095238,0.6875
external,ogbn-arxiv,FaPlex,322,12,0.8333333333333334,0.45454545454545453,0.625
external,ogbn-arxiv,FaPlex,323,12,0.9166666666666666,0.5238095238095238,0.6875
external,ogbn-arxiv,FaPlex,324,12,0.8333333333333334,0.45454545454545453,0.625
external,ogbn-arxiv,FaPlex,325,12,0.8333333333333334,0.45454545454545453,0.625
external,ogbn-arxiv,FaPlex,326,12,0.9166666666666666,0.5238095238095238,0.6875
external,ogbn-arxiv,FaPlex,327,12,0.9166666666666666,0.5238095238095238,0.6875
external,ogbn-arxiv,FaPlex,328,12,0.0,0.0,0.0
external,ogbn-arxiv,FaPlex,329,12,0.8333333333333334,0.45454545454545453,0.625
external,ogbn-arxiv,FaPlex,330,12,0.9166666666666666,0.5238095238095238,0.6875
external,ogbn-arxiv,FaPlex,331,12,0.8333333333333334,0.45454545454545453,0.625
external,ogbn-arxiv,FaPlex,332,12,0.9166666666666666,0.5238095238095238,0.6875
external,ogbn-arxiv,FaPlex,333,12,0.8333333333333334,0.45454545454545453,0.625
external,ogbn-arxiv,FaPlex,334,12,0.8333333333333334,0.45454545454545453,0.625
external,ogbn-arxiv,FaPlex,335,12,0.8333333333333334,0.45454545454545453,0.625
external,ogbn-arxiv,FaPlex,336,12,0.75,0.391304347826087,0.5625
external,ogbn-arxiv,FaPlex,337,12,0.8333333333333334,0.45454545454545453,0.625
external,ogbn-arxiv,FaPlex,338,12,0.75,0.391304347826087,0.5625
external,ogbn-arxiv,FaPlex,339,12,0.8333333333333334,0.45454545454545453,0.625
external,ogbn-arxiv,FaPlex,340,12,0.8333333333333334,0.45454545454545453,0.625
external,ogbn-arxiv,FaPlex,341,12,0.4166666666666667,0.18518518518518517,0.3125
external,ogbn-arxiv,FaPlex,342,12,0.4166666666666667,0.18518518518518517,0.3125
external,ogbn-arxiv,FaPlex,343,12,0.8333333333333334,0.45454545454545453,0.625
external,ogbn-arxiv,FaPlex,344,12,0.9166666666666666,0.5238095238095238,0.6875
external,ogbn-arxiv,FaPlex,345,12,0.8333333333333334,0.45454545454545453,0.625
external,ogbn-arxiv,FaPlex,346,12,0.8333333333333334,0.45454545454545453,0.625
external,ogbn-arxiv,FaPlex,347,12,0.8333333333333334,0.45454545454545453,0.625
external,ogbn-arxiv,FaPlex,348,12,0.8333333333333334,0.45454545454545453,0.625
external,ogbn-arxiv,FaPlex,349,12,0.9166666666666666,0.5238095238095238,0.6875
external,ogbn-arxiv,FaPlex,350,12,0.8333333333333334,0.45454545454545453,0.625
external,ogbn-arxiv,FaPlex,351,12,0.8333333333333334,0.45454545454545453,0.625
external,ogbn-arxiv,FaPlex,352,12,0.8333333333333334,0.45454545454545453,0.625
external,ogbn-arxiv,FaPlex,353,11,0.0,0.0,0.0
external,ogbn-arxiv,FaPlex,354,11,0.0,0.0,0.0
external,ogbn-arxiv,FaPlex,355,11,0.0,0.0,0.0
external,ogbn-arxiv,FaPlex,356,11,0.0,0.0,0.0
external,ogbn-arxiv,FaPlex,357,11,0.0,0.0,0.0
external,ogbn-arxiv,FaPlex,358,11,0.7272727272727273,0.34782608695652173,0.5161290322580645
external,ogbn-arxiv,FaPlex,359,11,0.7272727272727273,0.34782608695652173,0.5161290322580645
external,ogbn-arxiv,FaPlex,360,11,0.8181818181818182,0.4090909090909091,0.5806451612903226
external,ogbn-arxiv,FaPlex,361,11,0.7272727272727273,0.34782608695652173,0.5161290322580645
external,ogbn-arxiv,FaPlex,362,11,0.7272727272727273,0.34782608695652173,0.5161290322580645
external,ogbn-arxiv,FaPlex,363,11,0.7272727272727273,0.34782608695652173,0.5161290322580645
external,ogbn-arxiv,FaPlex,364,11,0.7272727272727273,0.34782608695652173,0.5161290322580645
external,ogbn-arxiv,FaPlex,365,11,0.7272727272727273,0.34782608695652173,0.5161290322580645
external,ogbn-arxiv,FaPlex,366,11,0.7272727272727273,0.34782608695652173,0.5161290322580645
external,ogbn-arxiv,FaPlex,367,11,0.8181818181818182,0.4090909090909091,0.5806451612903226
external,ogbn-arxiv,FaPlex,368,11,0.7272727272727273,0.34782608695652173,0.5161290322580645
external,ogbn-arxiv,FaPlex,369,11,0.7272727272727273,0.34782608695652173,0.5161290322580645
external,ogbn-arxiv,FaPlex,370,11,0.8181818181818182,0.4090909090909091,0.5806451612903226
external,ogbn-arxiv,FaPlex,371,11,0.8181818181818182,0.4090909090909091,0.5806451612903226
external,ogbn-arxiv,FaPlex,372,11,0.9090909090909091,0.47619047619047616,0.6451612903225806
external,ogbn-arxiv,FaPlex,373,11,0.7272727272727273,0.34782608695652173,0.5161290322580645
external,ogbn-arxiv,FaPlex,374,11,0.8181818181818182,0.4090909090909091,0.5806451612903226
external,ogbn-arxiv,FaPlex,375,11,0.7272727272727273,0.34782608695652173,0.5161290322580645
external,ogbn-arxiv,FaPlex,376,11,0.8181818181818182,0.4090909090909091,0.5806451612903226
external,ogbn-arxiv,FaPlex,377,11,0.8181818181818182,0.4090909090909091,0.5806451612903226
external,ogbn-arxiv,FaPlex,378,11,0.8181818181818182,0.4090909090909091,0.5806451612903226
external,ogbn-arxiv,FaPlex,379,11,0.8181818181818182,0.4090909090909091,0.5806451612903226
external,ogbn-arxiv,FaPlex,380,11,0.9090909090909091,0.47619047619047616,0.6451612903225806
external,ogbn-arxiv,FaPlex,381,11,0.7272727272727273,0.34782608695652173,0.5161290322580645
external,ogbn-arxiv,FaPlex,382,11,0.7272727272727273,0.34782608695652173,0.5161290322580645
external,ogbn-arxiv,FaPlex,383,11,0.8181818181818182,0.4090909090909091,0.5806451612903226
external,ogbn-arxiv,FaPlex,384,11,0.8181818181818182,0.4090909090909091,0.5806451612903226
external,ogbn-arxiv,FaPlex,385,11,0.8181818181818182,0.4090909090909091,0.5806451612903226
external,ogbn-arxiv,FaPlex,386,11,0.7272727272727273,0.34782608695652173,0.5161290322580645
external,ogbn-arxiv,FaPlex,387,11,0.8181818181818182,0.4090909090909091,0.5806451612903226
external,ogbn-arxiv,FaPlex,388,11,0.0,0.0,0.0
external,ogbn-arxiv,FaPlex,389,11,0.0,0.0,0.0
external,ogbn-arxiv,FaPlex,390,11,0.0,0.0,0.0
external,ogbn-arxiv,FaPlex,391,11,0.8181818181818182,0.4090909090909091,0.5806451612903226
external,ogbn-arxiv,FaPlex,392,11,0.9090909090909091,0.47619047619047616,0.6451612903225806
external,ogbn-arxiv,FaPlex,393,11,0.8181818181818182,0.4090909090909091,0.5806451612903226
external,ogbn-arxiv,FaPlex,394,11,0.9090909090909091,0.47619047619047616,0.6451612903225806
external,ogbn-arxiv,FaPlex,395,11,0.8181818181818182,0.4090909090909091,0.5806451612903226
external,ogbn-arxiv,FaPlex,396,11,0.8181818181818182,0.4090909090909091,0.5806451612903226
external,ogbn-arxiv,FaPlex,397,11,0.8181818181818182,0.4090909090909091,0.5806451612903226
external,ogbn-arxiv,FaPlex,398,11,0.9090909090909091,0.47619047619047616,0.6451612903225806
external,ogbn-arxiv,FaPlex,399,11,0.8181818181818182,0.4090909090909091,0.5806451612903226
external,ogbn-arxiv,FaPlex,400,11,0.9090909090909091,0.47619047619047616,0.6451612903225806
external,ogbn-arxiv,FaPlex,401,11,0.8181818181818182,0.4090909090909091,0.5806451612903226
external,ogbn-arxiv,FaPlex,402,11,0.8181818181818182,0.4090909090909091,0.5806451612903226
external,ogbn-arxiv,FaPlex,403,11,0.7272727272727273,0.34782608695652173,0.5161290322580645
external,ogbn-arxiv,FaPlex,404,11,0.9090909090909091,0.47619047619047616,0.6451612903225806
external,ogbn-arxiv,FaPlex,405,11,0.8181818181818182,0.4090909090909091,0.5806451612903226
external,ogbn-arxiv,FaPlex,406,11,0.9090909090909091,0.47619047619047616,0.6451612903225806
external,ogbn-arxiv,FaPlex,407,11,0.9090909090909091,0.47619047619047616,0.6451612903225806
external,ogbn-arxiv,FaPlex,408,11,0.9090909090909091,0.47619047619047616,0.6451612903225806
external,ogbn-arxiv,FaPlex,409,11,0.8181818181818182,0.4090909090909091,0.5806451612903226
external,ogbn-arxiv,FaPlex,410,11,0.8181818181818182,0.4090909090909091,0.5806451612903226
external,ogbn-arxiv,FaPlex,411,11,0.8181818181818182,0.4090909090909091,0.5806451612903226
external,ogbn-arxiv,FaPlex,412,11,0.8181818181818182,0.4090909090909091,0.5806451612903226
external,ogbn-arxiv,FaPlex,413,11,0.8181818181818182,0.4090909090909091,0.5806451612903226
external,ogbn-arxiv,FaPlex,414,11,0.8181818181818182,0.4090909090909091,0.5806451612903226
external,ogbn-arxiv,FaPlex,415,11,0.8181818181818182,0.4090909090909091,0.5806451612903226
external,ogbn-arxiv,FaPlex,416,11,0.36363636363636365,0.14814814814814814,0.25806451612903225
external,ogbn-arxiv,FaPlex,417,11,0.45454545454545453,0.19230769230769232,0.3225806451612903
external,ogbn-arxiv,FaPlex,418,11,0.36363636363636365,0.14814814814814814,0.25806451612903225
external,ogbn-arxiv,FaPlex,419,11,0.45454545454545453,0.19230769230769232,0.3225806451612903
external,ogbn-arxiv,FaPlex,420,11,0.9090909090909091,0.47619047619047616,0.6451612903225806
external,ogbn-arxiv,FaPlex,421,11,0.8181818181818182,0.4090909090909091,0.5806451612903226
external,ogbn-arxiv,FaPlex,422,11,0.9090909090909091,0.47619047619047616,0.6451612903225806
external,ogbn-arxiv,FaPlex,423,11,0.7272727272727273,0.34782608695652173,0.5161290322580645
external,ogbn-arxiv,FaPlex,424,11,0.8181818181818182,0.4090909090909091,0.5806451612903226
external,ogbn-arxiv,FaPlex,425,11,0.8181818181818182,0.4090909090909091,0.5806451612903226
external,ogbn-arxiv,FaPlex,426,11,0.8181818181818182,0.4090909090909091,0.5806451612903226
external,ogbn-arxiv,FaPlex,427,11,0.9090909090909091,0.47619047619047616,0.6451612903225806
external,ogbn-arxiv,FaPlex,428,11,0.5454545454545454,0.24,0.3870967741935484
external,ogbn-arxiv,FaPlex,429,11,0.5454545454545454,0.24,0.3870967741935484
external,ogbn-arxiv,FaPlex,430,11,0.7272727272727273,0.34782608695652173,0.5161290322580645
external,ogbn-arxiv,FaPlex,431,11,0.7272727272727273,0.34782608695652173,0.5161290322580645
external,ogbn-arxiv,FaPlex,432,11,0.8181818181818182,0.4090909090909091,0.5806451612903226
external,ogbn-arxiv,FaPlex,433,11,0.7272727272727273,0.34782608695652173,0.5161290322580645
external,ogbn-arxiv,FaPlex,434,11,0.8181818181818182,0.4090909090909091,0.5806451612903226
external,ogbn-arxiv,FaPlex,435,11,0.7272727272727273,0.34782608695652173,0.5161290322580645
external,ogbn-arxiv,FaPlex,436,11,0.8181818181818182,0.4090909090909091,0.5806451612903226
external,ogbn-arxiv,FaPlex,437,11,0.8181818181818182,0.4090909090909091,0.5806451612903226
external,ogbn-arxiv,FaPlex,438,11,0.0,0.0,0.0
external,ogbn-arxiv,FaPlex,439,11,0.0,0.0,0.0
external,ogbn-arxiv,FaPlex,440,11,0.0,0.0,0.0
external,ogbn-arxiv,FaPlex,441,11,0.0,0.0,0.0
external,ogbn-arxiv,FaPlex,442,11,0.0,0.0,0.0
external,ogbn-arxiv,FaPlex,443,11,0.0,0.0,0.0
external,ogbn-arxiv,FaPlex,444,11,0.8181818181818182,0.4090909090909091,0.5806451612903226
external,ogbn-arxiv,FaPlex,445,11,0.7272727272727273,0.34782608695652173,0.5161290322580645
external,ogbn-arxiv,FaPlex,446,11,0.8181818181818182,0.4090909090909091,0.5806451612903226
external,ogbn-arxiv,FaPlex,447,11,0.8181818181818182,0.4090909090909091,0.5806451612903226
external,ogbn-arxiv,FaPlex,448,11,0.8181818181818182,0.4090909090909091,0.5806451612903226
external,ogbn-arxiv,FaPlex,449,11,0.9090909090909091,0.47619047619047616,0.6451612903225806
external,ogbn-arxiv,FaPlex,450,11,0.9090909090909091,0.47619047619047616,0.6451612903225806
external,ogbn-arxiv,FaPlex,451,11,0.9090909090909091,0.47619047619047616,0.6451612903225806
external,ogbn-arxiv,FaPlex,452,11,0.0,0.0,0.0
external,ogbn-arxiv,FaPlex,453,11,0.0,0.0,0.0
external,ogbn-arxiv,FaPlex,454,11,0.8181818181818182,0.4090909090909091,0.5806451612903226
external,ogbn-arxiv,FaPlex,455,11,0.8181818181818182,0.4090909090909091,0.5806451612903226
external,ogbn-arxiv,FaPlex,456,11,0.8181818181818182,0.4090909090909091,0.5806451612903226
external,ogbn-arxiv,FaPlex,457,11,0.8181818181818182,0.4090909090909091,0.5806451612903226
external,ogbn-arxiv,FaPlex,458,11,0.7272727272727273,0.34782608695652173,0.5161290322580645
external,ogbn-arxiv,FaPlex,459,10,0.8,0.36363636363636365,0.5333333333333333
external,ogbn-arxiv,FaPlex,460,10,0.7,0.30434782608695654,0.4666666666666667
external,ogbn-arxiv,FaPlex,461,10,0.8,0.36363636363636365,0.5333333333333333
external,ogbn-arxiv,FaPlex,462,10,0.9,0.42857142857142855,0.6
external,ogbn-arxiv,FaPlex,463,10,0.8,0.36363636363636365,0.5333333333333333
external,ogbn-arxiv,FaPlex,464,10,0.9,0.42857142857142855,0.6
external,ogbn-arxiv,FaPlex,465,10,0.9,0.42857142857142855,0.6
external,ogbn-arxiv,FaPlex,466,10,0.0,0.0,0.0
external,ogbn-arxiv,FaPlex,467,10,0.0,0.0,0.0
external,ogbn-arxiv,FaPlex,468,10,0.0,0.0,0.0
external,ogbn-arxiv,FaPlex,469,10,0.0,0.0,0.0
external,ogbn-arxiv,FaPlex,470,10,0.0,0.0,0.0
external,ogbn-arxiv,FaPlex,471,10,0.0,0.0,0.0
external,ogbn-arxiv,FaPlex,472,10,0.0,0.0,0.0
external,ogbn-arxiv,FaPlex,473,10,0.0,0.0,0.0
external,ogbn-arxiv,FaPlex,474,10,0.0,0.0,0.0
external,ogbn-arxiv,FaPlex,475,10,0.0,0.0,0.0
external,ogbn-arxiv,FaPlex,476,10,0.0,0.0,0.0
external,ogbn-arxiv,FaPlex,477,10,0.0,0.0,0.0
external,ogbn-arxiv,FaPlex,478,10,0.0,0.0,0.0
external,ogbn-arxiv,FaPlex,479,10,0.0,0.0,0.0
external,ogbn-arxiv,FaPlex,480,10,0.0,0.0,0.0
external,ogbn-arxiv,FaPlex,481,10,0.0,0.0,0.0
external,ogbn-arxiv,FaPlex,482,10,0.0,0.0,0.0
external,ogbn-arxiv,FaPlex,483,10,0.0,0.0,0.0
external,ogbn-arxiv,FaPlex,484,10,0.0,0.0,0.0
external,ogbn-arxiv,FaPlex,485,10,0.0,0.0,0.0
external,ogbn-arxiv,FaPlex,486,10,0.0,0.0,0.0
external,ogbn-arxiv,FaPlex,487,10,0.0,0.0,0.0
external,ogbn-arxiv,FaPlex,488,10,0.0,0.0,0.0
external,ogbn-arxiv,FaPlex,489,10,0.0,0.0,0.0
external,ogbn-arxiv,FaPlex,490,10,0.0,0.0,0.0
external,ogbn-arxiv,FaPlex,491,10,0.0,0.0,0.0
external,ogbn-arxiv,FaPlex,492,10,0.0,0.0,0.0
external,ogbn-arxiv,FaPlex,493,10,0.0,0.0,0.0
external,ogbn-arxiv,FaPlex,494,10,0.0,0.0,0.0
external,ogbn-arxiv,FaPlex,495,10,0.0,0.0,0.0
external,ogbn-arxiv,FaPlex,496,10,0.0,0.0,0.0
external,ogbn-arxiv,FaPlex,497,10,0.0,0.0,0.0
external,ogbn-arxiv,FaPlex,498,10,0.0,0.0,0.0
external,ogbn-arxiv,FaPlex,499,10,0.0,0.0,0.0
external,ogbn-arxiv,FaPlex,500,10,0.0,0.0,0.0
external,ogbn-arxiv,FaPlex,501,10,0.0,0.0,0.0
external,ogbn-arxiv,FaPlex,502,10,0.0,0.0,0.0
external,ogbn-arxiv,FaPlex,503,10,0.0,0.0,0.0
external,ogbn-arxiv,FaPlex,504,10,0.0,0.0,0.0
external,ogbn-arxiv,FaPlex,505,10,0.0,0.0,0.0
external,ogbn-arxiv,FaPlex,506,10,0.0,0.0,0.0
external,ogbn-arxiv,FaPlex,507,10,0.0,0.0,0.0
external,ogbn-arxiv,FaPlex,508,10,0.0,0.0,0.0
external,ogbn-arxiv,FaPlex,509,10,0.0,0.0,0.0
external,ogbn-arxiv,FaPlex,510,10,0.0,0.0,0.0
external,ogbn-arxiv,FaPlex,511,10,0.0,0.0,0.0
external,ogbn-arxiv,FaPlex,512,10,0.0,0.0,0.0
external,ogbn-arxiv,FaPlex,513,10,0.0,0.0,0.0
external,ogbn-arxiv,FaPlex,514,10,0.0,0.0,0.0
external,ogbn-arxiv,FaPlex,515,10,0.0,0.0,0.0
external,ogbn-arxiv,FaPlex,516,10,0.0,0.0,0.0
external,ogbn-arxiv,FaPlex,517,10,0.6,0.25,0.4
external,ogbn-arxiv,FaPlex,518,10,0.7,0.30434782608695654,0.4666666666666667
external,ogbn-arxiv,FaPlex,519,10,0.7,0.30434782608695654,0.4666666666666667
external,ogbn-arxiv,FaPlex,520,10,0.6,0.25,0.4
external,ogbn-arxiv,FaPlex,521,10,0.7,0.30434782608695654,0.4666666666666667
external,ogbn-arxiv,FaPlex,522,10,0.8,0.36363636363636365,0.5333333333333333
external,ogbn-arxiv,FaPlex,523,10,0.8,0.36363636363636365,0.5333333333333333
external,ogbn-arxiv,FaPlex,524,10,0.9,0.42857142857142855,0.6
external,ogbn-arxiv,FaPlex,525,10,0.9,0.42857142857142855,0.6
external,ogbn-arxiv,FaPlex,526,10,0.9,0.42857142857142855,0.6
external,ogbn-arxiv,FaPlex,527,10,0.9,0.42857142857142855,0.6
external,ogbn-arxiv,FaPlex,528,10,0.9,0.42857142857142855,0.6
external,ogbn-arxiv,FaPlex,529,10,0.0,0.0,0.0
external,ogbn-arxiv,FaPlex,530,10,0.0,0.0,0.0
external,ogbn-arxiv,FaPlex,531,10,0.0,0.0,0.0
external,ogbn-arxiv,FaPlex,532,10,0.0,0.0,0.0
external,ogbn-arxiv,FaPlex,533,10,0.0,0.0,0.0
external,ogbn-arxiv,FaPlex,534,10,0.0,0.0,0.0
external,ogbn-arxiv,FaPlex,535,10,0.0,0.0,0.0
external,ogbn-arxiv,FaPlex,536,10,0.0,0.0,0.0
external,ogbn-arxiv,FaPlex,537,10,0.0,0.0,0.0
external,ogbn-arxiv,FaPlex,538,10,0.0,0.0,0.0
external,ogbn-arxiv,FaPlex,539,10,0.0,0.0,0.0
external,ogbn-arxiv,FaPlex,540,10,0.0,0.0,0.0
external,ogbn-arxiv,FaPlex,541,10,0.0,0.0,0.0
external,ogbn-arxiv,FaPlex,542,10,0.0,0.0,0.0
external,ogbn-arxiv,FaPlex,543,10,0.0,0.0,0.0
external,ogbn-arxiv,FaPlex,544,10,0.0,0.0,0.0
external,ogbn-arxiv,FaPlex,545,10,0.0,0.0,0.0
external,ogbn-arxiv,FaPlex,546,10,0.0,0.0,0.0
external,ogbn-arxiv,FaPlex,547,10,0.0,0.0,0.0
external,ogbn-arxiv,FaPlex,548,10,0.0,0.0,0.0
external,ogbn-arxiv,FaPlex,549,10,0.0,0.0,0.0
external,ogbn-arxiv,FaPlex,550,10,0.0,0.0,0.0
external,ogbn-arxiv,FaPlex,551,10,0.0,0.0,0.0
external,ogbn-arxiv,FaPlex,552,10,0.0,0.0,0.0
external,ogbn-arxiv,FaPlex,553,10,0.0,0.0,0.0
external,ogbn-arxiv,FaPlex,554,10,0.0,0.0,0.0
external,ogbn-arxiv,FaPlex,555,10,0.0,0.0,0.0
external,ogbn-arxiv,FaPlex,556,10,0.0,0.0,0.0
external,ogbn-arxiv,FaPlex,557,10,0.9,0.42857142857142855,0.6
external,ogbn-arxiv,FaPlex,558,10,0.0,0.0,0.0
external,ogbn-arxiv,FaPlex,559,10,0.0,0.0,0.0
external,ogbn-arxiv,FaPlex,560,10,0.0,0.0,0.0
external,ogbn-arxiv,FaPlex,561,10,0.0,0.0,0.0
external,ogbn-arxiv,FaPlex,562,10,0.0,0.0,0.0
external,ogbn-arxiv,FaPlex,563,10,0.0,0.0,0.0
external,ogbn-arxiv,FaPlex,564,10,0.0,0.0,0.0
external,ogbn-arxiv,FaPlex,565,10,0.8,0.36363636363636365,0.5333333333333333
external,ogbn-arxiv,FaPlex,566,10,0.8,0.36363636363636365,0.5333333333333333
external,ogbn-arxiv,FaPlex,567,10,0.7,0.30434782608695654,0.4666666666666667
external,ogbn-arxiv,FaPlex,568,10,0.9,0.42857142857142855,0.6
external,ogbn-arxiv,FaPlex,569,10,0.8,0.36363636363636365,0.5333333333333333
external,ogbn-arxiv,FaPlex,570,10,0.8,0.36363636363636365,0.5333333333333333
external,ogbn-arxiv,FaPlex,571,10,0.9,0.42857142857142855,0.6
external,ogbn-arxiv,FaPlex,572,10,0.7,0.30434782608695654,0.4666666666666667
external,ogbn-arxiv,FaPlex,573,10,0.9,0.42857142857142855,0.6
external,ogbn-arxiv,FaPlex,574,10,0.8,0.36363636363636365,0.5333333333333333
external,ogbn-arxiv,FaPlex,575,10,0.8,0.36363636363636365,0.5333333333333333
external,ogbn-arxiv,FaPlex,576,10,0.9,0.42857142857142855,0.6
external,ogbn-arxiv,FaPlex,577,10,0.8,0.36363636363636365,0.5333333333333333
external,ogbn-arxiv,FaPlex,578,10,0.7,0.30434782608695654,0.4666666666666667
external,ogbn-arxiv,FaPlex,579,10,0.8,0.36363636363636365,0.5333333333333333
external,ogbn-arxiv,FaPlex,580,10,0.7,0.30434782608695654,0.4666666666666667
external,ogbn-arxiv,FaPlex,581,10,0.7,0.30434782608695654,0.4666666666666667
external,ogbn-arxiv,FaPlex,582,10,0.9,0.42857142857142855,0.6
external,ogbn-arxiv,FaPlex,583,10,0.7,0.30434782608695654,0.4666666666666667
external,ogbn-arxiv,FaPlex,584,10,0.8,0.36363636363636365,0.5333333333333333
external,ogbn-arxiv,FaPlex,585,10,0.8,0.36363636363636365,0.5333333333333333
external,ogbn-arxiv,FaPlex,586,10,0.9,0.42857142857142855,0.6
external,ogbn-arxiv,FaPlex,587,10,0.7,0.30434782608695654,0.4666666666666667
external,ogbn-arxiv,FaPlex,588,10,0.3,0.1111111111111111,0.2
external,ogbn-arxiv,FaPlex,589,10,0.3,0.1111111111111111,0.2
external,ogbn-arxiv,FaPlex,590,10,0.3,0.1111111111111111,0.2
external,ogbn-arxiv,FaPlex,591,10,0.3,0.1111111111111111,0.2
external,ogbn-arxiv,FaPlex,592,10,0.4,0.15384615384615385,0.26666666666666666
external,ogbn-arxiv,FaPlex,593,10,0.3,0.1111111111111111,0.2
external,ogbn-arxiv,FaPlex,594,10,0.3,0.1111111111111111,0.2
external,ogbn-arxiv,FaPlex,595,10,0.4,0.15384615384615385,0.26666666666666666
external,ogbn-arxiv,FaPlex,596,10,0.7,0.30434782608695654,0.4666666666666667
external,ogbn-arxiv,FaPlex,597,10,0.7,0.30434782608695654,0.4666666666666667
external,ogbn-arxiv,FaPlex,598,10,0.7,0.30434782608695654,0.4666666666666667
external,ogbn-arxiv,FaPlex,599,10,0.8,0.36363636363636365,0.5333333333333333
external,ogbn-arxiv,FaPlex,600,10,0.9,0.42857142857142855,0.6
external,ogbn-arxiv,FaPlex,601,10,0.8,0.36363636363636365,0.5333333333333333
external,ogbn-arxiv,FaPlex,602,10,0.9,0.42857142857142855,0.6
external,ogbn-arxiv,FaPlex,603,10,0.7,0.30434782608695654,0.4666666666666667
external,ogbn-arxiv,FaPlex,604,10,0.8,0.36363636363636365,0.5333333333333333
external,ogbn-arxiv,FaPlex,605,10,0.8,0.36363636363636365,0.5333333333333333
external,ogbn-arxiv,FaPlex,606,10,0.8,0.36363636363636365,0.5333333333333333
external,ogbn-arxiv,FaPlex,607,10,0.9,0.42857142857142855,0.6
external,ogbn-arxiv,FaPlex,608,10,0.7,0.30434782608695654,0.4666666666666667
external,ogbn-arxiv,FaPlex,609,10,0.8,0.36363636363636365,0.5333333333333333
external,ogbn-arxiv,FaPlex,610,10,0.8,0.36363636363636365,0.5333333333333333
external,ogbn-arxiv,FaPlex,611,10,0.9,0.42857142857142855,0.6
external,ogbn-arxiv,FaPlex,612,10,0.7,0.30434782608695654,0.4666666666666667
external,ogbn-arxiv,FaPlex,613,10,0.8,0.36363636363636365,0.5333333333333333
external,ogbn-arxiv,FaPlex,614,10,0.8,0.36363636363636365,0.5333333333333333
external,ogbn-arxiv,FaPlex,615,10,0.8,0.36363636363636365,0.5333333333333333
external,ogbn-arxiv,FaPlex,616,10,0.4,0.15384615384615385,0.26666666666666666
external,ogbn-arxiv,FaPlex,617,10,0.8,0.36363636363636365,0.5333333333333333
external,ogbn-arxiv,FaPlex,618,10,0.7,0.30434782608695654,0.4666666666666667
external,ogbn-arxiv,FaPlex,619,10,0.4,0.15384615384615385,0.26666666666666666
external,ogbn-arxiv,FaPlex,620,10,0.7,0.30434782608695654,0.4666666666666667
external,ogbn-arxiv,FaPlex,621,10,0.7,0.30434782608695654,0.4666666666666667
external,ogbn-arxiv,FaPlex,622,10,0.0,0.0,0.0
external,ogbn-arxiv,FaPlex,623,10,0.0,0.0,0.0
external,ogbn-arxiv,FaPlex,624,10,0.0,0.0,0.0
external,ogbn-arxiv,FaPlex,625,10,0.0,0.0,0.0
external,ogbn-arxiv,FaPlex,626,10,0.0,0.0,0.0
external,ogbn-arxiv,FaPlex,627,10,0.0,0.0,0.0
external,ogbn-arxiv,FaPlex,628,10,0.0,0.0,0.0
external,ogbn-arxiv,FaPlex,629,10,0.0,0.0,0.0
external,ogbn-arxiv,FaPlex,630,10,0.0,0.0,0.0
external,ogbn-arxiv,FaPlex,631,10,0.0,0.0,0.0
external,ogbn-arxiv,FaPlex,632,10,0.0,0.0,0.0
external,ogbn-arxiv,FaPlex,633,10,0.0,0.0,0.0
external,ogbn-arxiv,FaPlex,634,10,0.0,0.0,0.0
external,ogbn-arxiv,FaPlex,635,10,0.0,0.0,0.0
external,ogbn-arxiv,FaPlex,636,10,0.0,0.0,0.0
external,ogbn-arxiv,FaPlex,637,10,0.0,0.0,0.0
external,ogbn-arxiv,FaPlex,638,10,0.0,0.0,0.0
external,ogbn-arxiv,FaPlex,639,10,0.0,0.0,0.0
external,ogbn-arxiv,FaPlex,640,10,0.0,0.0,0.0
external,ogbn-arxiv,FaPlex,641,10,0.0,0.0,0.0
external,ogbn-arxiv,FaPlex,642,10,0.0,0.0,0.0
external,ogbn-arxiv,FaPlex,643,10,0.0,0.0,0.0
external,ogbn-arxiv,FaPlex,644,10,0.0,0.0,0.0
external,ogbn-arxiv,FaPlex,645,10,0.0,0.0,0.0
external,ogbn-arxiv,FaPlex,646,10,0.0,0.0,0.0
external,ogbn-arxiv,FaPlex,647,10,0.0,0.0,0.0
external,ogbn-arxiv,FaPlex,648,10,0.0,0.0,0.0
external,ogbn-arxiv,FaPlex,649,10,0.0,0.0,0.0
external,ogbn-arxiv,FaPlex,650,10,0.0,0.0,0.0
external,ogbn-arxiv,FaPlex,651,10,0.0,0.0,0.0
external,ogbn-arxiv,FaPlex,652,10,0.0,0.0,0.0
external,ogbn-arxiv,FaPlex,653,10,0.0,0.0,0.0
external,ogbn-arxiv,FaPlex,654,10,0.0,0.0,0.0
external,ogbn-arxiv,FaPlex,655,10,0.0,0.0,0.0
external,ogbn-arxiv,FaPlex,656,10,0.0,0.0,0.0
external,ogbn-arxiv,FaPlex,657,10,0.0,0.0,0.0
external,ogbn-arxiv,FaPlex,658,10,0.0,0.0,0.0
external,ogbn-arxiv,FaPlex,659,10,0.0,0.0,0.0
external,ogbn-arxiv,FaPlex,660,10,0.0,0.0,0.0
external,ogbn-arxiv,FaPlex,661,10,0.0,0.0,0.0
external,ogbn-arxiv,FaPlex,662,10,0.0,0.0,0.0
external,ogbn-arxiv,FaPlex,663,10,0.0,0.0,0.0
external,ogbn-arxiv,FaPlex,664,10,0.0,0.0,0.0
external,ogbn-arxiv,FaPlex,665,10,0.7,0.30434782608695654,0.4666666666666667
external,ogbn-arxiv,FaPlex,666,10,0.8,0.36363636363636365,0.5333333333333333
external,ogbn-arxiv,FaPlex,667,10,0.7,0.30434782608695654,0.4666666666666667
external,ogbn-arxiv,FaPlex,668,10,0.7,0.30434782608695654,0.4666666666666667
external,ogbn-arxiv,FaPlex,669,10,0.6,0.25,0.4
external,ogbn-arxiv,FaPlex,670,10,0.7,0.30434782608695654,0.4666666666666667
external,ogbn-arxiv,FaPlex,671,10,0.6,0.25,0.4
external,ogbn-arxiv,FaPlex,672,10,0.8,0.36363636363636365,0.5333333333333333
external,ogbn-arxiv,FaPlex,673,10,0.7,0.30434782608695654,0.4666666666666667
external,ogbn-arxiv,FaPlex,674,10,0.8,0.36363636363636365,0.5333333333333333
external,ogbn-arxiv,FaPlex,675,10,0.9,0.42857142857142855,0.6
external,ogbn-arxiv,FaPlex,676,10,0.7,0.30434782608695654,0.4666666666666667
external,ogbn-arxiv,FaPlex,677,10,0.0,0.0,0.0
external,ogbn-arxiv,FaPlex,678,10,0.8,0.36363636363636365,0.5333333333333333
external,ogbn-arxiv,FaPlex,679,10,0.9,0.42857142857142855,0.6
external,ogbn-arxiv,FaPlex,680,10,0.0,0.0,0.0
external,ogbn-arxiv,FaPlex,681,10,0.0,0.0,0.0
external,ogbn-arxiv,FaPlex,682,10,0.0,0.0,0.0
external,ogbn-arxiv,FaPlex,683,10,0.0,0.0,0.0
external,ogbn-arxiv,FaPlex,684,10,0.0,0.0,0.0
external,ogbn-arxiv,FaPlex,685,10,0.0,0.0,0.0
external,ogbn-arxiv,FaPlex,686,10,0.0,0.0,0.0
external,ogbn-arxiv,FaPlex,687,10,0.8,0.36363636363636365,0.5333333333333333
external,ogbn-arxiv,FaPlex,688,10,0.6,0.25,0.4
external,ogbn-arxiv,FaPlex,689,10,0.7,0.30434782608695654,0.4666666666666667
external,ogbn-arxiv,FaPlex,690,10,0.8,0.36363636363636365,0.5333333333333333
external,ogbn-arxiv,FaPlex,691,10,0.8,0.36363636363636365,0.5333333333333333
external,ogbn-arxiv,FaPlex,692,10,0.7,0.30434782608695654,0.4666666666666667
external,ogbn-arxiv,FaPlex,693,10,0.0,0.0,0.0
external,ogbn-arxiv,FaPlex,694,10,0.7,0.30434782608695654,0.4666666666666667
external,ogbn-arxiv,FaPlex,695,10,0.7,0.30434782608695654,0.4666666666666667
external,ogbn-arxiv,FaPlex,696,10,0.0,0.0,0.0
definition,Flickr,PairSim-MCE,0,18,0.3888888888888889,0.3888888888888889,0.56
definition,Flickr,PairSim-MCE,1,18,0.3888888888888889,0.3888888888888889,0.56
definition,Flickr,PairSim-MCE,2,18,0.3888888888888889,0.3888888888888889,0.56
definition,Flickr,PairSim-MCE,3,18,0.3888888888888889,0.3888888888888889,0.56
definition,Flickr,PairSim-MCE,4,18,0.3888888888888889,0.3888888888888889,0.56
definition,Flickr,PairSim-MCE,5,18,0.3888888888888889,0.3888888888888889,0.56
definition,Flickr,PairSim-MCE,6,18,0.3888888888888889,0.3888888888888889,0.56
definition,Flickr,PairSim-MCE,7,18,0.3888888888888889,0.3888888888888889,0.56
definition,Flickr,PairSim-MCE,8,18,0.4444444444444444,0.4444444444444444,0.6153846153846154
definition,Flickr,PairSim-MCE,9,18,0.4444444444444444,0.4444444444444444,0.6153846153846154
definition,Flickr,PairSim-MCE,10,18,0.3888888888888889,0.3888888888888889,0.56
definition,Flickr,PairSim-MCE,11,18,0.3888888888888889,0.3888888888888889,0.56
definition,Flickr,PairSim-MCE,12,18,0.3888888888888889,0.3888888888888889,0.56
definition,Flickr,PairSim-MCE,13,18,0.3888888888888889,0.3888888888888889,0.56
definition,Flickr,PairSim-MCE,14,18,0.3888888888888889,0.3888888888888889,0.56
definition,Flickr,PairSim-MCE,15,18,0.3888888888888889,0.3888888888888889,0.56
definition,Flickr,PairSim-MCE,16,18,0.3888888888888889,0.3888888888888889,0.56
definition,Flickr,PairSim-MCE,17,18,0.3888888888888889,0.3888888888888889,0.56
definition,Flickr,PairSim-MCE,18,17,0.4117647058823529,0.4117647058823529,0.5833333333333334
definition,Flickr,PairSim-MCE,19,17,0.4117647058823529,0.4117647058823529,0.5833333333333334
definition,Flickr,PairSim-MCE,20,17,0.4117647058823529,0.4117647058823529,0.5833333333333334
definition,Flickr,PairSim-MCE,21,17,0.4117647058823529,0.4117647058823529,0.5833333333333334
definition,Flickr,PairSim-MCE,22,17,0.4117647058823529,0.4117647058823529,0.5833333333333334
definition,Flickr,PairSim-MCE,23,17,0.4117647058823529,0.4117647058823529,0.5833333333333334
definition,Flickr,PairSim-MCE,24,17,0.47058823529411764,0.47058823529411764,0.64
definition,Flickr,PairSim-MCE,25,17,0.4117647058823529,0.3888888888888889,0.56
definition,Flickr,PairSim-MCE,26,17,0.4117647058823529,0.4117647058823529,0.5833333333333334
definition,Flickr,PairSim-MCE,27,17,0.47058823529411764,0.47058823529411764,0.64
definition,Flickr,PairSim-MCE,28,17,0.4117647058823529,0.3888888888888889,0.56
definition,Flickr,PairSim-MCE,29,17,0.47058823529411764,0.47058823529411764,0.64
definition,Flickr,PairSim-MCE,30,17,0.4117647058823529,0.4117647058823529,0.5833333333333334
definition,Flickr,PairSim-MCE,31,17,0.4117647058823529,0.4117647058823529,0.5833333333333334
definition,Flickr,PairSim-MCE,32,17,0.4117647058823529,0.4117647058823529,0.5833333333333334
definition,Flickr,PairSim-MCE,33,17,0.4117647058823529,0.4117647058823529,0.5833333333333334
definition,Flickr,PairSim-MCE,34,17,0.35294117647058826,0.35294117647058826,0.5217391304347826
definition,Flickr,PairSim-MCE,35,17,0.35294117647058826,0.35294117647058826,0.5217391304347826
definition,Flickr,PairSim-MCE,36,17,0.4117647058823529,0.4117647058823529,0.5833333333333334
definition,Flickr,PairSim-MCE,37,17,0.4117647058823529,0.4117647058823529,0.5833333333333334
definition,Flickr,PairSim-MCE,38,17,0.4117647058823529,0.4117647058823529,0.5833333333333334
definition,Flickr,PairSim-MCE,39,17,0.4117647058823529,0.4117647058823529,0.5833333333333334
definition,Flickr,PairSim-MCE,40,17,0.4117647058823529,0.4117647058823529,0.5833333333333334
definition,Flickr,PairSim-MCE,41,17,0.4117647058823529,0.4117647058823529,0.5833333333333334
definition,Flickr,PairSim-MCE,42,17,0.4117647058823529,0.4117647058823529,0.5833333333333334
definition,Flickr,PairSim-MCE,43,17,0.4117647058823529,0.4117647058823529,0.5833333333333334
definition,Flickr,PairSim-MCE,44,17,0.4117647058823529,0.4117647058823529,0.5833333333333334
definition,Flickr,PairSim-MCE,45,17,0.4117647058823529,0.4117647058823529,0.5833333333333334
definition,Flickr,PairSim-MCE,46,17,0.4117647058823529,0.4117647058823529,0.5833333333333334
definition,Flickr,PairSim-MCE,47,17,0.35294117647058826,0.35294117647058826,0.5217391304347826
definition,Flickr,PairSim-MCE,48,17,0.4117647058823529,0.4117647058823529,0.5833333333333334
definition,Flickr,PairSim-MCE,49,16,0.4375,0.4375,0.6086956521739131
definition,Flickr,PairSim-MCE,50,16,0.4375,0.4117647058823529,0.5833333333333334
definition,Flickr,PairSim-MCE,51,16,0.4375,0.4375,0.6086956521739131
definition,Flickr,PairSim-MCE,52,16,0.4375,0.4117647058823529,0.5833333333333334
definition,Flickr,PairSim-MCE,53,16,0.5,0.5,0.6666666666666666
definition,Flickr,PairSim-MCE,54,16,0.5,0.5,0.6666666666666666
definition,Flickr,PairSim-MCE,55,16,0.4375,0.4117647058823529,0.5833333333333334
definition,Flickr,PairSim-MCE,56,16,0.5,0.5,0.6666666666666666
definition,Flickr,PairSim-MCE,57,16,0.5,0.5,0.6666666666666666
definition,Flickr,PairSim-MCE,58,16,0.4375,0.4375,0.6086956521739131
definition,Flickr,PairSim-MCE,59,16,0.5,0.5,0.6666666666666666
definition,Flickr,PairSim-MCE,60,16,0.5,0.5,0.6666666666666666
definition,Flickr,PairSim-MCE,61,16,0.4375,0.4375,0.6086956521739131
definition,Flickr,PairSim-MCE,62,16,0.4375,0.4375,0.6086956521739131
definition,Flickr,PairSim-MCE,63,16,0.4375,0.4375,0.6086956521739131
definition,Flickr,PairSim-MCE,64,16,0.5,0.5,0.6666666666666666
definition,Flickr,PairSim-MCE,65,16,0.5,0.5,0.6666666666666666
definition,Flickr,PairSim-MCE,66,16,0.4375,0.4375,0.6086956521739131
definition,Flickr,PairSim-MCE,67,16,0.4375,0.4375,0.6086956521739131
definition,Flickr,PairSim-MCE,68,16,0.4375,0.4117647058823529,0.5833333333333334
definition,Flickr,PairSim-MCE,69,16,0.4375,0.4375,0.6086956521739131
definition,Flickr,PairSim-MCE,70,16,0.4375,0.4375,0.6086956521739131
definition,Flickr,PairSim-MCE,71,16,0.4375,0.4375,0.6086956521739131
definition,Flickr,PairSim-MCE,72,16,0.4375,0.4375,0.6086956521739131
definition,Flickr,PairSim-MCE,73,16,0.4375,0.4375,0.6086956521739131
definition,Flickr,PairSim-MCE,74,15,0.4666666666666667,0.4375,0.6086956521739131
definition,Flickr,PairSim-MCE,75,15,0.4666666666666667,0.4375,0.6086956521739131
definition,Flickr,PairSim-MCE,76,15,0.4666666666666667,0.4666666666666667,0.6363636363636364
definition,Flickr,PairSim-MCE,77,15,0.4,0.375,0.5454545454545454
definition,Flickr,PairSim-MCE,78,15,0.4666666666666667,0.4375,0.6086956521739131
definition,Flickr,PairSim-MCE,79,15,0.4666666666666667,0.4375,0.6086956521739131
definition,Flickr,PairSim-MCE,80,15,0.4666666666666667,0.4375,0.6086956521739131
definition,Flickr,PairSim-MCE,81,15,0.4,0.375,0.5454545454545454
definition,Flickr,PairSim-MCE,82,15,0.4666666666666667,0.4375,0.6086956521739131
definition,Flickr,PairSim-MCE,83,15,0.4666666666666667,0.4375,0.6086956521739131
definition,Flickr,PairSim-MCE,84,15,0.4666666666666667,0.4666666666666667,0.6363636363636364
definition,Flickr,PairSim-MCE,85,15,0.4666666666666667,0.4666666666666667,0.6363636363636364
definition,Flickr,PairSim-MCE,86,15,0.4666666666666667,0.4666666666666667,0.6363636363636364
definition,Flickr,PairSim-MCE,87,15,0.4666666666666667,0.4666666666666667,0.6363636363636364
definition,Flickr,PairSim-MCE,88,15,0.4,0.4,0.5714285714285714
definition,Flickr,PairSim-MCE,89,15,0.4,0.4,0.5714285714285714
definition,Flickr,PairSim-MCE,90,15,0.4,0.4,0.5714285714285714
definition,Flickr,PairSim-MCE,91,15,0.4,0.4,0.5714285714285714
definition,Flickr,PairSim-MCE,92,15,0.4666666666666667,0.4666666666666667,0.6363636363636364
definition,Flickr,PairSim-MCE,93,14,0.5,0.5,0.6666666666666666
definition,Flickr,PairSim-MCE,94,14,0.5,0.4666666666666667,0.6363636363636364
definition,Flickr,PairSim-MCE,95,14,0.42857142857142855,0.42857142857142855,0.6
definition,Flickr,PairSim-MCE,96,14,0.42857142857142855,0.4,0.5714285714285714
definition,Flickr,PairSim-MCE,97,14,0.42857142857142855,0.4,0.5714285714285714
definition,Flickr,PairSim-MCE,98,14,0.42857142857142855,0.4,0.5714285714285714
definition,Flickr,PairSim-MCE,99,14,0.42857142857142855,0.4,0.5714285714285714
definition,Flickr,PairSim-MCE,100,14,0.42857142857142855,0.4,0.5714285714285714
definition,Flickr,PairSim-MCE,101,14,0.42857142857142855,0.42857142857142855,0.6
definition,Flickr,PairSim-MCE,102,14,0.42857142857142855,0.42857142857142855,0.6
definition,Flickr,PairSim-MCE,103,14,0.42857142857142855,0.42857142857142855,0.6
definition,Flickr,PairSim-MCE,104,14,0.42857142857142855,0.42857142857142855,0.6
definition,Flickr,PairSim-MCE,105,14,0.42857142857142855,0.42857142857142855,0.6
definition,Flickr,PairSim-MCE,106,14,0.42857142857142855,0.42857142857142855,0.6
definition,Flickr,PairSim-MCE,107,14,0.42857142857142855,0.42857142857142855,0.6
definition,Flickr,PairSim-MCE,108,14,0.42857142857142855,0.42857142857142855,0.6
definition,Flickr,PairSim-MCE,109,14,0.42857142857142855,0.42857142857142855,0.6
definition,Flickr,PairSim-MCE,110,14,0.42857142857142855,0.42857142857142855,0.6
definition,Flickr,PairSim-MCE,111,14,0.42857142857142855,0.42857142857142855,0.6
definition,Flickr,PairSim-MCE,112,14,0.42857142857142855,0.42857142857142855,0.6
definition,Flickr,PairSim-MCE,113,14,0.42857142857142855,0.42857142857142855,0.6
definition,Flickr,PairSim-MCE,114,14,0.42857142857142855,0.42857142857142855,0.6
definition,Flickr,PairSim-MCE,115,14,0.42857142857142855,0.42857142857142855,0.6
definition,Flickr,PairSim-MCE,116,14,0.42857142857142855,0.42857142857142855,0.6
definition,Flickr,PairSim-MCE,117,14,0.42857142857142855,0.42857142857142855,0.6
definition,Flickr,PairSim-MCE,118,14,0.5,0.5,0.6666666666666666
definition,Flickr,PairSim-MCE,119,14,0.5,0.5,0.6666666666666666
definition,Flickr,PairSim-MCE,120,14,0.42857142857142855,0.4,0.5714285714285714
definition,Flickr,PairSim-MCE,121,14,0.5,0.5,0.6666666666666666
definition,Flickr,PairSim-MCE,122,14,0.5,0.5,0.6666666666666666
definition,Flickr,PairSim-MCE,123,14,0.5,0.5,0.6666666666666666
definition,Flickr,PairSim-MCE,124,14,0.5,0.5,0.6666666666666666
definition,Flickr,PairSim-MCE,125,14,0.42857142857142855,0.4,0.5714285714285714
definition,Flickr,PairSim-MCE,126,14,0.42857142857142855,0.375,0.5454545454545454
definition,Flickr,PairSim-MCE,127,14,0.42857142857142855,0.375,0.5454545454545454
definition,Flickr,PairSim-MCE,128,14,0.35714285714285715,0.3125,0.47619047619047616
definition,Flickr,PairSim-MCE,129,14,0.35714285714285715,0.3333333333333333,0.5
definition,Flickr,PairSim-MCE,130,13,0.46153846153846156,0.46153846153846156,0.631578947368421
definition,Flickr,PairSim-MCE,131,13,0.46153846153846156,0.46153846153846156,0.631578947368421
definition,Flickr,PairSim-MCE,132,13,0.46153846153846156,0.46153846153846156,0.631578947368421
definition,Flickr,PairSim-MCE,133,13,0.5384615384615384,0.5,0.6666666666666666
definition,Flickr,PairSim-MCE,134,13,0.5384615384615384,0.5384615384615384,0.7
definition,Flickr,PairSim-MCE,135,13,0.46153846153846156,0.42857142857142855,0.6
definition,Flickr,PairSim-MCE,136,13,0.46153846153846156,0.46153846153846156,0.631578947368421
definition,Flickr,PairSim-MCE,137,13,0.46153846153846156,0.42857142857142855,0.6
definition,Flickr,PairSim-MCE,138,13,0.46153846153846156,0.46153846153846156,0.631578947368421
definition,Flickr,PairSim-MCE,139,13,0.46153846153846156,0.42857142857142855,0.6
definition,Flickr,PairSim-MCE,140,13,0.46153846153846156,0.42857142857142855,0.6
definition,Flickr,PairSim-MCE,141,13,0.46153846153846156,0.42857142857142855,0.6
definition,Flickr,PairSim-MCE,142,13,0.46153846153846156,0.42857142857142855,0.6
definition,Flickr,PairSim-MCE,143,13,0.46153846153846156,0.42857142857142855,0.6
definition,Flickr,PairSim-MCE,144,13,0.5384615384615384,0.5384615384615384,0.7
definition,Flickr,PairSim-MCE,145,13,0.5384615384615384,0.5,0.6666666666666666
definition,Flickr,PairSim-MCE,146,13,0.46153846153846156,0.46153846153846156,0.631578947368421
definition,Flickr,PairSim-MCE,147,13,0.5384615384615384,0.5,0.6666666666666666
definition,Flickr,PairSim-MCE,148,13,0.46153846153846156,0.46153846153846156,0.631578947368421
definition,Flickr,PairSim-MCE,149,13,0.46153846153846156,0.46153846153846156,0.631578947368421
definition,Flickr,PairSim-MCE,150,13,0.5384615384615384,0.5,0.6666666666666666
definition,Flickr,PairSim-MCE,151,13,0.5384615384615384,0.5,0.6666666666666666
definition,Flickr,PairSim-MCE,152,13,0.46153846153846156,0.46153846153846156,0.631578947368421
definition,Flickr,PairSim-MCE,153,13,0.46153846153846156,0.46153846153846156,0.631578947368421
definition,Flickr,PairSim-MCE,154,13,0.46153846153846156,0.46153846153846156,0.631578947368421
definition,Flickr,PairSim-MCE,155,13,0.46153846153846156,0.46153846153846156,0.631578947368421
definition,Flickr,PairSim-MCE,156,13,0.46153846153846156,0.46153846153846156,0.631578947368421
definition,Flickr,PairSim-MCE,157,13,0.46153846153846156,0.46153846153846156,0.631578947368421
definition,Flickr,PairSim-MCE,158,13,0.46153846153846156,0.46153846153846156,0.631578947368421
definition,Flickr,PairSim-MCE,159,13,0.46153846153846156,0.46153846153846156,0.631578947368421
definition,Flickr,PairSim-MCE,160,13,0.46153846153846156,0.42857142857142855,0.6
definition,Flickr,PairSim-MCE,161,13,0.46153846153846156,0.46153846153846156,0.631578947368421
definition,Flickr,PairSim-MCE,162,13,0.46153846153846156,0.46153846153846156,0.631578947368421
definition,Flickr,PairSim-MCE,163,13,0.46153846153846156,0.46153846153846156,0.631578947368421
definition,Flickr,PairSim-MCE,164,13,0.46153846153846156,0.42857142857142855,0.6
definition,Flickr,PairSim-MCE,165,13,0.46153846153846156,0.4,0.5714285714285714
definition,Flickr,PairSim-MCE,166,13,0.38461538461538464,0.35714285714285715,0.5263157894736842
definition,Flickr,PairSim-MCE,167,13,0.38461538461538464,0.35714285714285715,0.5263157894736842
definition,Flickr,PairSim-MCE,168,13,0.38461538461538464,0.35714285714285715,0.5263157894736842
definition,Flickr,PairSim-MCE,169,13,0.38461538461538464,0.35714285714285715,0.5263157894736842
definition,Flickr,PairSim-MCE,170,13,0.38461538461538464,0.35714285714285715,0.5263157894736842
definition,Flickr,PairSim-MCE,171,12,0.5,0.46153846153846156,0.631578947368421
definition,Flickr,PairSim-MCE,172,12,0.5,0.46153846153846156,0.631578947368421
definition,Flickr,PairSim-MCE,173,12,0.5,0.46153846153846156,0.631578947368421
definition,Flickr,PairSim-MCE,174,12,0.5833333333333334,0.5833333333333334,0.7368421052631579
definition,Flickr,PairSim-MCE,175,12,0.5833333333333334,0.5833333333333334,0.7368421052631579
definition,Flickr,PairSim-MCE,176,12,0.5833333333333334,0.5833333333333334,0.7368421052631579
definition,Flickr,PairSim-MCE,177,12,0.5833333333333334,0.5833333333333334,0.7368421052631579
definition,Flickr,PairSim-MCE,178,12,0.5833333333333334,0.5833333333333334,0.7368421052631579
definition,Flickr,PairSim-MCE,179,12,0.5,0.5,0.6666666666666666
definition,Flickr,PairSim-MCE,180,12,0.5,0.5,0.6666666666666666
definition,Flickr,PairSim-MCE,181,12,0.5,0.5,0.6666666666666666
definition,Flickr,PairSim-MCE,182,12,0.5,0.5,0.6666666666666666
definition,Flickr,PairSim-MCE,183,12,0.5,0.46153846153846156,0.631578947368421
definition,Flickr,PairSim-MCE,184,12,0.5833333333333334,0.5833333333333334,0.7368421052631579
definition,Flickr,PairSim-MCE,185,12,0.4166666666666667,0.35714285714285715,0.5263157894736842
definition,Flickr,PairSim-MCE,186,12,0.5,0.42857142857142855,0.6
definition,Flickr,PairSim-MCE,187,12,0.5,0.46153846153846156,0.631578947368421
definition,Flickr,PairSim-MCE,188,12,0.5,0.42857142857142855,0.6
definition,Flickr,PairSim-MCE,189,12,0.5,0.46153846153846156,0.631578947368421
definition,Flickr,PairSim-MCE,190,12,0.5,0.5,0.6666666666666666
definition,Flickr,PairSim-MCE,191,12,0.5833333333333334,0.5833333333333334,0.7368421052631579
definition,Flickr,PairSim-MCE,192,12,0.5833333333333334,0.5833333333333334,0.7368421052631579
definition,Flickr,PairSim-MCE,193,12,0.5,0.46153846153846156,0.631578947368421
definition,Flickr,PairSim-MCE,194,12,0.5,0.5,0.6666666666666666
definition,Flickr,PairSim-MCE,195,12,0.5833333333333334,0.5384615384615384,0.7
definition,Flickr,PairSim-MCE,196,12,0.5,0.5,0.6666666666666666
definition,Flickr,PairSim-MCE,197,12,0.5,0.5,0.6666666666666666
definition,Flickr,PairSim-MCE,198,12,0.5,0.5,0.6666666666666666
definition,Flickr,PairSim-MCE,199,12,0.5,0.5,0.6666666666666666
definition,Flickr,PairSim-MCE,200,12,0.5,0.5,0.6666666666666666
definition,Flickr,PairSim-MCE,201,12,0.4166666666666667,0.38461538461538464,0.5555555555555556
definition,Flickr,PairSim-MCE,202,12,0.4166666666666667,0.38461538461538464,0.5555555555555556
definition,Flickr,PairSim-MCE,203,12,0.5,0.42857142857142855,0.6
definition,Flickr,PairSim-MCE,204,12,0.5,0.5,0.6666666666666666
definition,Flickr,PairSim-MCE,205,12,0.5,0.46153846153846156,0.631578947368421
definition,Flickr,PairSim-MCE,206,12,0.4166666666666667,0.38461538461538464,0.5555555555555556
definition,Flickr,PairSim-MCE,207,12,0.4166666666666667,0.38461538461538464,0.5555555555555556
definition,Flickr,PairSim-MCE,208,12,0.4166666666666667,0.38461538461538464,0.5555555555555556
definition,Flickr,PairSim-MCE,209,12,0.4166666666666667,0.38461538461538464,0.5555555555555556
definition,Flickr,PairSim-MCE,210,12,0.4166666666666667,0.38461538461538464,0.5555555555555556
definition,Flickr,PairSim-MCE,211,11,0.45454545454545453,0.4166666666666667,0.5882352941176471
definition,Flickr,PairSim-MCE,212,11,0.6363636363636364,0.6363636363636364,0.7777777777777778
definition,Flickr,PairSim-MCE,213,11,0.5454545454545454,0.5454545454545454,0.7058823529411765
definition,Flickr,PairSim-MCE,214,11,0.45454545454545453,0.4166666666666667,0.5882352941176471
definition,Flickr,PairSim-MCE,215,11,0.45454545454545453,0.4166666666666667,0.5882352941176471
definition,Flickr,PairSim-MCE,216,11,0.5454545454545454,0.5454545454545454,0.7058823529411765
definition,Flickr,PairSim-MCE,217,11,0.5454545454545454,0.5454545454545454,0.7058823529411765
definition,Flickr,PairSim-MCE,218,11,0.45454545454545453,0.38461538461538464,0.5555555555555556
definition,Flickr,PairSim-MCE,219,11,0.45454545454545453,0.38461538461538464,0.5555555555555556
definition,Flickr,PairSim-MCE,220,11,0.45454545454545453,0.38461538461538464,0.5555555555555556
definition,Flickr,PairSim-MCE,221,11,0.45454545454545453,0.38461538461538464,0.5555555555555556
definition,Flickr,PairSim-MCE,222,11,0.6363636363636364,0.5833333333333334,0.7368421052631579
definition,Flickr,PairSim-MCE,223,11,0.5454545454545454,0.5454545454545454,0.7058823529411765
definition,Flickr,PairSim-MCE,224,11,0.5454545454545454,0.5454545454545454,0.7058823529411765
definition,Flickr,PairSim-MCE,225,11,0.5454545454545454,0.5454545454545454,0.7058823529411765
definition,Flickr,PairSim-MCE,226,11,0.45454545454545453,0.38461538461538464,0.5555555555555556
definition,Flickr,PairSim-MCE,227,11,0.5454545454545454,0.5454545454545454,0.7058823529411765
definition,Flickr,PairSim-MCE,228,11,0.45454545454545453,0.35714285714285715,0.5263157894736842
definition,Flickr,PairSim-MCE,229,11,0.5454545454545454,0.46153846153846156,0.631578947368421
definition,Flickr,PairSim-MCE,230,11,0.45454545454545453,0.4166666666666667,0.5882352941176471
definition,Flickr,PairSim-MCE,231,11,0.45454545454545453,0.4166666666666667,0.5882352941176471
definition,Flickr,PairSim-MCE,232,11,0.45454545454545453,0.4166666666666667,0.5882352941176471
definition,Flickr,PairSim-MCE,233,11,0.45454545454545453,0.4166666666666667,0.5882352941176471
definition,Flickr,PairSim-MCE,234,11,0.45454545454545453,0.4166666666666667,0.5882352941176471
definition,Flickr,PairSim-MCE,235,11,0.45454545454545453,0.45454545454545453,0.625
definition,Flickr,PairSim-MCE,236,11,0.45454545454545453,0.4166666666666667,0.5882352941176471
definition,Flickr,PairSim-MCE,237,11,0.45454545454545453,0.4166666666666667,0.5882352941176471
definition,Flickr,PairSim-MCE,238,11,0.45454545454545453,0.36363636363636365,0.5333333333333333
definition,Flickr,PairSim-MCE,239,11,0.45454545454545453,0.4166666666666667,0.5882352941176471
definition,Flickr,PairSim-MCE,240,11,0.36363636363636365,0.3076923076923077,0.47058823529411764
definition,Flickr,PairSim-MCE,241,11,0.45454545454545453,0.4166666666666667,0.5882352941176471
definition,Flickr,PairSim-MCE,242,11,0.45454545454545453,0.4166666666666667,0.5882352941176471
definition,Flickr,PairSim-MCE,243,11,0.45454545454545453,0.4166666666666667,0.5882352941176471
definition,Flickr,PairSim-MCE,244,11,0.45454545454545453,0.45454545454545453,0.625
definition,Flickr,PairSim-MCE,245,11,0.5454545454545454,0.46153846153846156,0.631578947368421
definition,Flickr,PairSim-MCE,246,11,0.5454545454545454,0.5,0.6666666666666666
definition,Flickr,PairSim-MCE,247,11,0.5454545454545454,0.46153846153846156,0.631578947368421
definition,Flickr,PairSim-MCE,248,10,0.4,0.4,0.5714285714285714
definition,Flickr,PairSim-MCE,249,10,0.4,0.4,0.5714285714285714
definition,Flickr,PairSim-MCE,250,10,0.5,0.45454545454545453,0.625
definition,Flickr,PairSim-MCE,251,10,0.6,0.5454545454545454,0.7058823529411765
definition,Flickr,PairSim-MCE,252,10,0.6,0.6,0.75
definition,Flickr,PairSim-MCE,253,10,0.5,0.45454545454545453,0.625
definition,Flickr,PairSim-MCE,254,10,0.6,0.6,0.75
definition,Flickr,PairSim-MCE,255,10,0.6,0.6,0.75
definition,Flickr,PairSim-MCE,256,10,0.5,0.45454545454545453,0.625
definition,Flickr,PairSim-MCE,257,10,0.4,0.36363636363636365,0.5333333333333333
definition,Flickr,PairSim-MCE,258,10,0.4,0.4,0.5714285714285714
definition,Flickr,PairSim-MCE,259,10,0.4,0.36363636363636365,0.5333333333333333
definition,Flickr,PairSim-MCE,260,10,0.4,0.4,0.5714285714285714
definition,Flickr,PairSim-MCE,261,10,0.6,0.5454545454545454,0.7058823529411765
definition,Flickr,PairSim-MCE,262,10,0.6,0.6,0.75
definition,Flickr,PairSim-MCE,263,10,0.6,0.6,0.75
definition,Flickr,PairSim-MCE,264,10,0.6,0.6,0.75
definition,Flickr,PairSim-MCE,265,10,0.6,0.6,0.75
definition,Flickr,PairSim-MCE,266,10,0.6,0.6,0.75
definition,Flickr,PairSim-MCE,267,10,0.5,0.45454545454545453,0.625
definition,Flickr,PairSim-MCE,268,10,0.5,0.4166666666666667,0.5882352941176471
definition,Flickr,PairSim-MCE,269,10,0.6,0.6,0.75
definition,Flickr,PairSim-MCE,270,10,0.4,0.3333333333333333,0.5
definition,Flickr,PairSim-MCE,271,10,0.5,0.38461538461538464,0.5555555555555556
definition,Flickr,PairSim-MCE,272,10,0.5,0.5,0.6666666666666666
definition,Flickr,PairSim-MCE,273,10,0.5,0.5,0.6666666666666666
definition,Flickr,PairSim-MCE,274,10,0.5,0.45454545454545453,0.625
definition,Flickr,PairSim-MCE,275,10,0.5,0.5,0.6666666666666666
definition,Flickr,PairSim-MCE,276,10,0.5,0.5,0.6666666666666666
definition,Flickr,PairSim-MCE,277,10,0.4,0.3333333333333333,0.5
definition,Flickr,PairSim-MCE,278,10,0.4,0.3333333333333333,0.5
definition,Flickr,PairSim-MCE,279,10,0.4,0.3333333333333333,0.5
definition,Flickr,PairSim-MCE,280,10,0.5,0.5,0.6666666666666666
definition,Flickr,PairSim-MCE,281,10,0.6,0.5454545454545454,0.7058823529411765
definition,Flickr,PairSim-MCE,282,10,0.6,0.5454545454545454,0.7058823529411765
external,Flickr,StructBK,0,18,1.0,0.9,0.9473684210526315
external,Flickr,StructBK,1,18,1.0,0.9,0.9473684210526315
external,Flickr,StructBK,2,18,1.0,0.9,0.9473684210526315
external,Flickr,StructBK,3,18,1.0,0.9,0.9473684210526315
external,Flickr,StructBK,4,18,1.0,0.9,0.9473684210526315
external,Flickr,StructBK,5,18,1.0,0.9,0.9473684210526315
external,Flickr,StructBK,6,18,1.0,0.9,0.9473684210526315
external,Flickr,StructBK,7,18,1.0,0.9,0.9473684210526315
external,Flickr,StructBK,8,18,1.0,0.9473684210526315,0.972972972972973
external,Flickr,StructBK,9,18,1.0,0.9473684210526315,0.972972972972973
external,Flickr,StructBK,10,18,1.0,0.9473684210526315,0.972972972972973
external,Flickr,StructBK,11,18,1.0,0.9,0.9473684210526315
external,Flickr,StructBK,12,18,1.0,0.9,0.9473684210526315
external,Flickr,StructBK,13,18,1.0,0.9,0.9473684210526315
external,Flickr,StructBK,14,18,1.0,0.9,0.9473684210526315
external,Flickr,StructBK,15,18,1.0,0.9,0.9473684210526315
external,Flickr,StructBK,16,18,1.0,0.9,0.9473684210526315
external,Flickr,StructBK,17,18,1.0,0.9473684210526315,0.972972972972973
external,Flickr,StructBK,18,17,1.0,0.85,0.918918918918919
external,Flickr,StructBK,19,17,1.0,0.85,0.918918918918919
external,Flickr,StructBK,20,17,1.0,0.85,0.918918918918919
external,Flickr,StructBK,21,17,1.0,0.85,0.918918918918919
external,Flickr,StructBK,22,17,1.0,0.85,0.918918918918919
external,Flickr,StructBK,23,17,1.0,0.9444444444444444,0.9714285714285714
external,Flickr,StructBK,24,17,1.0,0.9444444444444444,0.9714285714285714
external,Flickr,StructBK,25,17,1.0,0.9444444444444444,0.9714285714285714
external,Flickr,StructBK,26,17,1.0,0.9444444444444444,0.9714285714285714
external,Flickr,StructBK,27,17,1.0,0.9444444444444444,0.9714285714285714
external,Flickr,StructBK,28,17,1.0,0.9444444444444444,0.9714285714285714
external,Flickr,StructBK,29,17,1.0,0.8947368421052632,0.9444444444444444
external,Flickr,StructBK,30,17,1.0,0.8947368421052632,0.9444444444444444
external,Flickr,StructBK,31,17,1.0,0.8947368421052632,0.9444444444444444
external,Flickr,StructBK,32,17,1.0,0.8947368421052632,0.9444444444444444
external,Flickr,StructBK,33,17,1.0,0.8947368421052632,0.9444444444444444
external,Flickr,StructBK,34,17,1.0,0.9444444444444444,0.9714285714285714
external,Flickr,StructBK,35,17,1.0,0.9444444444444444,0.9714285714285714
external,Flickr,StructBK,36,17,1.0,0.85,0.918918918918919
external,Flickr,StructBK,37,17,1.0,0.85,0.918918918918919
external,Flickr,StructBK,38,17,1.0,0.85,0.918918918918919
external,Flickr,StructBK,39,17,1.0,0.85,0.918918918918919
external,Flickr,StructBK,40,17,1.0,0.8947368421052632,0.9444444444444444
external,Flickr,StructBK,41,17,1.0,0.8947368421052632,0.9444444444444444
external,Flickr,StructBK,42,17,1.0,0.8947368421052632,0.9444444444444444
external,Flickr,StructBK,43,17,1.0,0.8947368421052632,0.9444444444444444
external,Flickr,StructBK,44,17,1.0,0.8947368421052632,0.9444444444444444
external,Flickr,StructBK,45,17,1.0,0.8947368421052632,0.9444444444444444
external,Flickr,StructBK,46,17,1.0,0.8947368421052632,0.9444444444444444
external,Flickr,StructBK,47,17,1.0,0.9444444444444444,0.9714285714285714
external,Flickr,StructBK,48,17,1.0,0.85,0.918918918918919
external,Flickr,StructBK,49,16,1.0,0.9411764705882353,0.9696969696969697
external,Flickr,StructBK,50,16,1.0,0.8888888888888888,0.9411764705882353
external,Flickr,StructBK,51,16,1.0,0.9411764705882353,0.9696969696969697
external,Flickr,StructBK,52,16,1.0,0.8888888888888888,0.9411764705882353
external,Flickr,StructBK,53,16,1.0,0.8888888888888888,0.9411764705882353
external,Flickr,StructBK,54,16,1.0,0.8888888888888888,0.9411764705882353
external,Flickr,StructBK,55,16,1.0,0.8888888888888888,0.9411764705882353
external,Flickr,StructBK,56,16,1.0,0.8888888888888888,0.9411764705882353
external,Flickr,StructBK,57,16,1.0,0.8888888888888888,0.9411764705882353
external,Flickr,StructBK,58,16,1.0,0.9411764705882353,0.9696969696969697
external,Flickr,StructBK,59,16,1.0,0.8421052631578947,0.9142857142857143
external,Flickr,StructBK,60,16,1.0,0.8421052631578947,0.9142857142857143
external,Flickr,StructBK,61,16,1.0,0.8421052631578947,0.9142857142857143
external,Flickr,StructBK,62,16,1.0,0.8421052631578947,0.9142857142857143
external,Flickr,StructBK,63,16,1.0,0.8421052631578947,0.9142857142857143
external,Flickr,StructBK,64,16,1.0,0.8421052631578947,0.9142857142857143
external,Flickr,StructBK,65,16,1.0,0.8421052631578947,0.9142857142857143
external,Flickr,StructBK,66,16,1.0,0.8421052631578947,0.9142857142857143
external,Flickr,StructBK,67,16,1.0,0.8421052631578947,0.9142857142857143
external,Flickr,StructBK,68,16,1.0,0.9411764705882353,0.9696969696969697
external,Flickr,StructBK,69,16,1.0,0.8421052631578947,0.9142857142857143
external,Flickr,StructBK,70,16,1.0,0.8421052631578947,0.9142857142857143
external,Flickr,StructBK,71,16,1.0,0.8421052631578947,0.9142857142857143
external,Flickr,StructBK,72,16,1.0,0.8421052631578947,0.9142857142857143
external,Flickr,StructBK,73,16,1.0,0.8421052631578947,0.9142857142857143
external,Flickr,StructBK,74,15,1.0,0.8823529411764706,0.9375
external,Flickr,StructBK,75,15,1.0,0.8333333333333334,0.9090909090909091
external,Flickr,StructBK,76,15,1.0,0.8333333333333334,0.9090909090909091
external,Flickr,StructBK,77,15,1.0,0.8823529411764706,0.9375
external,Flickr,StructBK,78,15,1.0,0.8823529411764706,0.9375
external,Flickr,StructBK,79,15,1.0,0.8823529411764706,0.9375
external,Flickr,StructBK,80,15,1.0,0.8823529411764706,0.9375
external,Flickr,StructBK,81,15,1.0,0.8823529411764706,0.9375
external,Flickr,StructBK,82,15,1.0,0.8823529411764706,0.9375
external,Flickr,StructBK,83,15,1.0,0.8823529411764706,0.9375
external,Flickr,StructBK,84,15,1.0,0.7894736842105263,0.8823529411764706
external,Flickr,StructBK,85,15,1.0,0.7894736842105263,0.8823529411764706
external,Flickr,StructBK,86,15,1.0,0.7894736842105263,0.8823529411764706
external,Flickr,StructBK,87,15,1.0,0.7894736842105263,0.8823529411764706
external,Flickr,StructBK,88,15,1.0,0.8823529411764706,0.9375
external,Flickr,StructBK,89,15,1.0,0.8823529411764706,0.9375
external,Flickr,StructBK,90,15,1.0,0.8823529411764706,0.9375
external,Flickr,StructBK,91,15,1.0,0.8823529411764706,0.9375
external,Flickr,StructBK,92,15,1.0,0.7894736842105263,0.8823529411764706
external,Flickr,StructBK,93,14,1.0,0.8235294117647058,0.9032258064516129
external,Flickr,StructBK,94,14,1.0,0.8235294117647058,0.9032258064516129
external,Flickr,StructBK,95,14,1.0,1.0,1.0
external,Flickr,StructBK,96,14,1.0,0.8235294117647058,0.9032258064516129
external,Flickr,StructBK,97,14,1.0,0.7777777777777778,0.875
external,Flickr,StructBK,98,14,1.0,0.8235294117647058,0.9032258064516129
external,Flickr,StructBK,99,14,1.0,0.8235294117647058,0.9032258064516129
external,Flickr,StructBK,100,14,1.0,0.8235294117647058,0.9032258064516129
external,Flickr,StructBK,101,14,1.0,0.8235294117647058,0.9032258064516129
external,Flickr,StructBK,102,14,1.0,0.8235294117647058,0.9032258064516129
external,Flickr,StructBK,103,14,1.0,0.8235294117647058,0.9032258064516129
external,Flickr,StructBK,104,14,1.0,0.8235294117647058,0.9032258064516129
external,Flickr,StructBK,105,14,1.0,0.8235294117647058,0.9032258064516129
external,Flickr,StructBK,106,14,1.0,0.8235294117647058,0.9032258064516129
external,Flickr,StructBK,107,14,1.0,0.8235294117647058,0.9032258064516129
external,Flickr,StructBK,108,14,1.0,0.8235294117647058,0.9032258064516129
external,Flickr,StructBK,109,14,1.0,0.8235294117647058,0.9032258064516129
external,Flickr,StructBK,110,14,1.0,0.8235294117647058,0.9032258064516129
external,Flickr,StructBK,111,14,1.0,0.8235294117647058,0.9032258064516129
external,Flickr,StructBK,112,14,1.0,0.8235294117647058,0.9032258064516129
external,Flickr,StructBK,113,14,1.0,0.8235294117647058,0.9032258064516129
external,Flickr,StructBK,114,14,1.0,0.8235294117647058,0.9032258064516129
external,Flickr,StructBK,115,14,1.0,0.8235294117647058,0.9032258064516129
external,Flickr,StructBK,116,14,1.0,0.8235294117647058,0.9032258064516129
external,Flickr,StructBK,117,14,1.0,0.8235294117647058,0.9032258064516129
external,Flickr,StructBK,118,14,1.0,0.9333333333333333,0.9655172413793104
external,Flickr,StructBK,119,14,1.0,0.9333333333333333,0.9655172413793104
external,Flickr,StructBK,120,14,1.0,0.9333333333333333,0.9655172413793104
external,Flickr,StructBK,121,14,1.0,0.875,0.9333333333333333
external,Flickr,StructBK,122,14,1.0,0.875,0.9333333333333333
external,Flickr,StructBK,123,14,1.0,0.875,0.9333333333333333
external,Flickr,StructBK,124,14,1.0,0.875,0.9333333333333333
external,Flickr,StructBK,125,14,1.0,0.9333333333333333,0.9655172413793104
external,Flickr,StructBK,126,14,1.0,0.9333333333333333,0.9655172413793104
external,Flickr,StructBK,127,14,1.0,0.9333333333333333,0.9655172413793104
external,Flickr,StructBK,128,14,1.0,0.9333333333333333,0.9655172413793104
external,Flickr,StructBK,129,14,1.0,0.9333333333333333,0.9655172413793104
external,Flickr,StructBK,130,13,1.0,0.8666666666666667,0.9285714285714286
external,Flickr,StructBK,131,13,1.0,0.8666666666666667,0.9285714285714286
external,Flickr,StructBK,132,13,1.0,0.8666666666666667,0.9285714285714286
external,Flickr,StructBK,133,13,1.0,0.7647058823529411,0.8666666666666667
external,Flickr,StructBK,134,13,1.0,0.7222222222222222,0.8387096774193549
external,Flickr,StructBK,135,13,1.0,0.8666666666666667,0.9285714285714286
external,Flickr,StructBK,136,13,1.0,0.8666666666666667,0.9285714285714286
external,Flickr,StructBK,137,13,1.0,0.7222222222222222,0.8387096774193549
external,Flickr,StructBK,138,13,1.0,0.8666666666666667,0.9285714285714286
external,Flickr,StructBK,139,13,1.0,0.7222222222222222,0.8387096774193549
external,Flickr,StructBK,140,13,1.0,0.7647058823529411,0.8666666666666667
external,Flickr,StructBK,141,13,1.0,0.7222222222222222,0.8387096774193549
external,Flickr,StructBK,142,13,1.0,0.7647058823529411,0.8666666666666667
external,Flickr,StructBK,143,13,1.0,0.7222222222222222,0.8387096774193549
external,Flickr,StructBK,144,13,1.0,0.7647058823529411,0.8666666666666667
external,Flickr,StructBK,145,13,1.0,0.7647058823529411,0.8666666666666667
external,Flickr,StructBK,146,13,1.0,0.7647058823529411,0.8666666666666667
external,Flickr,StructBK,147,13,1.0,0.7647058823529411,0.8666666666666667
external,Flickr,StructBK,148,13,1.0,0.7647058823529411,0.8666666666666667
external,Flickr,StructBK,149,13,1.0,0.7647058823529411,0.8666666666666667
external,Flickr,StructBK,150,13,1.0,0.7647058823529411,0.8666666666666667
external,Flickr,StructBK,151,13,1.0,0.7647058823529411,0.8666666666666667
external,Flickr,StructBK,152,13,1.0,0.7222222222222222,0.8387096774193549
external,Flickr,StructBK,153,13,1.0,0.7647058823529411,0.8666666666666667
external,Flickr,StructBK,154,13,1.0,0.7647058823529411,0.8666666666666667
external,Flickr,StructBK,155,13,1.0,0.7647058823529411,0.8666666666666667
external,Flickr,StructBK,156,13,1.0,0.7647058823529411,0.8666666666666667
external,Flickr,StructBK,157,13,1.0,0.7647058823529411,0.8666666666666667
external,Flickr,StructBK,158,13,1.0,0.7222222222222222,0.8387096774193549
external,Flickr,StructBK,159,13,1.0,0.7222222222222222,0.8387096774193549
external,Flickr,StructBK,160,13,1.0,0.9285714285714286,0.9629629629629629
external,Flickr,StructBK,161,13,1.0,0.8666666666666667,0.9285714285714286
external,Flickr,StructBK,162,13,1.0,0.8666666666666667,0.9285714285714286
external,Flickr,StructBK,163,13,1.0,0.8666666666666667,0.9285714285714286
external,Flickr,StructBK,164,13,1.0,0.9285714285714286,0.9629629629629629
external,Flickr,StructBK,165,13,1.0,0.7222222222222222,0.8387096774193549
external,Flickr,StructBK,166,13,1.0,0.8125,0.896551724137931
external,Flickr,StructBK,167,13,1.0,0.8666666666666667,0.9285714285714286
external,Flickr,StructBK,168,13,1.0,0.8666666666666667,0.9285714285714286
external,Flickr,StructBK,169,13,1.0,0.8125,0.896551724137931
external,Flickr,StructBK,170,13,1.0,0.8125,0.896551724137931
external,Flickr,StructBK,171,12,1.0,0.8,0.8888888888888888
external,Flickr,StructBK,172,12,1.0,0.8,0.8888888888888888
external,Flickr,StructBK,173,12,1.0,0.8,0.8888888888888888
external,Flickr,StructBK,174,12,1.0,0.8,0.8888888888888888
external,Flickr,StructBK,175,12,1.0,0.8,0.8888888888888888
external,Flickr,StructBK,176,12,1.0,0.8,0.8888888888888888
external,Flickr,StructBK,177,12,1.0,0.8,0.8888888888888888
external,Flickr,StructBK,178,12,1.0,0.8,0.8888888888888888
external,Flickr,StructBK,179,12,1.0,0.8,0.8888888888888888
external,Flickr,StructBK,180,12,1.0,0.8,0.8888888888888888
external,Flickr,StructBK,181,12,1.0,0.8,0.8888888888888888
external,Flickr,StructBK,182,12,1.0,0.8,0.8888888888888888
external,Flickr,StructBK,183,12,1.0,0.7058823529411765,0.8275862068965517
external,Flickr,StructBK,184,12,1.0,0.7058823529411765,0.8275862068965517
external,Flickr,StructBK,185,12,1.0,0.9230769230769231,0.96
external,Flickr,StructBK,186,12,1.0,0.8,0.8888888888888888
external,Flickr,StructBK,187,12,1.0,0.6666666666666666,0.8
external,Flickr,StructBK,188,12,1.0,0.8,0.8888888888888888
external,Flickr,StructBK,189,12,1.0,0.6666666666666666,0.8
external,Flickr,StructBK,190,12,1.0,0.8,0.8888888888888888
external,Flickr,StructBK,191,12,1.0,0.6666666666666666,0.8
external,Flickr,StructBK,192,12,1.0,0.7058823529411765,0.8275862068965517
external,Flickr,StructBK,193,12,1.0,0.6666666666666666,0.8
external,Flickr,StructBK,194,12,1.0,0.6666666666666666,0.8
external,Flickr,StructBK,195,12,1.0,0.7058823529411765,0.8275862068965517
external,Flickr,StructBK,196,12,1.0,0.6666666666666666,0.8
external,Flickr,StructBK,197,12,1.0,0.6666666666666666,0.8
external,Flickr,StructBK,198,12,1.0,0.6666666666666666,0.8
external,Flickr,StructBK,199,12,1.0,0.6666666666666666,0.8
external,Flickr,StructBK,200,12,1.0,0.9230769230769231,0.96
external,Flickr,StructBK,201,12,1.0,0.8571428571428571,0.9230769230769231
external,Flickr,StructBK,202,12,1.0,0.8571428571428571,0.9230769230769231
external,Flickr,StructBK,203,12,1.0,0.8,0.8888888888888888
external,Flickr,StructBK,204,12,1.0,0.9230769230769231,0.96
external,Flickr,StructBK,205,12,1.0,0.6666666666666666,0.8
external,Flickr,StructBK,206,12,1.0,0.75,0.8571428571428571
external,Flickr,StructBK,207,12,1.0,0.75,0.8571428571428571
external,Flickr,StructBK,208,12,1.0,0.75,0.8571428571428571
external,Flickr,StructBK,209,12,1.0,0.75,0.8571428571428571
external,Flickr,StructBK,210,12,1.0,0.75,0.8571428571428571
external,Flickr,StructBK,211,11,1.0,0.8461538461538461,0.9166666666666666
external,Flickr,StructBK,212,11,1.0,0.7333333333333333,0.8461538461538461
external,Flickr,StructBK,213,11,1.0,0.8461538461538461,0.9166666666666666
external,Flickr,StructBK,214,11,1.0,0.7333333333333333,0.8461538461538461
external,Flickr,StructBK,215,11,1.0,0.7333333333333333,0.8461538461538461
external,Flickr,StructBK,216,11,1.0,0.6470588235294118,0.7857142857142857
external,Flickr,StructBK,217,11,1.0,0.6470588235294118,0.7857142857142857
external,Flickr,StructBK,218,11,1.0,0.7333333333333333,0.8461538461538461
external,Flickr,StructBK,219,11,1.0,0.7333333333333333,0.8461538461538461
external,Flickr,StructBK,220,11,1.0,0.7333333333333333,0.8461538461538461
external,Flickr,StructBK,221,11,1.0,0.7333333333333333,0.8461538461538461
external,Flickr,StructBK,222,11,1.0,0.6470588235294118,0.7857142857142857
external,Flickr,StructBK,223,11,1.0,0.6111111111111112,0.7586206896551724
external,Flickr,StructBK,224,11,1.0,0.6470588235294118,0.7857142857142857
external,Flickr,StructBK,225,11,1.0,0.7333333333333333,0.8461538461538461
external,Flickr,StructBK,226,11,1.0,0.8461538461538461,0.9166666666666666
external,Flickr,StructBK,227,11,1.0,0.9166666666666666,0.9565217391304348
external,Flickr,StructBK,228,11,1.0,0.8461538461538461,0.9166666666666666
external,Flickr,StructBK,229,11,1.0,0.6111111111111112,0.7586206896551724
external,Flickr,StructBK,230,11,1.0,0.6875,0.8148148148148148
external,Flickr,StructBK,231,11,1.0,0.6875,0.8148148148148148
external,Flickr,StructBK,232,11,1.0,0.6875,0.8148148148148148
external,Flickr,StructBK,233,11,1.0,0.6875,0.8148148148148148
external,Flickr,StructBK,234,11,1.0,0.6875,0.8148148148148148
external,Flickr,StructBK,235,11,1.0,0.7333333333333333,0.8461538461538461
external,Flickr,StructBK,236,11,1.0,0.6875,0.8148148148148148
external,Flickr,StructBK,237,11,1.0,0.6875,0.8148148148148148
external,Flickr,StructBK,238,11,1.0,0.6875,0.8148148148148148
external,Flickr,StructBK,239,11,1.0,0.7333333333333333,0.8461538461538461
external,Flickr,StructBK,240,11,1.0,0.7333333333333333,0.8461538461538461
external,Flickr,StructBK,241,11,1.0,0.7333333333333333,0.8461538461538461
external,Flickr,StructBK,242,11,1.0,0.7333333333333333,0.8461538461538461
external,Flickr,StructBK,243,11,1.0,0.7333333333333333,0.8461538461538461
external,Flickr,StructBK,244,11,1.0,1.0,1.0
external,Flickr,StructBK,245,11,1.0,0.6923076923076923,0.8181818181818182
external,Flickr,StructBK,246,11,1.0,0.6111111111111112,0.7586206896551724
external,Flickr,StructBK,247,11,1.0,0.6111111111111112,0.7586206896551724
external,Flickr,StructBK,248,10,1.0,0.8333333333333334,0.9090909090909091
external,Flickr,StructBK,249,10,1.0,0.8333333333333334,0.9090909090909091
external,Flickr,StructBK,250,10,1.0,0.7692307692307693,0.8695652173913043
external,Flickr,StructBK,251,10,1.0,0.7692307692307693,0.8695652173913043
external,Flickr,StructBK,252,10,1.0,0.8333333333333334,0.9090909090909091
external,Flickr,StructBK,253,10,1.0,0.7692307692307693,0.8695652173913043
external,Flickr,StructBK,254,10,1.0,0.7692307692307693,0.8695652173913043
external,Flickr,StructBK,255,10,1.0,0.7692307692307693,0.8695652173913043
external,Flickr,StructBK,256,10,1.0,0.7692307692307693,0.8695652173913043
external,Flickr,StructBK,257,10,1.0,0.9090909090909091,0.9523809523809523
external,Flickr,StructBK,258,10,1.0,0.9090909090909091,0.9523809523809523
external,Flickr,StructBK,259,10,1.0,1.0,1.0
external,Flickr,StructBK,260,10,1.0,0.9090909090909091,0.9523809523809523
external,Flickr,StructBK,261,10,1.0,0.5555555555555556,0.7142857142857143
external,Flickr,StructBK,262,10,1.0,0.5882352941176471,0.7407407407407407
external,Flickr,StructBK,263,10,1.0,0.5555555555555556,0.7142857142857143
external,Flickr,StructBK,264,10,1.0,0.5882352941176471,0.7407407407407407
external,Flickr,StructBK,265,10,1.0,0.5555555555555556,0.7142857142857143
external,Flickr,StructBK,266,10,1.0,0.5882352941176471,0.7407407407407407
external,Flickr,StructBK,267,10,1.0,0.7142857142857143,0.8333333333333334
external,Flickr,StructBK,268,10,1.0,0.7692307692307693,0.8695652173913043
external,Flickr,StructBK,269,10,1.0,0.6666666666666666,0.8
external,Flickr,StructBK,270,10,1.0,0.7692307692307693,0.8695652173913043
external,Flickr,StructBK,271,10,1.0,0.7692307692307693,0.8695652173913043
external,Flickr,StructBK,272,10,1.0,0.6666666666666666,0.8
external,Flickr,StructBK,273,10,1.0,0.6666666666666666,0.8
external,Flickr,StructBK,274,10,1.0,0.6666666666666666,0.8
external,Flickr,StructBK,275,10,1.0,0.6666666666666666,0.8
external,Flickr,StructBK,276,10,1.0,0.6666666666666666,0.8
external,Flickr,StructBK,277,10,1.0,0.6666666666666666,0.8
external,Flickr,StructBK,278,10,1.0,0.6666666666666666,0.8
external,Flickr,StructBK,279,10,1.0,0.6666666666666666,0.8
external,Flickr,StructBK,280,10,1.0,0.9090909090909091,0.9523809523809523
external,Flickr,StructBK,281,10,1.0,0.9090909090909091,0.9523809523809523
external,Flickr,StructBK,282,10,1.0,0.9090909090909091,0.9523809523809523
external,Flickr,FastQC,0,18,1.0,0.8571428571428571,0.9230769230769231
external,Flickr,FastQC,1,18,1.0,0.8571428571428571,0.9230769230769231
external,Flickr,FastQC,2,18,1.0,0.8571428571428571,0.9230769230769231
external,Flickr,FastQC,3,18,1.0,0.8571428571428571,0.9230769230769231
external,Flickr,FastQC,4,18,1.0,0.8571428571428571,0.9230769230769231
external,Flickr,FastQC,5,18,1.0,0.8571428571428571,0.9230769230769231
external,Flickr,FastQC,6,18,1.0,0.8571428571428571,0.9230769230769231
external,Flickr,FastQC,7,18,1.0,0.8571428571428571,0.9230769230769231
external,Flickr,FastQC,8,18,1.0,0.8571428571428571,0.9230769230769231
external,Flickr,FastQC,9,18,1.0,0.8571428571428571,0.9230769230769231
external,Flickr,FastQC,10,18,1.0,0.8571428571428571,0.9230769230769231
external,Flickr,FastQC,11,18,1.0,0.9,0.9473684210526315
external,Flickr,FastQC,12,18,1.0,0.9,0.9473684210526315
external,Flickr,FastQC,13,18,1.0,0.9,0.9473684210526315
external,Flickr,FastQC,14,18,1.0,0.9,0.9473684210526315
external,Flickr,FastQC,15,18,1.0,0.9,0.9473684210526315
external,Flickr,FastQC,16,18,1.0,0.9,0.9473684210526315
external,Flickr,FastQC,17,18,1.0,0.9473684210526315,0.972972972972973
external,Flickr,FastQC,18,17,1.0,0.8095238095238095,0.8947368421052632
external,Flickr,FastQC,19,17,1.0,0.8095238095238095,0.8947368421052632
external,Flickr,FastQC,20,17,1.0,0.8095238095238095,0.8947368421052632
external,Flickr,FastQC,21,17,1.0,0.8095238095238095,0.8947368421052632
external,Flickr,FastQC,22,17,1.0,0.8095238095238095,0.8947368421052632
external,Flickr,FastQC,23,17,1.0,0.9444444444444444,0.9714285714285714
external,Flickr,FastQC,24,17,1.0,0.9444444444444444,0.9714285714285714
external,Flickr,FastQC,25,17,1.0,0.9444444444444444,0.9714285714285714
external,Flickr,FastQC,26,17,1.0,0.9444444444444444,0.9714285714285714
external,Flickr,FastQC,27,17,1.0,0.9444444444444444,0.9714285714285714
external,Flickr,FastQC,28,17,1.0,0.9444444444444444,0.9714285714285714
external,Flickr,FastQC,29,17,1.0,0.8095238095238095,0.8947368421052632
external,Flickr,FastQC,30,17,1.0,0.8095238095238095,0.8947368421052632
external,Flickr,FastQC,31,17,1.0,0.8095238095238095,0.8947368421052632
external,Flickr,FastQC,32,17,1.0,0.8095238095238095,0.8947368421052632
external,Flickr,FastQC,33,17,1.0,0.8421052631578947,0.9142857142857143
external,Flickr,FastQC,34,17,1.0,0.9444444444444444,0.9714285714285714
external,Flickr,FastQC,35,17,1.0,0.9444444444444444,0.9714285714285714
external,Flickr,FastQC,36,17,1.0,0.85,0.918918918918919
external,Flickr,FastQC,37,17,1.0,0.85,0.918918918918919
external,Flickr,FastQC,38,17,1.0,0.85,0.918918918918919
external,Flickr,FastQC,39,17,1.0,0.85,0.918918918918919
external,Flickr,FastQC,40,17,1.0,0.8947368421052632,0.9444444444444444
external,Flickr,FastQC,41,17,1.0,0.8947368421052632,0.9444444444444444
external,Flickr,FastQC,42,17,1.0,0.8947368421052632,0.9444444444444444
external,Flickr,FastQC,43,17,1.0,0.8947368421052632,0.9444444444444444
external,Flickr,FastQC,44,17,1.0,0.8947368421052632,0.9444444444444444
external,Flickr,FastQC,45,17,1.0,0.8947368421052632,0.9444444444444444
external,Flickr,FastQC,46,17,1.0,0.8947368421052632,0.9444444444444444
external,Flickr,FastQC,47,17,1.0,0.9444444444444444,0.9714285714285714
external,Flickr,FastQC,48,17,1.0,0.85,0.918918918918919
external,Flickr,FastQC,49,16,1.0,0.9411764705882353,0.9696969696969697
external,Flickr,FastQC,50,16,1.0,0.8888888888888888,0.9411764705882353
external,Flickr,FastQC,51,16,1.0,0.9411764705882353,0.9696969696969697
external,Flickr,FastQC,52,16,1.0,0.8888888888888888,0.9411764705882353
external,Flickr,FastQC,53,16,1.0,0.8888888888888888,0.9411764705882353
external,Flickr,FastQC,54,16,1.0,0.8888888888888888,0.9411764705882353
external,Flickr,FastQC,55,16,1.0,0.8888888888888888,0.9411764705882353
external,Flickr,FastQC,56,16,1.0,0.8888888888888888,0.9411764705882353
external,Flickr,FastQC,57,16,1.0,0.8888888888888888,0.9411764705882353
external,Flickr,FastQC,58,16,1.0,0.9411764705882353,0.9696969696969697
external,Flickr,FastQC,59,16,1.0,0.7619047619047619,0.8648648648648649
external,Flickr,FastQC,60,16,1.0,0.7619047619047619,0.8648648648648649
external,Flickr,FastQC,61,16,1.0,0.8235294117647058,0.9032258064516129
external,Flickr,FastQC,62,16,1.0,0.7619047619047619,0.8648648648648649
external,Flickr,FastQC,63,16,1.0,0.7619047619047619,0.8648648648648649
external,Flickr,FastQC,64,16,1.0,0.7619047619047619,0.8648648648648649
external,Flickr,FastQC,65,16,1.0,0.7619047619047619,0.8648648648648649
external,Flickr,FastQC,66,16,1.0,0.7619047619047619,0.8648648648648649
external,Flickr,FastQC,67,16,1.0,0.7619047619047619,0.8648648648648649
external,Flickr,FastQC,68,16,1.0,0.9411764705882353,0.9696969696969697
external,Flickr,FastQC,69,16,1.0,0.8421052631578947,0.9142857142857143
external,Flickr,FastQC,70,16,1.0,0.8421052631578947,0.9142857142857143
external,Flickr,FastQC,71,16,1.0,0.8421052631578947,0.9142857142857143
external,Flickr,FastQC,72,16,1.0,0.8421052631578947,0.9142857142857143
external,Flickr,FastQC,73,16,1.0,0.8421052631578947,0.9142857142857143
external,Flickr,FastQC,74,15,1.0,0.8823529411764706,0.9375
external,Flickr,FastQC,75,15,1.0,0.8333333333333334,0.9090909090909091
external,Flickr,FastQC,76,15,1.0,0.8333333333333334,0.9090909090909091
external,Flickr,FastQC,77,15,1.0,0.8823529411764706,0.9375
external,Flickr,FastQC,78,15,1.0,0.8823529411764706,0.9375
external,Flickr,FastQC,79,15,1.0,0.8823529411764706,0.9375
external,Flickr,FastQC,80,15,1.0,0.8823529411764706,0.9375
external,Flickr,FastQC,81,15,1.0,0.8823529411764706,0.9375
external,Flickr,FastQC,82,15,1.0,0.8823529411764706,0.9375
external,Flickr,FastQC,83,15,1.0,0.8823529411764706,0.9375
external,Flickr,FastQC,84,15,1.0,0.7142857142857143,0.8333333333333334
external,Flickr,FastQC,85,15,1.0,0.7647058823529411,0.8666666666666667
external,Flickr,FastQC,86,15,1.0,0.7368421052631579,0.8484848484848485
external,Flickr,FastQC,87,15,1.0,0.7368421052631579,0.8484848484848485
external,Flickr,FastQC,88,15,1.0,0.8823529411764706,0.9375
external,Flickr,FastQC,89,15,1.0,0.8823529411764706,0.9375
external,Flickr,FastQC,90,15,1.0,0.8823529411764706,0.9375
external,Flickr,FastQC,91,15,1.0,0.8823529411764706,0.9375
external,Flickr,FastQC,92,15,1.0,0.7894736842105263,0.8823529411764706
external,Flickr,FastQC,93,14,1.0,0.8235294117647058,0.9032258064516129
external,Flickr,FastQC,94,14,1.0,0.8235294117647058,0.9032258064516129
external,Flickr,FastQC,95,14,1.0,1.0,1.0
external,Flickr,FastQC,96,14,1.0,0.8235294117647058,0.9032258064516129
external,Flickr,FastQC,97,14,1.0,0.7777777777777778,0.875
external,Flickr,FastQC,98,14,1.0,0.8235294117647058,0.9032258064516129
external,Flickr,FastQC,99,14,1.0,0.8235294117647058,0.9032258064516129
external,Flickr,FastQC,100,14,1.0,0.8235294117647058,0.9032258064516129
external,Flickr,FastQC,101,14,1.0,0.8235294117647058,0.9032258064516129
external,Flickr,FastQC,102,14,1.0,0.8235294117647058,0.9032258064516129
external,Flickr,FastQC,103,14,1.0,0.8235294117647058,0.9032258064516129
external,Flickr,FastQC,104,14,1.0,0.8235294117647058,0.9032258064516129
external,Flickr,FastQC,105,14,1.0,0.8235294117647058,0.9032258064516129
external,Flickr,FastQC,106,14,1.0,0.8235294117647058,0.9032258064516129
external,Flickr,FastQC,107,14,1.0,0.8235294117647058,0.9032258064516129
external,Flickr,FastQC,108,14,1.0,0.8235294117647058,0.9032258064516129
external,Flickr,FastQC,109,14,1.0,0.8235294117647058,0.9032258064516129
external,Flickr,FastQC,110,14,1.0,0.8235294117647058,0.9032258064516129
external,Flickr,FastQC,111,14,1.0,0.8235294117647058,0.9032258064516129
external,Flickr,FastQC,112,14,1.0,0.8235294117647058,0.9032258064516129
external,Flickr,FastQC,113,14,1.0,0.8235294117647058,0.9032258064516129
external,Flickr,FastQC,114,14,1.0,0.8235294117647058,0.9032258064516129
external,Flickr,FastQC,115,14,1.0,0.8235294117647058,0.9032258064516129
external,Flickr,FastQC,116,14,1.0,0.8235294117647058,0.9032258064516129
external,Flickr,FastQC,117,14,1.0,0.8235294117647058,0.9032258064516129
external,Flickr,FastQC,118,14,1.0,0.9333333333333333,0.9655172413793104
external,Flickr,FastQC,119,14,1.0,0.9333333333333333,0.9655172413793104
external,Flickr,FastQC,120,14,1.0,0.9333333333333333,0.9655172413793104
external,Flickr,FastQC,121,14,1.0,0.875,0.9333333333333333
external,Flickr,FastQC,122,14,1.0,0.875,0.9333333333333333
external,Flickr,FastQC,123,14,1.0,0.875,0.9333333333333333
external,Flickr,FastQC,124,14,1.0,0.875,0.9333333333333333
external,Flickr,FastQC,125,14,1.0,0.9333333333333333,0.9655172413793104
external,Flickr,FastQC,126,14,1.0,0.9333333333333333,0.9655172413793104
external,Flickr,FastQC,127,14,1.0,0.9333333333333333,0.9655172413793104
external,Flickr,FastQC,128,14,1.0,0.9333333333333333,0.9655172413793104
external,Flickr,FastQC,129,14,1.0,0.9333333333333333,0.9655172413793104
external,Flickr,FastQC,130,13,1.0,0.8666666666666667,0.9285714285714286
external,Flickr,FastQC,131,13,1.0,0.8666666666666667,0.9285714285714286
external,Flickr,FastQC,132,13,1.0,0.8666666666666667,0.9285714285714286
external,Flickr,FastQC,133,13,1.0,0.7647058823529411,0.8666666666666667
external,Flickr,FastQC,134,13,1.0,0.7222222222222222,0.8387096774193549
external,Flickr,FastQC,135,13,1.0,0.8666666666666667,0.9285714285714286
external,Flickr,FastQC,136,13,1.0,0.8666666666666667,0.9285714285714286
external,Flickr,FastQC,137,13,1.0,0.7222222222222222,0.8387096774193549
external,Flickr,FastQC,138,13,1.0,0.8666666666666667,0.9285714285714286
external,Flickr,FastQC,139,13,1.0,0.7222222222222222,0.8387096774193549
external,Flickr,FastQC,140,13,1.0,0.7647058823529411,0.8666666666666667
external,Flickr,FastQC,141,13,1.0,0.7222222222222222,0.8387096774193549
external,Flickr,FastQC,142,13,1.0,0.7647058823529411,0.8666666666666667
external,Flickr,FastQC,143,13,1.0,0.7222222222222222,0.8387096774193549
external,Flickr,FastQC,144,13,1.0,0.7647058823529411,0.8666666666666667
external,Flickr,FastQC,145,13,1.0,0.7647058823529411,0.8666666666666667
external,Flickr,FastQC,146,13,1.0,0.7647058823529411,0.8666666666666667
external,Flickr,FastQC,147,13,1.0,0.7647058823529411,0.8666666666666667
external,Flickr,FastQC,148,13,1.0,0.7647058823529411,0.8666666666666667
external,Flickr,FastQC,149,13,1.0,0.7647058823529411,0.8666666666666667
external,Flickr,FastQC,150,13,1.0,0.7647058823529411,0.8666666666666667
external,Flickr,FastQC,151,13,1.0,0.7647058823529411,0.8666666666666667
external,Flickr,FastQC,152,13,1.0,0.7222222222222222,0.8387096774193549
external,Flickr,FastQC,153,13,1.0,0.7647058823529411,0.8666666666666667
external,Flickr,FastQC,154,13,1.0,0.7647058823529411,0.8666666666666667
external,Flickr,FastQC,155,13,1.0,0.7647058823529411,0.8666666666666667
external,Flickr,FastQC,156,13,1.0,0.7647058823529411,0.8666666666666667
external,Flickr,FastQC,157,13,1.0,0.7647058823529411,0.8666666666666667
external,Flickr,FastQC,158,13,1.0,0.7222222222222222,0.8387096774193549
external,Flickr,FastQC,159,13,1.0,0.7222222222222222,0.8387096774193549
external,Flickr,FastQC,160,13,1.0,0.9285714285714286,0.9629629629629629
external,Flickr,FastQC,161,13,1.0,0.8666666666666667,0.9285714285714286
external,Flickr,FastQC,162,13,1.0,0.8666666666666667,0.9285714285714286
external,Flickr,FastQC,163,13,1.0,0.8666666666666667,0.9285714285714286
external,Flickr,FastQC,164,13,1.0,0.9285714285714286,0.9629629629629629
external,Flickr,FastQC,165,13,1.0,0.7222222222222222,0.8387096774193549
external,Flickr,FastQC,166,13,1.0,0.8125,0.896551724137931
external,Flickr,FastQC,167,13,1.0,0.8666666666666667,0.9285714285714286
external,Flickr,FastQC,168,13,1.0,0.8666666666666667,0.9285714285714286
external,Flickr,FastQC,169,13,1.0,0.8125,0.896551724137931
external,Flickr,FastQC,170,13,1.0,0.8125,0.896551724137931
external,Flickr,FastQC,171,12,1.0,0.8,0.8888888888888888
external,Flickr,FastQC,172,12,1.0,0.8,0.8888888888888888
external,Flickr,FastQC,173,12,1.0,0.8,0.8888888888888888
external,Flickr,FastQC,174,12,1.0,0.8,0.8888888888888888
external,Flickr,FastQC,175,12,1.0,0.8,0.8888888888888888
external,Flickr,FastQC,176,12,1.0,0.8,0.8888888888888888
external,Flickr,FastQC,177,12,1.0,0.8,0.8888888888888888
external,Flickr,FastQC,178,12,1.0,0.8,0.8888888888888888
external,Flickr,FastQC,179,12,1.0,0.8,0.8888888888888888
external,Flickr,FastQC,180,12,1.0,0.8,0.8888888888888888
external,Flickr,FastQC,181,12,1.0,0.8,0.8888888888888888
external,Flickr,FastQC,182,12,1.0,0.8,0.8888888888888888
external,Flickr,FastQC,183,12,1.0,0.7058823529411765,0.8275862068965517
external,Flickr,FastQC,184,12,1.0,0.7058823529411765,0.8275862068965517
external,Flickr,FastQC,185,12,1.0,0.9230769230769231,0.96
external,Flickr,FastQC,186,12,1.0,0.8,0.8888888888888888
external,Flickr,FastQC,187,12,1.0,0.6666666666666666,0.8
external,Flickr,FastQC,188,12,1.0,0.8,0.8888888888888888
external,Flickr,FastQC,189,12,1.0,0.6666666666666666,0.8
external,Flickr,FastQC,190,12,1.0,0.8,0.8888888888888888
external,Flickr,FastQC,191,12,1.0,0.6666666666666666,0.8
external,Flickr,FastQC,192,12,1.0,0.7058823529411765,0.8275862068965517
external,Flickr,FastQC,193,12,1.0,0.6666666666666666,0.8
external,Flickr,FastQC,194,12,1.0,0.6666666666666666,0.8
external,Flickr,FastQC,195,12,1.0,0.7058823529411765,0.8275862068965517
external,Flickr,FastQC,196,12,1.0,0.6666666666666666,0.8
external,Flickr,FastQC,197,12,1.0,0.6666666666666666,0.8
external,Flickr,FastQC,198,12,1.0,0.6666666666666666,0.8
external,Flickr,FastQC,199,12,1.0,0.6666666666666666,0.8
external,Flickr,FastQC,200,12,1.0,0.9230769230769231,0.96
external,Flickr,FastQC,201,12,1.0,0.8571428571428571,0.9230769230769231
external,Flickr,FastQC,202,12,1.0,0.8571428571428571,0.9230769230769231
external,Flickr,FastQC,203,12,1.0,0.8,0.8888888888888888
external,Flickr,FastQC,204,12,1.0,0.9230769230769231,0.96
external,Flickr,FastQC,205,12,1.0,0.6666666666666666,0.8
external,Flickr,FastQC,206,12,1.0,0.75,0.8571428571428571
external,Flickr,FastQC,207,12,1.0,0.75,0.8571428571428571
external,Flickr,FastQC,208,12,1.0,0.75,0.8571428571428571
external,Flickr,FastQC,209,12,1.0,0.75,0.8571428571428571
external,Flickr,FastQC,210,12,1.0,0.75,0.8571428571428571
external,Flickr,FastQC,211,11,1.0,0.8461538461538461,0.9166666666666666
external,Flickr,FastQC,212,11,1.0,0.7333333333333333,0.8461538461538461
external,Flickr,FastQC,213,11,1.0,0.8461538461538461,0.9166666666666666
external,Flickr,FastQC,214,11,1.0,0.7333333333333333,0.8461538461538461
external,Flickr,FastQC,215,11,1.0,0.7333333333333333,0.8461538461538461
external,Flickr,FastQC,216,11,1.0,0.6470588235294118,0.7857142857142857
external,Flickr,FastQC,217,11,1.0,0.6470588235294118,0.7857142857142857
external,Flickr,FastQC,218,11,1.0,0.7333333333333333,0.8461538461538461
external,Flickr,FastQC,219,11,1.0,0.7333333333333333,0.8461538461538461
external,Flickr,FastQC,220,11,1.0,0.7333333333333333,0.8461538461538461
external,Flickr,FastQC,221,11,1.0,0.7333333333333333,0.8461538461538461
external,Flickr,FastQC,222,11,1.0,0.6470588235294118,0.7857142857142857
external,Flickr,FastQC,223,11,1.0,0.6111111111111112,0.7586206896551724
external,Flickr,FastQC,224,11,1.0,0.6470588235294118,0.7857142857142857
external,Flickr,FastQC,225,11,1.0,0.7333333333333333,0.8461538461538461
external,Flickr,FastQC,226,11,1.0,0.8461538461538461,0.9166666666666666
external,Flickr,FastQC,227,11,1.0,0.9166666666666666,0.9565217391304348
external,Flickr,FastQC,228,11,1.0,0.8461538461538461,0.9166666666666666
external,Flickr,FastQC,229,11,1.0,0.6111111111111112,0.7586206896551724
external,Flickr,FastQC,230,11,1.0,0.6875,0.8148148148148148
external,Flickr,FastQC,231,11,1.0,0.6875,0.8148148148148148
external,Flickr,FastQC,232,11,1.0,0.6875,0.8148148148148148
external,Flickr,FastQC,233,11,1.0,0.6875,0.8148148148148148
external,Flickr,FastQC,234,11,1.0,0.6875,0.8148148148148148
external,Flickr,FastQC,235,11,1.0,0.7333333333333333,0.8461538461538461
external,Flickr,FastQC,236,11,1.0,0.6875,0.8148148148148148
external,Flickr,FastQC,237,11,1.0,0.6875,0.8148148148148148
external,Flickr,FastQC,238,11,1.0,0.6875,0.8148148148148148
external,Flickr,FastQC,239,11,1.0,0.7333333333333333,0.8461538461538461
external,Flickr,FastQC,240,11,1.0,0.7333333333333333,0.8461538461538461
external,Flickr,FastQC,241,11,1.0,0.7333333333333333,0.8461538461538461
external,Flickr,FastQC,242,11,1.0,0.7333333333333333,0.8461538461538461
external,Flickr,FastQC,243,11,1.0,0.7333333333333333,0.8461538461538461
external,Flickr,FastQC,244,11,1.0,1.0,1.0
external,Flickr,FastQC,245,11,1.0,0.6923076923076923,0.8181818181818182
external,Flickr,FastQC,246,11,1.0,0.6111111111111112,0.7586206896551724
external,Flickr,FastQC,247,11,1.0,0.6111111111111112,0.7586206896551724
external,Flickr,FastQC,248,10,1.0,0.8333333333333334,0.9090909090909091
external,Flickr,FastQC,249,10,1.0,0.8333333333333334,0.9090909090909091
external,Flickr,FastQC,250,10,1.0,0.7692307692307693,0.8695652173913043
external,Flickr,FastQC,251,10,1.0,0.7692307692307693,0.8695652173913043
external,Flickr,FastQC,252,10,1.0,0.8333333333333334,0.9090909090909091
external,Flickr,FastQC,253,10,1.0,0.7692307692307693,0.8695652173913043
external,Flickr,FastQC,254,10,1.0,0.7692307692307693,0.8695652173913043
external,Flickr,FastQC,255,10,1.0,0.7692307692307693,0.8695652173913043
external,Flickr,FastQC,256,10,1.0,0.7692307692307693,0.8695652173913043
external,Flickr,FastQC,257,10,1.0,0.9090909090909091,0.9523809523809523
external,Flickr,FastQC,258,10,1.0,0.9090909090909091,0.9523809523809523
external,Flickr,FastQC,259,10,1.0,1.0,1.0
external,Flickr,FastQC,260,10,1.0,0.9090909090909091,0.9523809523809523
external,Flickr,FastQC,261,10,1.0,0.5555555555555556,0.7142857142857143
external,Flickr,FastQC,262,10,1.0,0.5882352941176471,0.7407407407407407
external,Flickr,FastQC,263,10,1.0,0.5555555555555556,0.7142857142857143
external,Flickr,FastQC,264,10,1.0,0.5882352941176471,0.7407407407407407
external,Flickr,FastQC,265,10,1.0,0.5555555555555556,0.7142857142857143
external,Flickr,FastQC,266,10,1.0,0.5882352941176471,0.7407407407407407
external,Flickr,FastQC,267,10,1.0,0.7142857142857143,0.8333333333333334
external,Flickr,FastQC,268,10,1.0,0.7692307692307693,0.8695652173913043
external,Flickr,FastQC,269,10,1.0,0.6666666666666666,0.8
external,Flickr,FastQC,270,10,1.0,0.7692307692307693,0.8695652173913043
external,Flickr,FastQC,271,10,1.0,0.7692307692307693,0.8695652173913043
external,Flickr,FastQC,272,10,1.0,0.6666666666666666,0.8
external,Flickr,FastQC,273,10,1.0,0.6666666666666666,0.8
external,Flickr,FastQC,274,10,1.0,0.6666666666666666,0.8
external,Flickr,FastQC,275,10,1.0,0.6666666666666666,0.8
external,Flickr,FastQC,276,10,1.0,0.6666666666666666,0.8
external,Flickr,FastQC,277,10,1.0,0.6666666666666666,0.8
external,Flickr,FastQC,278,10,1.0,0.6666666666666666,0.8
external,Flickr,FastQC,279,10,1.0,0.6666666666666666,0.8
external,Flickr,FastQC,280,10,1.0,0.9090909090909091,0.9523809523809523
external,Flickr,FastQC,281,10,1.0,0.9090909090909091,0.9523809523809523
external,Flickr,FastQC,282,10,1.0,0.9090909090909091,0.9523809523809523
external,Flickr,FaPlex,0,18,1.0,0.8571428571428571,0.9230769230769231
external,Flickr,FaPlex,1,18,1.0,0.8571428571428571,0.9230769230769231
external,Flickr,FaPlex,2,18,1.0,0.8571428571428571,0.9230769230769231
external,Flickr,FaPlex,3,18,1.0,0.8571428571428571,0.9230769230769231
external,Flickr,FaPlex,4,18,1.0,0.8571428571428571,0.9230769230769231
external,Flickr,FaPlex,5,18,1.0,0.8571428571428571,0.9230769230769231
external,Flickr,FaPlex,6,18,1.0,0.8571428571428571,0.9230769230769231
external,Flickr,FaPlex,7,18,1.0,0.8571428571428571,0.9230769230769231
external,Flickr,FaPlex,8,18,1.0,0.9,0.9473684210526315
external,Flickr,FaPlex,9,18,1.0,0.9,0.9473684210526315
external,Flickr,FaPlex,10,18,1.0,0.8571428571428571,0.9230769230769231
external,Flickr,FaPlex,11,18,1.0,0.8571428571428571,0.9230769230769231
external,Flickr,FaPlex,12,18,1.0,0.8571428571428571,0.9230769230769231
external,Flickr,FaPlex,13,18,1.0,0.8571428571428571,0.9230769230769231
external,Flickr,FaPlex,14,18,1.0,0.8571428571428571,0.9230769230769231
external,Flickr,FaPlex,15,18,1.0,0.8571428571428571,0.9230769230769231
external,Flickr,FaPlex,16,18,1.0,0.8571428571428571,0.9230769230769231
external,Flickr,FaPlex,17,18,1.0,0.9,0.9473684210526315
external,Flickr,FaPlex,18,17,1.0,0.8095238095238095,0.8947368421052632
external,Flickr,FaPlex,19,17,1.0,0.8095238095238095,0.8947368421052632
external,Flickr,FaPlex,20,17,1.0,0.8095238095238095,0.8947368421052632
external,Flickr,FaPlex,21,17,1.0,0.8095238095238095,0.8947368421052632
external,Flickr,FaPlex,22,17,1.0,0.8095238095238095,0.8947368421052632
external,Flickr,FaPlex,23,17,0.8235294117647058,0.5833333333333334,0.7368421052631579
external,Flickr,FaPlex,24,17,0.8823529411764706,0.6521739130434783,0.7894736842105263
external,Flickr,FaPlex,25,17,0.8235294117647058,0.5833333333333334,0.7368421052631579
external,Flickr,FaPlex,26,17,0.8235294117647058,0.5833333333333334,0.7368421052631579
external,Flickr,FaPlex,27,17,0.8823529411764706,0.6521739130434783,0.7894736842105263
external,Flickr,FaPlex,28,17,0.8235294117647058,0.5833333333333334,0.7368421052631579
external,Flickr,FaPlex,29,17,1.0,0.85,0.918918918918919
external,Flickr,FaPlex,30,17,1.0,0.85,0.918918918918919
external,Flickr,FaPlex,31,17,1.0,0.85,0.918918918918919
external,Flickr,FaPlex,32,17,1.0,0.8095238095238095,0.8947368421052632
external,Flickr,FaPlex,33,17,1.0,0.85,0.918918918918919
external,Flickr,FaPlex,34,17,0.9411764705882353,0.7619047619047619,0.8648648648648649
external,Flickr,FaPlex,35,17,1.0,0.85,0.918918918918919
external,Flickr,FaPlex,36,17,1.0,0.8095238095238095,0.8947368421052632
external,Flickr,FaPlex,37,17,1.0,0.8095238095238095,0.8947368421052632
external,Flickr,FaPlex,38,17,1.0,0.8095238095238095,0.8947368421052632
external,Flickr,FaPlex,39,17,1.0,0.8095238095238095,0.8947368421052632
external,Flickr,FaPlex,40,17,1.0,0.85,0.918918918918919
external,Flickr,FaPlex,41,17,1.0,0.85,0.918918918918919
external,Flickr,FaPlex,42,17,1.0,0.85,0.918918918918919
external,Flickr,FaPlex,43,17,1.0,0.85,0.918918918918919
external,Flickr,FaPlex,44,17,1.0,0.85,0.918918918918919
external,Flickr,FaPlex,45,17,1.0,0.85,0.918918918918919
external,Flickr,FaPlex,46,17,1.0,0.85,0.918918918918919
external,Flickr,FaPlex,47,17,1.0,0.85,0.918918918918919
external,Flickr,FaPlex,48,17,1.0,0.8095238095238095,0.8947368421052632
external,Flickr,FaPlex,49,16,0.9375,0.7142857142857143,0.8333333333333334
external,Flickr,FaPlex,50,16,0.8125,0.5416666666666666,0.7027027027027027
external,Flickr,FaPlex,51,16,0.8125,0.5416666666666666,0.7027027027027027
external,Flickr,FaPlex,52,16,0.8125,0.5416666666666666,0.7027027027027027
external,Flickr,FaPlex,53,16,0.875,0.6086956521739131,0.7567567567567568
external,Flickr,FaPlex,54,16,0.875,0.6086956521739131,0.7567567567567568
external,Flickr,FaPlex,55,16,0.8125,0.5416666666666666,0.7027027027027027
external,Flickr,FaPlex,56,16,0.875,0.6086956521739131,0.7567567567567568
external,Flickr,FaPlex,57,16,0.875,0.6086956521739131,0.7567567567567568
external,Flickr,FaPlex,58,16,0.8125,0.5416666666666666,0.7027027027027027
external,Flickr,FaPlex,59,16,1.0,0.8,0.8888888888888888
external,Flickr,FaPlex,60,16,1.0,0.8,0.8888888888888888
external,Flickr,FaPlex,61,16,1.0,0.8,0.8888888888888888
external,Flickr,FaPlex,62,16,1.0,0.7619047619047619,0.8648648648648649
external,Flickr,FaPlex,63,16,1.0,0.7619047619047619,0.8648648648648649
external,Flickr,FaPlex,64,16,1.0,0.8,0.8888888888888888
external,Flickr,FaPlex,65,16,1.0,0.8,0.8888888888888888
external,Flickr,FaPlex,66,16,1.0,0.8,0.8888888888888888
external,Flickr,FaPlex,67,16,1.0,0.7619047619047619,0.8648648648648649
external,Flickr,FaPlex,68,16,0.9375,0.7142857142857143,0.8333333333333334
external,Flickr,FaPlex,69,16,1.0,0.8,0.8888888888888888
external,Flickr,FaPlex,70,16,1.0,0.8,0.8888888888888888
external,Flickr,FaPlex,71,16,1.0,0.8,0.8888888888888888
external,Flickr,FaPlex,72,16,1.0,0.8,0.8888888888888888
external,Flickr,FaPlex,73,16,1.0,0.8,0.8888888888888888
external,Flickr,FaPlex,74,15,0.7333333333333333,0.44,0.6111111111111112
external,Flickr,FaPlex,75,15,0.8,0.5,0.6666666666666666
external,Flickr,FaPlex,76,15,0.8,0.5,0.6666666666666666
external,Flickr,FaPlex,77,15,0.7333333333333333,0.44,0.6111111111111112
external,Flickr,FaPlex,78,15,0.7333333333333333,0.44,0.6111111111111112
external,Flickr,FaPlex,79,15,0.7333333333333333,0.44,0.6111111111111112
external,Flickr,FaPlex,80,15,0.8,0.5,0.6666666666666666
external,Flickr,FaPlex,81,15,0.8,0.5,0.6666666666666666
external,Flickr,FaPlex,82,15,0.8,0.5,0.6666666666666666
external,Flickr,FaPlex,83,15,0.7333333333333333,0.44,0.6111111111111112
external,Flickr,FaPlex,84,15,1.0,0.7142857142857143,0.8333333333333334
external,Flickr,FaPlex,85,15,1.0,0.75,0.8571428571428571
external,Flickr,FaPlex,86,15,1.0,0.75,0.8571428571428571
external,Flickr,FaPlex,87,15,1.0,0.75,0.8571428571428571
external,Flickr,FaPlex,88,15,0.9333333333333333,0.6666666666666666,0.8
external,Flickr,FaPlex,89,15,0.9333333333333333,0.6666666666666666,0.8
external,Flickr,FaPlex,90,15,0.9333333333333333,0.6666666666666666,0.8
external,Flickr,FaPlex,91,15,0.9333333333333333,0.6666666666666666,0.8
external,Flickr,FaPlex,92,15,1.0,0.75,0.8571428571428571
external,Flickr,FaPlex,93,14,0.9285714285714286,0.6190476190476191,0.7647058823529411
external,Flickr,FaPlex,94,14,0.7857142857142857,0.4583333333333333,0.6285714285714286
external,Flickr,FaPlex,95,14,0.7857142857142857,0.4583333333333333,0.6285714285714286
external,Flickr,FaPlex,96,14,0.7857142857142857,0.4583333333333333,0.6285714285714286
external,Flickr,FaPlex,97,14,0.7857142857142857,0.4583333333333333,0.6285714285714286
external,Flickr,FaPlex,98,14,0.7857142857142857,0.4583333333333333,0.6285714285714286
external,Flickr,FaPlex,99,14,0.7857142857142857,0.4583333333333333,0.6285714285714286
external,Flickr,FaPlex,100,14,0.7857142857142857,0.4583333333333333,0.6285714285714286
external,Flickr,FaPlex,101,14,0.8571428571428571,0.5454545454545454,0.7058823529411765
external,Flickr,FaPlex,102,14,0.8571428571428571,0.5454545454545454,0.7058823529411765
external,Flickr,FaPlex,103,14,0.9285714285714286,0.6190476190476191,0.7647058823529411
external,Flickr,FaPlex,104,14,0.9285714285714286,0.6190476190476191,0.7647058823529411
external,Flickr,FaPlex,105,14,0.8571428571428571,0.5454545454545454,0.7058823529411765
external,Flickr,FaPlex,106,14,0.8571428571428571,0.5454545454545454,0.7058823529411765
external,Flickr,FaPlex,107,14,0.8571428571428571,0.5454545454545454,0.7058823529411765
external,Flickr,FaPlex,108,14,0.8571428571428571,0.5454545454545454,0.7058823529411765
external,Flickr,FaPlex,109,14,0.8571428571428571,0.5454545454545454,0.7058823529411765
external,Flickr,FaPlex,110,14,0.8571428571428571,0.5454545454545454,0.7058823529411765
external,Flickr,FaPlex,111,14,0.8571428571428571,0.5454545454545454,0.7058823529411765
external,Flickr,FaPlex,112,14,0.8571428571428571,0.5454545454545454,0.7058823529411765
external,Flickr,FaPlex,113,14,0.8571428571428571,0.5454545454545454,0.7058823529411765
external,Flickr,FaPlex,114,14,0.8571428571428571,0.5454545454545454,0.7058823529411765
external,Flickr,FaPlex,115,14,0.9285714285714286,0.6190476190476191,0.7647058823529411
external,Flickr,FaPlex,116,14,0.8571428571428571,0.5454545454545454,0.7058823529411765
external,Flickr,FaPlex,117,14,0.8571428571428571,0.5454545454545454,0.7058823529411765
external,Flickr,FaPlex,118,14,0.9285714285714286,0.6190476190476191,0.7647058823529411
external,Flickr,FaPlex,119,14,0.9285714285714286,0.6190476190476191,0.7647058823529411
external,Flickr,FaPlex,120,14,0.9285714285714286,0.5909090909090909,0.7428571428571429
external,Flickr,FaPlex,121,14,0.9285714285714286,0.5909090909090909,0.7428571428571429
external,Flickr,FaPlex,122,14,0.9285714285714286,0.5909090909090909,0.7428571428571429
external,Flickr,FaPlex,123,14,0.9285714285714286,0.5909090909090909,0.7428571428571429
external,Flickr,FaPlex,124,14,0.9285714285714286,0.5909090909090909,0.7428571428571429
external,Flickr,FaPlex,125,14,0.9285714285714286,0.6190476190476191,0.7647058823529411
external,Flickr,FaPlex,126,14,0.9285714285714286,0.6190476190476191,0.7647058823529411
external,Flickr,FaPlex,127,14,0.8571428571428571,0.5454545454545454,0.7058823529411765
external,Flickr,FaPlex,128,14,0.9285714285714286,0.5909090909090909,0.7428571428571429
external,Flickr,FaPlex,129,14,0.9285714285714286,0.6190476190476191,0.7647058823529411
external,Flickr,FaPlex,130,13,0.9230769230769231,0.5454545454545454,0.7058823529411765
external,Flickr,FaPlex,131,13,0.8461538461538461,0.5,0.6666666666666666
external,Flickr,FaPlex,132,13,0.7692307692307693,0.4166666666666667,0.5882352941176471
external,Flickr,FaPlex,133,13,0.7692307692307693,0.4166666666666667,0.5882352941176471
external,Flickr,FaPlex,134,13,0.9230769230769231,0.5454545454545454,0.7058823529411765
external,Flickr,FaPlex,135,13,0.7692307692307693,0.4166666666666667,0.5882352941176471
external,Flickr,FaPlex,136,13,0.7692307692307693,0.4166666666666667,0.5882352941176471
external,Flickr,FaPlex,137,13,0.7692307692307693,0.4166666666666667,0.5882352941176471
external,Flickr,FaPlex,138,13,0.7692307692307693,0.4166666666666667,0.5882352941176471
external,Flickr,FaPlex,139,13,0.6923076923076923,0.36,0.5294117647058824
external,Flickr,FaPlex,140,13,0.7692307692307693,0.4166666666666667,0.5882352941176471
external,Flickr,FaPlex,141,13,0.6923076923076923,0.36,0.5294117647058824
external,Flickr,FaPlex,142,13,0.7692307692307693,0.4166666666666667,0.5882352941176471
external,Flickr,FaPlex,143,13,0.6923076923076923,0.36,0.5294117647058824
external,Flickr,FaPlex,144,13,0.7692307692307693,0.4166666666666667,0.5882352941176471
external,Flickr,FaPlex,145,13,0.9230769230769231,0.5714285714285714,0.7272727272727273
external,Flickr,FaPlex,146,13,0.9230769230769231,0.5714285714285714,0.7272727272727273
external,Flickr,FaPlex,147,13,0.9230769230769231,0.5714285714285714,0.7272727272727273
external,Flickr,FaPlex,148,13,0.9230769230769231,0.5714285714285714,0.7272727272727273
external,Flickr,FaPlex,149,13,0.9230769230769231,0.5714285714285714,0.7272727272727273
external,Flickr,FaPlex,150,13,0.9230769230769231,0.5714285714285714,0.7272727272727273
external,Flickr,FaPlex,151,13,0.9230769230769231,0.5714285714285714,0.7272727272727273
external,Flickr,FaPlex,152,13,0.9230769230769231,0.5714285714285714,0.7272727272727273
external,Flickr,FaPlex,153,13,0.8461538461538461,0.5,0.6666666666666666
external,Flickr,FaPlex,154,13,0.8461538461538461,0.5,0.6666666666666666
external,Flickr,FaPlex,155,13,0.8461538461538461,0.5,0.6666666666666666
external,Flickr,FaPlex,156,13,0.8461538461538461,0.5,0.6666666666666666
external,Flickr,FaPlex,157,13,0.8461538461538461,0.5,0.6666666666666666
external,Flickr,FaPlex,158,13,1.0,0.65,0.7878787878787878
external,Flickr,FaPlex,159,13,1.0,0.65,0.7878787878787878
external,Flickr,FaPlex,160,13,0.9230769230769231,0.5714285714285714,0.7272727272727273
external,Flickr,FaPlex,161,13,0.9230769230769231,0.5454545454545454,0.7058823529411765
external,Flickr,FaPlex,162,13,0.9230769230769231,0.5454545454545454,0.7058823529411765
external,Flickr,FaPlex,163,13,0.9230769230769231,0.5454545454545454,0.7058823529411765
external,Flickr,FaPlex,164,13,0.9230769230769231,0.5714285714285714,0.7272727272727273
external,Flickr,FaPlex,165,13,0.6923076923076923,0.36,0.5294117647058824
external,Flickr,FaPlex,166,13,0.8461538461538461,0.5,0.6666666666666666
external,Flickr,FaPlex,167,13,0.9230769230769231,0.5714285714285714,0.7272727272727273
external,Flickr,FaPlex,168,13,0.9230769230769231,0.5714285714285714,0.7272727272727273
external,Flickr,FaPlex,169,13,0.8461538461538461,0.5,0.6666666666666666
external,Flickr,FaPlex,170,13,0.8461538461538461,0.5,0.6666666666666666
external,Flickr,FaPlex,171,12,0.9166666666666666,0.5,0.6666666666666666
external,Flickr,FaPlex,172,12,0.9166666666666666,0.5,0.6666666666666666
external,Flickr,FaPlex,173,12,0.9166666666666666,0.5,0.6666666666666666
external,Flickr,FaPlex,174,12,0.9166666666666666,0.5,0.6666666666666666
external,Flickr,FaPlex,175,12,0.9166666666666666,0.5,0.6666666666666666
external,Flickr,FaPlex,176,12,0.9166666666666666,0.5,0.6666666666666666
external,Flickr,FaPlex,177,12,0.9166666666666666,0.5,0.6666666666666666
external,Flickr,FaPlex,178,12,0.9166666666666666,0.5,0.6666666666666666
external,Flickr,FaPlex,179,12,0.8333333333333334,0.45454545454545453,0.625
external,Flickr,FaPlex,180,12,0.8333333333333334,0.45454545454545453,0.625
external,Flickr,FaPlex,181,12,0.8333333333333334,0.45454545454545453,0.625
external,Flickr,FaPlex,182,12,0.8333333333333334,0.45454545454545453,0.625
external,Flickr,FaPlex,183,12,0.75,0.375,0.5454545454545454
external,Flickr,FaPlex,184,12,0.75,0.375,0.5454545454545454
external,Flickr,FaPlex,185,12,0.8333333333333334,0.45454545454545453,0.625
external,Flickr,FaPlex,186,12,0.8333333333333334,0.43478260869565216,0.6060606060606061
external,Flickr,FaPlex,187,12,0.8333333333333334,0.43478260869565216,0.6060606060606061
external,Flickr,FaPlex,188,12,0.75,0.375,0.5454545454545454
external,Flickr,FaPlex,189,12,0.75,0.375,0.5454545454545454
external,Flickr,FaPlex,190,12,0.75,0.375,0.5454545454545454
external,Flickr,FaPlex,191,12,0.8333333333333334,0.43478260869565216,0.6060606060606061
external,Flickr,FaPlex,192,12,0.75,0.375,0.5454545454545454
external,Flickr,FaPlex,193,12,0.6666666666666666,0.32,0.48484848484848486
external,Flickr,FaPlex,194,12,1.0,0.6,0.75
external,Flickr,FaPlex,195,12,0.9166666666666666,0.5238095238095238,0.6875
external,Flickr,FaPlex,196,12,0.9166666666666666,0.5238095238095238,0.6875
external,Flickr,FaPlex,197,12,1.0,0.6,0.75
external,Flickr,FaPlex,198,12,1.0,0.6,0.75
external,Flickr,FaPlex,199,12,0.9166666666666666,0.5238095238095238,0.6875
external,Flickr,FaPlex,200,12,0.8333333333333334,0.45454545454545453,0.625
external,Flickr,FaPlex,201,12,0.8333333333333334,0.45454545454545453,0.625
external,Flickr,FaPlex,202,12,0.8333333333333334,0.45454545454545453,0.625
external,Flickr,FaPlex,203,12,0.9166666666666666,0.5238095238095238,0.6875
external,Flickr,FaPlex,204,12,0.6666666666666666,0.3333333333333333,0.5
external,Flickr,FaPlex,205,12,0.6666666666666666,0.32,0.48484848484848486
external,Flickr,FaPlex,206,12,0.8333333333333334,0.45454545454545453,0.625
external,Flickr,FaPlex,207,12,0.8333333333333334,0.45454545454545453,0.625
external,Flickr,FaPlex,208,12,0.8333333333333334,0.45454545454545453,0.625
external,Flickr,FaPlex,209,12,0.8333333333333334,0.45454545454545453,0.625
external,Flickr,FaPlex,210,12,0.8333333333333334,0.45454545454545453,0.625
external,Flickr,FaPlex,211,11,0.8181818181818182,0.391304347826087,0.5625
external,Flickr,FaPlex,212,11,0.9090909090909091,0.47619047619047616,0.6451612903225806
external,Flickr,FaPlex,213,11,0.8181818181818182,0.391304347826087,0.5625
external,Flickr,FaPlex,214,11,0.7272727272727273,0.3333333333333333,0.5
external,Flickr,FaPlex,215,11,0.8181818181818182,0.391304347826087,0.5625
external,Flickr,FaPlex,216,11,0.8181818181818182,0.391304347826087,0.5625
external,Flickr,FaPlex,217,11,0.7272727272727273,0.3333333333333333,0.5
external,Flickr,FaPlex,218,11,0.8181818181818182,0.391304347826087,0.5625
external,Flickr,FaPlex,219,11,0.7272727272727273,0.3333333333333333,0.5
external,Flickr,FaPlex,220,11,0.8181818181818182,0.391304347826087,0.5625
external,Flickr,FaPlex,221,11,0.7272727272727273,0.3333333333333333,0.5
external,Flickr,FaPlex,222,11,0.9090909090909091,0.47619047619047616,0.6451612903225806
external,Flickr,FaPlex,223,11,1.0,0.55,0.7096774193548387
external,Flickr,FaPlex,224,11,0.9090909090909091,0.47619047619047616,0.6451612903225806
external,Flickr,FaPlex,225,11,0.9090909090909091,0.47619047619047616,0.6451612903225806
external,Flickr,FaPlex,226,11,0.8181818181818182,0.4090909090909091,0.5806451612903226
external,Flickr,FaPlex,227,11,0.8181818181818182,0.4090909090909091,0.5806451612903226
external,Flickr,FaPlex,228,11,0.9090909090909091,0.47619047619047616,0.6451612903225806
external,Flickr,FaPlex,229,11,0.7272727272727273,0.34782608695652173,0.5161290322580645
external,Flickr,FaPlex,230,11,0.8181818181818182,0.4090909090909091,0.5806451612903226
external,Flickr,FaPlex,231,11,0.9090909090909091,0.47619047619047616,0.6451612903225806
external,Flickr,FaPlex,232,11,0.9090909090909091,0.47619047619047616,0.6451612903225806
external,Flickr,FaPlex,233,11,0.9090909090909091,0.47619047619047616,0.6451612903225806
external,Flickr,FaPlex,234,11,0.9090909090909091,0.47619047619047616,0.6451612903225806
external,Flickr,FaPlex,235,11,0.7272727272727273,0.34782608695652173,0.5161290322580645
external,Flickr,FaPlex,236,11,0.8181818181818182,0.4090909090909091,0.5806451612903226
external,Flickr,FaPlex,237,11,0.8181818181818182,0.4090909090909091,0.5806451612903226
external,Flickr,FaPlex,238,11,0.8181818181818182,0.4090909090909091,0.5806451612903226
external,Flickr,FaPlex,239,11,0.9090909090909091,0.47619047619047616,0.6451612903225806
external,Flickr,FaPlex,240,11,0.9090909090909091,0.47619047619047616,0.6451612903225806
external,Flickr,FaPlex,241,11,0.9090909090909091,0.47619047619047616,0.6451612903225806
external,Flickr,FaPlex,242,11,0.9090909090909091,0.47619047619047616,0.6451612903225806
external,Flickr,FaPlex,243,11,0.9090909090909091,0.47619047619047616,0.6451612903225806
external,Flickr,FaPlex,244,11,0.6363636363636364,0.28,0.4375
external,Flickr,FaPlex,245,11,0.6363636363636364,0.2916666666666667,0.45161290322580644
external,Flickr,FaPlex,246,11,0.7272727272727273,0.3333333333333333,0.5
external,Flickr,FaPlex,247,11,0.6363636363636364,0.2916666666666667,0.45161290322580644
external,Flickr,FaPlex,248,10,0.0,0.0,0.0
external,Flickr,FaPlex,249,10,0.0,0.0,0.0
external,Flickr,FaPlex,250,10,0.8,0.34782608695652173,0.5161290322580645
external,Flickr,FaPlex,251,10,0.8,0.36363636363636365,0.5333333333333333
external,Flickr,FaPlex,252,10,0.7,0.30434782608695654,0.4666666666666667
external,Flickr,FaPlex,253,10,0.8,0.36363636363636365,0.5333333333333333
external,Flickr,FaPlex,254,10,0.8,0.36363636363636365,0.5333333333333333
external,Flickr,FaPlex,255,10,0.8,0.34782608695652173,0.5161290322580645
external,Flickr,FaPlex,256,10,0.8,0.36363636363636365,0.5333333333333333
external,Flickr,FaPlex,257,10,0.7,0.2916666666666667,0.45161290322580644
external,Flickr,FaPlex,258,10,0.7,0.2916666666666667,0.45161290322580644
external,Flickr,FaPlex,259,10,0.9,0.4090909090909091,0.5806451612903226
external,Flickr,FaPlex,260,10,0.7,0.2916666666666667,0.45161290322580644
external,Flickr,FaPlex,261,10,0.7,0.2916666666666667,0.45161290322580644
external,Flickr,FaPlex,262,10,0.9,0.42857142857142855,0.6
external,Flickr,FaPlex,263,10,1.0,0.5,0.6666666666666666
external,Flickr,FaPlex,264,10,0.8,0.36363636363636365,0.5333333333333333
external,Flickr,FaPlex,265,10,1.0,0.5,0.6666666666666666
external,Flickr,FaPlex,266,10,0.9,0.42857142857142855,0.6
external,Flickr,FaPlex,267,10,0.8,0.36363636363636365,0.5333333333333333
external,Flickr,FaPlex,268,10,0.8,0.36363636363636365,0.5333333333333333
external,Flickr,FaPlex,269,10,0.8,0.36363636363636365,0.5333333333333333
external,Flickr,FaPlex,270,10,0.9,0.42857142857142855,0.6
external,Flickr,FaPlex,271,10,0.9,0.42857142857142855,0.6
external,Flickr,FaPlex,272,10,0.8,0.36363636363636365,0.5333333333333333
external,Flickr,FaPlex,273,10,0.8,0.36363636363636365,0.5333333333333333
external,Flickr,FaPlex,274,10,0.7,0.30434782608695654,0.4666666666666667
external,Flickr,FaPlex,275,10,0.7,0.30434782608695654,0.4666666666666667
external,Flickr,FaPlex,276,10,0.7,0.30434782608695654,0.4666666666666667
external,Flickr,FaPlex,277,10,0.9,0.42857142857142855,0.6
external,Flickr,FaPlex,278,10,0.9,0.42857142857142855,0.6
external,Flickr,FaPlex,279,10,0.9,0.42857142857142855,0.6
external,Flickr,FaPlex,280,10,0.8,0.34782608695652173,0.5161290322580645
external,Flickr,FaPlex,281,10,0.6,0.25,0.4
external,Flickr,FaPlex,282,10,0.6,0.24,0.3870967741935484
